Date,WTI_Price,Brent_Price,NatGas_Price,USD_TWD,DXY,TWII,TSM_Price,COVID19,Ukraine_War,RedSea_Crisis,US_China_Trade,Geopolitical_Risk
2012-01-01,,,,,,,,0,0,0,0,0
2012-01-02,,,,29.461999893188477,,,,0,0,0,0,0
2012-01-03,102.95999908447266,112.12999725341797,2.993000030517578,29.54400062561035,79.61000061035156,7053.34814453125,9.090523719787598,0,0,0,0,0
2012-01-04,103.22000122070312,113.69999694824219,3.0959999561309814,30.239999771118164,80.08999633789062,7082.93798828125,9.008260726928711,0,0,0,0,0
2012-01-05,101.80999755859375,112.73999786376953,2.9800000190734863,30.299999237060547,80.94000244140625,7130.8271484375,9.090523719787598,0,0,0,0,0
2012-01-06,101.55999755859375,113.05999755859375,3.062000036239624,30.239999771118164,81.23999786376953,7120.47705078125,9.015113830566406,0,0,0,0,0
2012-01-07,101.55999755859375,113.05999755859375,3.062000036239624,30.239999771118164,81.23999786376953,7120.47705078125,9.015113830566406,0,0,0,0,0
2012-01-08,101.55999755859375,113.05999755859375,3.062000036239624,30.239999771118164,81.23999786376953,7120.47705078125,9.015113830566406,0,0,0,0,0
2012-01-09,101.30999755859375,112.44999694824219,3.010999917984009,29.639999389648438,81.05000305175781,7093.0078125,9.172794342041016,0,0,0,0,0
2012-01-10,102.23999786376953,113.27999877929688,2.940999984741211,30.1299991607666,80.80000305175781,7178.8369140625,9.440160751342773,0,0,0,0,0
2012-01-11,100.87000274658203,112.23999786376953,2.7739999294281006,30.024999618530273,81.3499984741211,7188.1767578125,9.364749908447266,0,0,0,0,0
2012-01-12,99.0999984741211,111.26000213623047,2.697000026702881,29.959999084472656,80.7699966430664,7186.546875,9.48129653930664,0,0,0,0,0
2012-01-13,98.69999694824219,110.44000244140625,2.6700000762939453,29.889999389648438,81.43000030517578,7181.5068359375,9.42645263671875,0,0,0,0,0
2012-01-14,98.69999694824219,110.44000244140625,2.6700000762939453,29.889999389648438,81.43000030517578,7181.5068359375,9.42645263671875,0,0,0,0,0
2012-01-15,98.69999694824219,110.44000244140625,2.6700000762939453,29.889999389648438,81.43000030517578,7181.5068359375,9.42645263671875,0,0,0,0,0
2012-01-16,98.69999694824219,110.44000244140625,2.6700000762939453,29.43199920654297,81.43000030517578,7103.587890625,9.42645263671875,0,0,0,0,0
2012-01-17,100.70999908447266,111.52999877929688,2.48799991607666,29.2549991607666,81.18000030517578,7221.046875,9.227639198303223,0,0,0,0,0
2012-01-18,100.58999633789062,110.66000366210938,2.4719998836517334,29.93000030517578,80.5999984741211,7233.65673828125,9.48129653930664,0,0,0,0,0
2012-01-19,100.38999938964844,111.55000305175781,2.322000026702881,29.950000762939453,80.20999908447266,7233.65673828125,9.77608871459961,0,0,0,0,0
2012-01-20,98.45999908447266,109.86000061035156,2.3429999351501465,29.011999130249023,80.22000122070312,7233.65673828125,9.577274322509766,0,0,0,0,0
2012-01-21,98.45999908447266,109.86000061035156,2.3429999351501465,29.011999130249023,80.22000122070312,7233.65673828125,9.577274322509766,0,0,0,0,0
2012-01-22,98.45999908447266,109.86000061035156,2.3429999351501465,29.011999130249023,80.22000122070312,7233.65673828125,9.577274322509766,0,0,0,0,0
2012-01-23,99.58000183105469,110.58000183105469,2.5250000953674316,29.08300018310547,79.69000244140625,7233.65673828125,9.604695320129395,0,0,0,0,0
2012-01-24,98.94999694824219,110.02999877929688,2.553999900817871,29.950000762939453,79.86000061035156,7233.65673828125,9.549853324890137,0,0,0,0,0
2012-01-25,99.4000015258789,109.80999755859375,2.7290000915527344,29.920000076293945,79.56999969482422,7233.65673828125,9.707530975341797,0,0,0,0,0
2012-01-26,99.69999694824219,110.79000091552734,2.6050000190734863,29.8700008392334,79.41000366210938,7233.65673828125,9.755520820617676,0,0,0,0,0
2012-01-27,99.55999755859375,111.45999908447266,2.677999973297119,30.350000381469727,78.9000015258789,7233.65673828125,9.673251152038574,0,0,0,0,0
2012-01-28,99.55999755859375,111.45999908447266,2.677999973297119,30.350000381469727,78.9000015258789,7233.65673828125,9.673251152038574,0,0,0,0,0
2012-01-29,99.55999755859375,111.45999908447266,2.677999973297119,30.350000381469727,78.9000015258789,7233.65673828125,9.673251152038574,0,0,0,0,0
2012-01-30,98.77999877929688,110.75,2.7130000591278076,28.951000213623047,79.16000366210938,7407.3759765625,9.58413028717041,0,0,0,0,0
2012-01-31,98.4800033569336,110.9800033569336,2.503000020980835,29.770000457763672,79.27999877929688,7517.04541015625,9.652685165405273,0,0,0,0,0
2012-02-01,97.61000061035156,111.55999755859375,2.381999969482422,29.510000228881836,78.91999816894531,7549.1748046875,9.728096961975098,0,0,0,0,0
2012-02-02,96.36000061035156,112.06999969482422,2.553999900817871,29.559999465942383,78.97000122070312,7652.4248046875,9.536140441894531,0,0,0,0,0
2012-02-03,97.83999633789062,114.58000183105469,2.499000072479248,29.469999313354492,78.94000244140625,7674.955078125,9.632120132446289,0,0,0,0,0
2012-02-04,97.83999633789062,114.58000183105469,2.499000072479248,29.469999313354492,78.94000244140625,7674.955078125,9.632120132446289,0,0,0,0,0
2012-02-05,97.83999633789062,114.58000183105469,2.499000072479248,29.469999313354492,78.94000244140625,7674.955078125,9.632120132446289,0,0,0,0,0
2012-02-06,96.91000366210938,115.93000030517578,2.549999952316284,29.469999313354492,79.08999633789062,7687.94482421875,9.590984344482422,0,0,0,0,0
2012-02-07,98.41000366210938,116.2300033569336,2.4719998836517334,29.610000610351562,78.56999969482422,7707.40478515625,9.632120132446289,0,0,0,0,0
2012-02-08,98.70999908447266,117.19999694824219,2.447999954223633,29.530000686645508,78.63999938964844,7869.87353515625,9.728096961975098,0,0,0,0,0
2012-02-09,99.83999633789062,118.58999633789062,2.4769999980926514,29.479999542236328,78.55999755859375,7910.74267578125,9.789798736572266,0,0,0,0,0
2012-02-10,98.66999816894531,117.30999755859375,2.4769999980926514,29.420000076293945,79.11000061035156,7862.2333984375,9.488151550292969,0,0,0,0,0
2012-02-11,98.66999816894531,117.30999755859375,2.4769999980926514,29.420000076293945,79.11000061035156,7862.2333984375,9.488151550292969,0,0,0,0,0
2012-02-12,98.66999816894531,117.30999755859375,2.4769999980926514,29.420000076293945,79.11000061035156,7862.2333984375,9.488151550292969,0,0,0,0,0
2012-02-13,100.91000366210938,117.93000030517578,2.430999994277954,29.559999465942383,78.94000244140625,7912.873046875,9.673251152038574,0,0,0,0,0
2012-02-14,100.73999786376953,118.16000366210938,2.5320000648498535,29.440000534057617,79.58000183105469,7884.04296875,9.72124195098877,0,0,0,0,0
2012-02-15,101.80000305175781,118.93000030517578,2.424999952316284,29.549999237060547,79.66999816894531,8005.20263671875,9.817216873168945,0,0,0,0,0
2012-02-16,102.30999755859375,120.11000061035156,2.566999912261963,29.489999771118164,79.33999633789062,7869.66357421875,9.961187362670898,0,0,0,0,0
2012-02-17,103.23999786376953,119.58000183105469,2.684000015258789,29.559999465942383,79.33000183105469,7894.32275390625,10.02288818359375,0,0,0,0,0
2012-02-18,103.23999786376953,119.58000183105469,2.684000015258789,29.559999465942383,79.33000183105469,7894.32275390625,10.02288818359375,0,0,0,0,0
2012-02-19,103.23999786376953,119.58000183105469,2.684000015258789,29.559999465942383,79.33000183105469,7894.32275390625,10.02288818359375,0,0,0,0,0
2012-02-20,103.23999786376953,119.58000183105469,2.684000015258789,29.530000686645508,79.33000183105469,7954.78271484375,10.02288818359375,0,0,0,0,0
2012-02-21,105.83999633789062,121.66000366210938,2.625999927520752,29.510000228881836,79.04000091552734,7921.462890625,9.858354568481445,0,0,0,0,0
2012-02-22,106.27999877929688,122.9000015258789,2.6429998874664307,29.510000228881836,79.20999908447266,8001.642578125,9.926909446716309,0,0,0,0,0
2012-02-23,107.83000183105469,123.62000274658203,2.621000051498413,29.540000915527344,78.80999755859375,7937.2626953125,9.693819046020508,0,0,0,0,0
2012-02-24,109.7699966430664,125.47000122070312,2.549999952316284,29.540000915527344,78.3499984741211,7959.302734375,9.851496696472168,0,0,0,0,0
2012-02-25,109.7699966430664,125.47000122070312,2.549999952316284,29.540000915527344,78.3499984741211,7959.302734375,9.851496696472168,0,0,0,0,0
2012-02-26,109.7699966430664,125.47000122070312,2.549999952316284,29.540000915527344,78.3499984741211,7959.302734375,9.851496696472168,0,0,0,0,0
2012-02-27,108.55999755859375,124.16999816894531,2.446000099182129,29.520000457763672,78.55999755859375,7959.302734375,9.865208625793457,0,0,0,0,0
2012-02-28,106.55000305175781,121.55000305175781,2.5190000534057617,29.56999969482422,78.2699966430664,7959.302734375,10.070878028869629,0,0,0,0,0
2012-02-29,107.06999969482422,122.66000366210938,2.615999937057495,29.549999237060547,78.7300033569336,8121.40234375,9.95433235168457,0,0,0,0,0
2012-03-01,108.83999633789062,126.19999694824219,2.4630000591278076,29.34000015258789,78.77999877929688,8118.30224609375,10.036600112915039,0,0,0,0,0
2012-03-02,106.69999694824219,123.6500015258789,2.4839999675750732,29.360000610351562,79.4000015258789,8144.00244140625,10.002321243286133,0,0,0,0,0
2012-03-03,106.69999694824219,123.6500015258789,2.4839999675750732,29.360000610351562,79.4000015258789,8144.00244140625,10.002321243286133,0,0,0,0,0
2012-03-04,106.69999694824219,123.6500015258789,2.4839999675750732,29.360000610351562,79.4000015258789,8144.00244140625,10.002321243286133,0,0,0,0,0
2012-03-05,106.72000122070312,123.80000305175781,2.3550000190734863,29.440000534057617,79.31999969482422,8004.70263671875,9.824075698852539,0,0,0,0,0
2012-03-06,104.69999694824219,121.9800033569336,2.3559999465942383,29.479999542236328,79.86000061035156,7937.93310546875,9.707530975341797,0,0,0,0,0
2012-03-07,106.16000366210938,124.12000274658203,2.302000045776367,29.540000915527344,79.70999908447266,7903.04296875,9.872065544128418,0,0,0,0,0
2012-03-08,106.58000183105469,125.44000244140625,2.2720000743865967,29.510000228881836,79.16000366210938,7984.5224609375,10.016031265258789,0,0,0,0,0
2012-03-09,107.4000015258789,125.9800033569336,2.3239998817443848,29.489999771118164,80.04000091552734,8015.97216796875,10.00917911529541,0,0,0,0,0
2012-03-10,107.4000015258789,125.9800033569336,2.3239998817443848,29.489999771118164,80.04000091552734,8015.97216796875,10.00917911529541,0,0,0,0,0
2012-03-11,107.4000015258789,125.9800033569336,2.3239998817443848,29.489999771118164,80.04000091552734,8015.97216796875,10.00917911529541,0,0,0,0,0
2012-03-12,106.33999633789062,125.33999633789062,2.2690000534057617,29.399999618530273,79.87000274658203,7927.5126953125,9.872065544128418,0,0,0,0,0
2012-03-13,106.70999908447266,126.22000122070312,2.2990000247955322,29.489999771118164,80.19000244140625,8031.47216796875,10.194279670715332,0,0,0,0,0
2012-03-14,105.43000030517578,124.97000122070312,2.2839999198913574,29.489999771118164,80.55999755859375,8125.22216796875,10.153145790100098,0,0,0,0,0
2012-03-15,105.11000061035156,123.55000305175781,2.2790000438690186,29.479999542236328,80.1500015258789,8121.58251953125,10.242265701293945,0,0,0,0,0
2012-03-16,107.05999755859375,125.80999755859375,2.3259999752044678,29.520000457763672,79.77999877929688,8054.90234375,10.139433860778809,0,0,0,0,0
2012-03-17,107.05999755859375,125.80999755859375,2.3259999752044678,29.520000457763672,79.77999877929688,8054.90234375,10.139433860778809,0,0,0,0,0
2012-03-18,107.05999755859375,125.80999755859375,2.3259999752044678,29.520000457763672,79.77999877929688,8054.90234375,10.139433860778809,0,0,0,0,0
2012-03-19,108.08999633789062,125.70999908447266,2.3510000705718994,29.5,79.44999694824219,8043.88232421875,10.393089294433594,0,0,0,0,0
2012-03-20,105.61000061035156,124.12000274658203,2.3350000381469727,29.489999771118164,79.58999633789062,7972.6630859375,10.242265701293945,0,0,0,0,0
2012-03-21,107.2699966430664,124.19999694824219,2.359999895095825,29.530000686645508,79.62999725341797,7981.90234375,10.427369117736816,0,0,0,0,0
2012-03-22,105.3499984741211,123.13999938964844,2.2690000534057617,29.530000686645508,79.73999786376953,8059.90234375,10.303970336914062,0,0,0,0,0
2012-03-23,106.87000274658203,125.12999725341797,2.2750000953674316,29.549999237060547,79.33999633789062,8076.572265625,10.2765474319458,0,0,0,0,0
2012-03-24,106.87000274658203,125.12999725341797,2.2750000953674316,29.549999237060547,79.33999633789062,8076.572265625,10.2765474319458,0,0,0,0,0
2012-03-25,106.87000274658203,125.12999725341797,2.2750000953674316,29.549999237060547,79.33999633789062,8076.572265625,10.2765474319458,0,0,0,0,0
2012-03-26,107.02999877929688,125.6500015258789,2.2260000705718994,29.540000915527344,78.93000030517578,7967.5830078125,10.543912887573242,0,0,0,0,0
2012-03-27,107.33000183105469,125.54000091552734,2.2079999446868896,29.610000610351562,79.04000091552734,8029.42236328125,10.537057876586914,0,0,0,0,0
2012-03-28,105.41000366210938,124.16000366210938,2.190999984741211,29.530000686645508,79.16000366210938,8038.0322265625,10.406801223754883,0,0,0,0,0
2012-03-29,102.77999877929688,122.38999938964844,2.1489999294281006,29.510000228881836,79.18000030517578,7872.62353515625,10.338244438171387,0,0,0,0,0
2012-03-30,103.0199966430664,122.87999725341797,2.125999927520752,29.540000915527344,78.93000030517578,7932.962890625,10.475358009338379,0,0,0,0,0
2012-03-31,103.0199966430664,122.87999725341797,2.125999927520752,29.540000915527344,78.93000030517578,7932.962890625,10.475358009338379,0,0,0,0,0
2012-04-01,103.0199966430664,122.87999725341797,2.125999927520752,29.540000915527344,78.93000030517578,7932.962890625,10.475358009338379,0,0,0,0,0
2012-04-02,105.2300033569336,125.43000030517578,2.1519999504089355,29.489999771118164,78.81999969482422,7862.86328125,10.557623863220215,0,0,0,0,0
2012-04-03,104.01000213623047,124.86000061035156,2.187000036239624,29.459999084472656,79.4800033569336,7760.814453125,10.434225082397461,0,0,0,0,0
2012-04-04,101.47000122070312,122.33999633789062,2.1410000324249268,29.450000762939453,79.76000213623047,7760.814453125,10.283402442932129,0,0,0,0,0
2012-04-05,103.30999755859375,123.43000030517578,2.0889999866485596,29.459999084472656,80.06999969482422,7639.78466796875,10.447933197021484,0,0,0,0,0
2012-04-06,103.30999755859375,123.43000030517578,2.0889999866485596,29.469999313354492,80.06999969482422,7706.224609375,10.447933197021484,0,0,0,0,0
2012-04-07,103.30999755859375,123.43000030517578,2.0889999866485596,29.469999313354492,80.06999969482422,7706.224609375,10.447933197021484,0,0,0,0,0
2012-04-08,103.30999755859375,123.43000030517578,2.0889999866485596,29.469999313354492,80.06999969482422,7706.224609375,10.447933197021484,0,0,0,0,0
2012-04-09,102.45999908447266,122.66999816894531,2.1070001125335693,29.510000228881836,79.7300033569336,7600.8349609375,10.187420845031738,0,0,0,0,0
2012-04-10,101.0199966430664,119.87999725341797,2.0309998989105225,29.510000228881836,79.88999938964844,7640.64501953125,10.02288818359375,0,0,0,0,0
2012-04-11,102.69999694824219,120.18000030517578,1.9839999675750732,29.520000457763672,79.77999877929688,7656.634765625,10.139433860778809,0,0,0,0,0
2012-04-12,103.63999938964844,121.70999908447266,1.9830000400543213,29.510000228881836,79.27999877929688,7662.884765625,10.228554725646973,0,0,0,0,0
2012-04-13,102.83000183105469,121.83000183105469,1.9809999465942383,29.489999771118164,79.87999725341797,7788.234375,10.351957321166992,0,0,0,0,0
2012-04-14,102.83000183105469,121.83000183105469,1.9809999465942383,29.489999771118164,79.87999725341797,7788.234375,10.351957321166992,0,0,0,0,0
2012-04-15,102.83000183105469,121.83000183105469,1.9809999465942383,29.489999771118164,79.87999725341797,7788.234375,10.351957321166992,0,0,0,0,0
2012-04-16,102.93000030517578,118.68000030517578,2.0160000324249268,29.489999771118164,79.55000305175781,7729.82470703125,10.351957321166992,0,0,0,0,0
2012-04-17,104.19999694824219,118.77999877929688,1.9509999752044678,29.479999542236328,79.47000122070312,7585.8349609375,10.427369117736816,0,0,0,0,0
2012-04-18,102.66999816894531,117.97000122070312,1.9509999752044678,29.479999542236328,79.52999877929688,7604.96484375,10.475358009338379,0,0,0,0,0
2012-04-19,102.2699966430664,118.0,1.906999945640564,29.469999313354492,79.55999755859375,7622.65478515625,10.454791069030762,0,0,0,0,0
2012-04-20,103.05000305175781,118.76000213623047,1.9270000457763672,29.469999313354492,79.18000030517578,7507.11572265625,10.358813285827637,0,0,0,0,0
2012-04-21,103.05000305175781,118.76000213623047,1.9270000457763672,29.469999313354492,79.18000030517578,7507.11572265625,10.358813285827637,0,0,0,0,0
2012-04-22,103.05000305175781,118.76000213623047,1.9270000457763672,29.469999313354492,79.18000030517578,7507.11572265625,10.358813285827637,0,0,0,0,0
2012-04-23,103.11000061035156,118.70999908447266,2.006999969482422,29.469999313354492,79.41999816894531,7481.0556640625,10.207987785339355,0,0,0,0,0
2012-04-24,103.55000305175781,118.16000366210938,1.975000023841858,29.469999313354492,79.22000122070312,7498.8056640625,10.187420845031738,0,0,0,0,0
2012-04-25,104.12000274658203,119.12000274658203,2.068000078201294,29.459999084472656,79.01000213623047,7563.14501953125,10.221700668334961,0,0,0,0,0
2012-04-26,104.55000305175781,119.91999816894531,2.0360000133514404,29.43000030517578,78.91000366210938,7521.3154296875,10.845560073852539,0,0,0,0,0
2012-04-27,104.93000030517578,119.83000183105469,2.186000108718872,29.309999465942383,78.69999694824219,7480.4658203125,11.071792602539062,0,0,0,0,0
2012-04-28,104.93000030517578,119.83000183105469,2.186000108718872,29.309999465942383,78.69999694824219,7480.4658203125,11.071792602539062,0,0,0,0,0
2012-04-29,104.93000030517578,119.83000183105469,2.186000108718872,29.309999465942383,78.69999694824219,7480.4658203125,11.071792602539062,0,0,0,0,0
2012-04-30,104.87000274658203,119.47000122070312,2.2850000858306885,29.209999084472656,78.79000091552734,7501.68603515625,10.681028366088867,0,0,0,0,0
2012-05-01,106.16000366210938,119.66000366210938,2.371000051498413,29.1299991607666,78.86000061035156,7501.68603515625,10.646747589111328,0,0,0,0,0
2012-05-02,105.22000122070312,118.19999694824219,2.253000020980835,29.110000610351562,79.12999725341797,7676.77490234375,11.037517547607422,0,0,0,0,0
2012-05-03,102.54000091552734,116.08000183105469,2.3399999141693115,29.200000762939453,79.22000122070312,7659.49462890625,10.763291358947754,0,0,0,0,0
2012-05-04,98.48999786376953,113.18000030517578,2.2790000438690186,29.209999084472656,79.47000122070312,7700.9150390625,10.585047721862793,0,0,0,0,0
2012-05-05,98.48999786376953,113.18000030517578,2.2790000438690186,29.209999084472656,79.47000122070312,7700.9150390625,10.585047721862793,0,0,0,0,0
2012-05-06,98.48999786376953,113.18000030517578,2.2790000438690186,29.209999084472656,79.47000122070312,7700.9150390625,10.585047721862793,0,0,0,0,0
2012-05-07,97.94000244140625,113.16000366210938,2.3359999656677246,29.209999084472656,79.5999984741211,7538.04541015625,10.571333885192871,0,0,0,0,0
2012-05-08,97.01000213623047,112.7300033569336,2.3929998874664307,29.309999465942383,79.7300033569336,7545.6748046875,10.393089294433594,0,0,0,0,0
2012-05-09,96.80999755859375,113.19999694824219,2.4649999141693115,29.299999237060547,80.08000183105469,7475.67578125,10.372522354125977,0,0,0,0,0
2012-05-10,97.08000183105469,112.7300033569336,2.486999988555908,29.329999923706055,80.11000061035156,7483.9755859375,10.550768852233887,0,0,0,0,0
2012-05-11,96.12999725341797,112.26000213623047,2.509000062942505,29.329999923706055,80.27999877929688,7401.3359375,10.550768852233887,0,0,0,0,0
2012-05-12,96.12999725341797,112.26000213623047,2.509000062942505,29.329999923706055,80.27999877929688,7401.3359375,10.550768852233887,0,0,0,0,0
2012-05-13,96.12999725341797,112.26000213623047,2.509000062942505,29.329999923706055,80.27999877929688,7401.3359375,10.550768852233887,0,0,0,0,0
2012-05-14,94.77999877929688,111.56999969482422,2.430999994277954,29.3700008392334,80.5999984741211,7377.14599609375,10.338244438171387,0,0,0,0,0
2012-05-15,93.9800033569336,112.23999786376953,2.5,29.459999084472656,81.22000122070312,7395.60595703125,10.139433860778809,0,0,0,0,0
2012-05-16,92.80999755859375,111.70999908447266,2.618000030517578,29.559999465942383,81.37000274658203,7234.53662109375,10.228554725646973,0,0,0,0,0
2012-05-17,92.55999755859375,107.48999786376953,2.5940001010894775,29.579999923706055,81.37999725341797,7356.736328125,10.077730178833008,0,0,0,0,0
2012-05-18,91.4800033569336,107.13999938964844,2.742000102996826,29.510000228881836,81.29000091552734,7151.1572265625,9.789798736572266,0,0,0,0,0
2012-05-19,91.4800033569336,107.13999938964844,2.742000102996826,29.510000228881836,81.29000091552734,7151.1572265625,9.789798736572266,0,0,0,0,0
2012-05-20,91.4800033569336,107.13999938964844,2.742000102996826,29.510000228881836,81.29000091552734,7151.1572265625,9.789798736572266,0,0,0,0,0
2012-05-21,92.56999969482422,108.80999755859375,2.6089999675750732,29.540000915527344,81.08000183105469,7192.19677734375,9.88577651977539,0,0,0,0,0
2012-05-22,91.66000366210938,108.41000366210938,2.7070000171661377,29.479999542236328,81.66999816894531,7274.8564453125,9.872065544128418,0,0,0,0,0
2012-05-23,89.9000015258789,105.55999755859375,2.736999988555908,29.5,82.08999633789062,7147.71728515625,9.652685165405273,0,0,0,0,0
2012-05-24,90.66000366210938,106.55000305175781,2.6470000743865967,29.530000686645508,82.29000091552734,7124.857421875,9.570418357849121,0,0,0,0,0
2012-05-25,90.86000061035156,106.83000183105469,2.568000078201294,29.549999237060547,82.4000015258789,7071.59814453125,9.58413028717041,0,0,0,0,0
2012-05-26,90.86000061035156,106.83000183105469,2.568000078201294,29.549999237060547,82.4000015258789,7071.59814453125,9.58413028717041,0,0,0,0,0
2012-05-27,90.86000061035156,106.83000183105469,2.568000078201294,29.549999237060547,82.4000015258789,7071.59814453125,9.58413028717041,0,0,0,0,0
2012-05-28,90.86000061035156,106.83000183105469,2.568000078201294,29.59000015258789,82.4000015258789,7135.96728515625,9.58413028717041,0,0,0,0,0
2012-05-29,90.76000213623047,106.68000030517578,2.428999900817871,29.59000015258789,82.44000244140625,7342.25634765625,9.700674057006836,0,0,0,0,0
2012-05-30,87.81999969482422,103.47000122070312,2.4179999828338623,29.600000381469727,83.01000213623047,7261.76611328125,9.549853324890137,0,0,0,0,0
2012-05-31,86.52999877929688,101.87000274658203,2.421999931335449,29.719999313354492,83.04000091552734,7301.46630859375,9.412739753723145,0,0,0,0,0
2012-06-01,83.2300033569336,98.43000030517578,2.3259999752044678,29.829999923706055,82.88999938964844,7106.0576171875,8.953414916992188,0,0,0,0,0
2012-06-02,83.2300033569336,98.43000030517578,2.3259999752044678,29.829999923706055,82.88999938964844,7106.0576171875,8.953414916992188,0,0,0,0,0
2012-06-03,83.2300033569336,98.43000030517578,2.3259999752044678,29.829999923706055,82.88999938964844,7106.0576171875,8.953414916992188,0,0,0,0,0
2012-06-04,83.9800033569336,98.8499984741211,2.4149999618530273,29.889999389648438,82.55000305175781,6894.62841796875,8.925992012023926,0,0,0,0,0
2012-06-05,84.29000091552734,98.83999633789062,2.446000099182129,29.979999542236328,82.80000305175781,7000.41845703125,9.056244850158691,0,0,0,0,0
2012-06-06,85.0199966430664,100.63999938964844,2.4210000038146973,29.950000762939453,82.31999969482422,7056.1181640625,9.255061149597168,0,0,0,0,0
2012-06-07,84.81999969482422,99.93000030517578,2.2739999294281006,29.81999969482422,82.05000305175781,7080.27783203125,9.282480239868164,0,0,0,0,0
2012-06-08,84.0999984741211,99.47000122070312,2.2990000247955322,29.799999237060547,82.51000213623047,6999.6181640625,9.227639198303223,0,0,0,0,0
2012-06-09,84.0999984741211,99.47000122070312,2.2990000247955322,29.799999237060547,82.51000213623047,6999.6181640625,9.227639198303223,0,0,0,0,0
2012-06-10,84.0999984741211,99.47000122070312,2.2990000247955322,29.799999237060547,82.51000213623047,6999.6181640625,9.227639198303223,0,0,0,0,0
2012-06-11,82.69999694824219,98.0,2.2179999351501465,29.940000534057617,82.51000213623047,7120.197265625,9.193359375,0,0,0,0,0
2012-06-12,83.31999969482422,97.13999938964844,2.2320001125335693,29.889999389648438,82.41000366210938,7072.04833984375,9.392172813415527,0,0,0,0,0
2012-06-13,82.62000274658203,97.12999725341797,2.184999942779541,29.93000030517578,82.05000305175781,7088.7978515625,9.289337158203125,0,0,0,0,0
2012-06-14,83.91000366210938,97.02999877929688,2.494999885559082,29.93000030517578,81.9000015258789,7075.06787109375,9.234496116638184,0,0,0,0,0
2012-06-15,84.02999877929688,97.61000061035156,2.4670000076293945,29.959999084472656,81.58999633789062,7155.79736328125,9.371606826782227,0,0,0,0,0
2012-06-16,84.02999877929688,97.61000061035156,2.4670000076293945,29.959999084472656,81.58999633789062,7155.79736328125,9.371606826782227,0,0,0,0,0
2012-06-17,84.02999877929688,97.61000061035156,2.4670000076293945,29.959999084472656,81.58999633789062,7155.79736328125,9.371606826782227,0,0,0,0,0
2012-06-18,83.2699966430664,96.05000305175781,2.634999990463257,29.8700008392334,81.94000244140625,7281.46630859375,9.570418357849121,0,0,0,0,0
2012-06-19,84.02999877929688,95.76000213623047,2.5450000762939453,29.8799991607666,81.37000274658203,7273.09619140625,9.673251152038574,0,0,0,0,0
2012-06-20,81.80000305175781,92.69000244140625,2.5169999599456787,29.829999923706055,81.48999786376953,7334.59619140625,9.68696403503418,0,0,0,0,0
2012-06-21,78.19999694824219,89.2300033569336,2.5820000171661377,29.829999923706055,82.31999969482422,7279.01611328125,9.309905052185059,0,0,0,0,0
2012-06-22,79.76000213623047,90.9800033569336,2.625,29.829999923706055,82.22000122070312,7222.0166015625,9.48129653930664,0,0,0,0,0
2012-06-23,79.76000213623047,90.9800033569336,2.625,29.829999923706055,82.22000122070312,7222.0166015625,9.48129653930664,0,0,0,0,0
2012-06-24,79.76000213623047,90.9800033569336,2.625,29.829999923706055,82.22000122070312,7222.0166015625,9.48129653930664,0,0,0,0,0
2012-06-25,79.20999908447266,91.01000213623047,2.694000005722046,29.90999984741211,82.45999908447266,7166.34716796875,9.172794342041016,0,0,0,0,0
2012-06-26,79.36000061035156,93.0199966430664,2.7669999599456787,29.93000030517578,82.37000274658203,7137.8974609375,9.12480354309082,0,0,0,0,0
2012-06-27,80.20999908447266,93.5,2.7739999294281006,29.93000030517578,82.55999755859375,7182.9765625,9.282480239868164,0,0,0,0,0
2012-06-28,77.69000244140625,91.36000061035156,2.7219998836517334,29.889999389648438,82.66999816894531,7169.57666015625,9.213927268981934,0,0,0,0,0
2012-06-29,84.95999908447266,97.80000305175781,2.8239998817443848,29.90999984741211,81.6500015258789,7296.24609375,9.570418357849121,0,0,0,0,0
2012-06-30,84.95999908447266,97.80000305175781,2.8239998817443848,29.90999984741211,81.6500015258789,7296.24609375,9.570418357849121,0,0,0,0,0
2012-07-01,84.95999908447266,97.80000305175781,2.8239998817443848,29.90999984741211,81.6500015258789,7296.24609375,9.570418357849121,0,0,0,0,0
2012-07-02,83.75,97.33999633789062,2.8239998817443848,29.809999465942383,81.87000274658203,7345.12646484375,9.782942771911621,0,0,0,0,0
2012-07-03,87.66000366210938,100.68000030517578,2.8989999294281006,29.84000015258789,81.77999877929688,7418.32568359375,9.899486541748047,0,0,0,0,0
2012-07-04,87.66000366210938,100.68000030517578,2.8989999294281006,29.84000015258789,81.77999877929688,7422.5556640625,9.899486541748047,0,0,0,0,0
2012-07-05,87.22000122070312,100.69999694824219,2.944999933242798,29.809999465942383,82.80999755859375,7387.74560546875,9.694934844970703,0,0,0,0,0
2012-07-06,84.44999694824219,98.19000244140625,2.7760000228881836,29.84000015258789,83.29000091552734,7368.55615234375,9.588397026062012,0,0,0,0,0
2012-07-07,84.44999694824219,98.19000244140625,2.7760000228881836,29.84000015258789,83.29000091552734,7368.55615234375,9.588397026062012,0,0,0,0,0
2012-07-08,84.44999694824219,98.19000244140625,2.7760000228881836,29.84000015258789,83.29000091552734,7368.55615234375,9.588397026062012,0,0,0,0,0
2012-07-09,85.98999786376953,100.31999969482422,2.882999897003174,29.8799991607666,83.16000366210938,7309.92626953125,9.588397026062012,0,0,0,0,0
2012-07-10,83.91000366210938,97.97000122070312,2.736999988555908,29.920000076293945,83.36000061035156,7251.31640625,9.432140350341797,0,0,0,0,0
2012-07-11,85.80999755859375,100.2300033569336,2.8529999256134033,29.920000076293945,83.56999969482422,7257.87646484375,9.33980655670166,0,0,0,0,0
2012-07-12,86.08000183105469,101.06999969482422,2.874000072479248,29.920000076293945,83.6500015258789,7130.8974609375,9.091222763061523,0,0,0,0,0
2012-07-13,87.0999984741211,102.4000015258789,2.874000072479248,30.0,83.30000305175781,7104.23779296875,9.155142784118652,0,0,0,0,0
2012-07-14,87.0999984741211,102.4000015258789,2.874000072479248,30.0,83.30000305175781,7104.23779296875,9.155142784118652,0,0,0,0,0
2012-07-15,87.0999984741211,102.4000015258789,2.874000072479248,30.0,83.30000305175781,7104.23779296875,9.155142784118652,0,0,0,0,0
2012-07-16,88.43000030517578,103.55000305175781,2.8010001182556152,29.959999084472656,83.08999633789062,7090.0078125,8.998888969421387,0,0,0,0,0
2012-07-17,89.22000122070312,104.0,2.7960000038146973,29.950000762939453,83.02999877929688,7126.96728515625,9.013092041015625,0,0,0,0,0
2012-07-18,89.87000274658203,105.16000366210938,2.9730000495910645,29.93000030517578,82.94999694824219,7049.01806640625,9.332704544067383,0,0,0,0,0
2012-07-19,92.66000366210938,107.80000305175781,2.999000072479248,29.950000762939453,82.9000015258789,7148.537109375,9.133833885192871,0,0,0,0,0
2012-07-20,91.44000244140625,106.83000183105469,3.0810000896453857,29.940000534057617,83.47000122070312,7164.6474609375,8.984683990478516,0,0,0,0,0
2012-07-21,91.44000244140625,106.83000183105469,3.0810000896453857,29.940000534057617,83.47000122070312,7164.6474609375,8.984683990478516,0,0,0,0,0
2012-07-22,91.44000244140625,106.83000183105469,3.0810000896453857,29.940000534057617,83.47000122070312,7164.6474609375,8.984683990478516,0,0,0,0,0
2012-07-23,88.13999938964844,103.26000213623047,3.117000102996826,29.969999313354492,83.70999908447266,7028.6982421875,9.077013969421387,0,0,0,0,0
2012-07-24,88.5,103.41999816894531,3.187000036239624,30.059999465942383,84.01000213623047,7008.318359375,9.169347763061523,0,0,0,0,0
2012-07-25,88.97000122070312,104.37999725341797,3.069999933242798,30.100000381469727,83.5199966430664,6979.09814453125,9.240370750427246,0,0,0,0,0
2012-07-26,89.38999938964844,105.26000213623047,3.1050000190734863,30.1200008392334,82.80999755859375,6970.658203125,9.488965034484863,0,0,0,0,0
2012-07-27,90.12999725341797,106.47000122070312,3.009999990463257,30.06999969482422,82.70999908447266,7124.45751953125,9.716241836547852,0,0,0,0,0
2012-07-28,90.12999725341797,106.47000122070312,3.009999990463257,30.06999969482422,82.70999908447266,7124.45751953125,9.716241836547852,0,0,0,0,0
2012-07-29,90.12999725341797,106.47000122070312,3.009999990463257,30.06999969482422,82.70999908447266,7124.45751953125,9.716241836547852,0,0,0,0,0
2012-07-30,89.77999877929688,106.19999694824219,3.2139999866485596,30.020000457763672,82.79000091552734,7158.84716796875,9.581294059753418,0,0,0,0,0
2012-07-31,88.05999755859375,104.91999816894531,3.2090001106262207,30.020000457763672,82.63999938964844,7270.45654296875,9.92221450805664,0,0,0,0,0
2012-08-01,88.91000366210938,105.95999908447266,3.1710000038146973,29.940000534057617,83.05999755859375,7267.92626953125,9.858290672302246,0,0,0,0,0
2012-08-02,87.12999725341797,105.9000015258789,2.9200000762939453,29.93000030517578,83.33000183105469,7267.92626953125,9.851186752319336,0,0,0,0,0
2012-08-03,91.4000015258789,108.94000244140625,2.877000093460083,29.940000534057617,82.37999725341797,7217.4765625,10.071368217468262,0,0,0,0,0
2012-08-04,91.4000015258789,108.94000244140625,2.877000093460083,29.940000534057617,82.37999725341797,7217.4765625,10.071368217468262,0,0,0,0,0
2012-08-05,91.4000015258789,108.94000244140625,2.877000093460083,29.940000534057617,82.37999725341797,7217.4765625,10.071368217468262,0,0,0,0,0
2012-08-06,92.19999694824219,109.55000305175781,2.9079999923706055,29.860000610351562,82.2699966430664,7286.29638671875,10.113983154296875,0,0,0,0,0
2012-08-07,93.66999816894531,112.0,2.9639999866485596,29.920000076293945,82.20999908447266,7295.42626953125,10.064266204833984,0,0,0,0,0
2012-08-08,93.3499984741211,112.13999938964844,2.933000087738037,29.93000030517578,82.38999938964844,7319.76611328125,10.0074462890625,0,0,0,0,0
2012-08-09,93.36000061035156,113.22000122070312,2.944999933242798,29.940000534057617,82.63999938964844,7433.666015625,10.177906036376953,0,0,0,0,0
2012-08-10,92.87000274658203,112.94999694824219,2.7699999809265137,29.899999618530273,82.55000305175781,7441.0859375,10.291545867919922,0,0,0,0,0
2012-08-11,92.87000274658203,112.94999694824219,2.7699999809265137,29.899999618530273,82.55000305175781,7441.0859375,10.291545867919922,0,0,0,0,0
2012-08-12,92.87000274658203,112.94999694824219,2.7699999809265137,29.899999618530273,82.55000305175781,7441.0859375,10.291545867919922,0,0,0,0,0
2012-08-13,92.7300033569336,113.5999984741211,2.7290000915527344,29.93000030517578,82.44000244140625,7436.265625,10.163702011108398,0,0,0,0,0
2012-08-14,93.43000030517578,114.02999877929688,2.8340001106262207,29.969999313354492,82.4800033569336,7479.2158203125,10.22762393951416,0,0,0,0,0
2012-08-15,94.33000183105469,116.25,2.747999906539917,29.940000534057617,82.6500015258789,7467.7060546875,10.241827964782715,0,0,0,0,0
2012-08-16,95.5999984741211,116.9000015258789,2.7239999771118164,29.959999084472656,82.36000061035156,7490.17578125,10.263134956359863,0,0,0,0,0
2012-08-17,96.01000213623047,113.70999908447266,2.7190001010894775,29.969999313354492,82.5999984741211,7467.8857421875,10.22762393951416,0,0,0,0,0
2012-08-18,96.01000213623047,113.70999908447266,2.7190001010894775,29.969999313354492,82.5999984741211,7467.8857421875,10.22762393951416,0,0,0,0,0
2012-08-19,96.01000213623047,113.70999908447266,2.7190001010894775,29.969999313354492,82.5999984741211,7467.8857421875,10.22762393951416,0,0,0,0,0
2012-08-20,95.97000122070312,113.69999694824219,2.7760000228881836,29.969999313354492,82.45999908447266,7431.8759765625,10.298649787902832,0,0,0,0,0
2012-08-21,96.68000030517578,114.63999938964844,2.7750000953674316,29.969999313354492,81.91000366210938,7506.77587890625,10.405186653137207,0,0,0,0,0
2012-08-22,97.26000213623047,114.91000366210938,2.8259999752044678,29.02199935913086,81.48999786376953,7496.5458984375,10.22762393951416,0,0,0,0,0
2012-08-23,96.2699966430664,115.01000213623047,2.802000045776367,29.93000030517578,81.36000061035156,7505.1357421875,10.177906036376953,0,0,0,0,0
2012-08-24,96.1500015258789,113.58999633789062,2.7019999027252197,29.93000030517578,81.58999633789062,7477.49560546875,10.206315040588379,0,0,0,0,0
2012-08-25,96.1500015258789,113.58999633789062,2.7019999027252197,29.93000030517578,81.58999633789062,7477.49560546875,10.206315040588379,0,0,0,0,0
2012-08-26,96.1500015258789,113.58999633789062,2.7019999027252197,29.93000030517578,81.58999633789062,7477.49560546875,10.206315040588379,0,0,0,0,0
2012-08-27,95.47000122070312,112.26000213623047,2.6530001163482666,29.93000030517578,81.66000366210938,7468.18603515625,10.213417053222656,0,0,0,0,0
2012-08-28,96.33000183105469,112.58000183105469,2.614000082015991,29.93000030517578,81.37000274658203,7361.90625,10.163702011108398,0,0,0,0,0
2012-08-29,95.48999786376953,112.54000091552734,2.634000062942505,29.93000030517578,81.55000305175781,7391.11572265625,10.19211196899414,0,0,0,0,0
2012-08-30,94.62000274658203,112.6500015258789,2.747999906539917,29.90999984741211,81.68000030517578,7371.40625,10.121085166931152,0,0,0,0,0
2012-08-31,96.47000122070312,114.56999969482422,2.7990000247955322,29.920000076293945,81.25,7397.02587890625,10.440698623657227,0,0,0,0,0
2012-09-01,96.47000122070312,114.56999969482422,2.7990000247955322,29.920000076293945,81.25,7397.02587890625,10.440698623657227,0,0,0,0,0
2012-09-02,96.47000122070312,114.56999969482422,2.7990000247955322,29.920000076293945,81.25,7397.02587890625,10.440698623657227,0,0,0,0,0
2012-09-03,96.47000122070312,114.56999969482422,2.7990000247955322,29.8700008392334,81.25,7450.49560546875,10.440698623657227,0,0,0,0,0
2012-09-04,95.30000305175781,114.18000030517578,2.8540000915527344,29.84000015258789,81.31999969482422,7451.31591796875,10.213417053222656,0,0,0,0,0
2012-09-05,95.36000061035156,113.08999633789062,2.7950000762939453,29.81999969482422,81.23999786376953,7367.40625,10.071368217468262,0,0,0,0,0
2012-09-06,95.52999877929688,113.48999786376953,2.7760000228881836,29.829999923706055,81.08000183105469,7326.6865234375,10.234724044799805,0,0,0,0,0
2012-09-07,96.41999816894531,114.25,2.681999921798706,29.75,80.25,7424.8759765625,10.30575180053711,0,0,0,0,0
2012-09-08,96.41999816894531,114.25,2.681999921798706,29.75,80.25,7424.8759765625,10.30575180053711,0,0,0,0,0
2012-09-09,96.41999816894531,114.25,2.681999921798706,29.75,80.25,7424.8759765625,10.30575180053711,0,0,0,0,0
2012-09-10,96.54000091552734,114.80999755859375,2.812000036239624,29.729999542236328,80.36000061035156,7482.7060546875,10.440698623657227,0,0,0,0,0
2012-09-11,97.16999816894531,115.4000015258789,2.992000102996826,29.65999984741211,79.86000061035156,7485.095703125,10.596952438354492,0,0,0,0,0
2012-09-12,97.01000213623047,115.95999908447266,3.062999963760376,29.600000381469727,79.73999786376953,7570.4150390625,10.632467269897461,0,0,0,0,0
2012-09-13,98.30999755859375,116.9000015258789,3.0369999408721924,29.579999923706055,79.26000213623047,7578.7646484375,10.67508316040039,0,0,0,0,0
2012-09-14,99.0,116.9000015258789,2.943000078201294,29.600000381469727,78.8499984741211,7738.01416015625,10.909466743469238,0,0,0,0,0
2012-09-15,99.0,116.9000015258789,2.943000078201294,29.600000381469727,78.8499984741211,7738.01416015625,10.909466743469238,0,0,0,0,0
2012-09-16,99.0,116.9000015258789,2.943000078201294,29.600000381469727,78.8499984741211,7738.01416015625,10.909466743469238,0,0,0,0,0
2012-09-17,96.62000274658203,116.9000015258789,2.865000009536743,29.329999923706055,79.01000213623047,7762.1845703125,10.646674156188965,0,0,0,0,0
2012-09-18,95.29000091552734,112.02999877929688,2.7730000019073486,29.280000686645508,79.25,7734.224609375,10.717698097229004,0,0,0,0,0
2012-09-19,91.9800033569336,108.19000244140625,2.76200008392334,29.31999969482422,79.05999755859375,7781.87451171875,10.682184219360352,0,0,0,0,0
2012-09-20,91.87000274658203,110.02999877929688,2.796999931335449,29.329999923706055,79.41000366210938,7727.5146484375,10.511723518371582,0,0,0,0,0
2012-09-21,92.88999938964844,111.41999816894531,2.884999990463257,29.350000381469727,79.33000183105469,7754.55419921875,10.511723518371582,0,0,0,0,0
2012-09-22,92.88999938964844,111.41999816894531,2.884999990463257,29.350000381469727,79.33000183105469,7754.55419921875,10.511723518371582,0,0,0,0,0
2012-09-23,92.88999938964844,111.41999816894531,2.884999990463257,29.350000381469727,79.33000183105469,7754.55419921875,10.511723518371582,0,0,0,0,0
2012-09-24,91.93000030517578,109.80999755859375,2.8369998931884766,29.290000915527344,79.5199966430664,7768.26416015625,10.533028602600098,0,0,0,0,0
2012-09-25,91.37000274658203,110.44999694824219,2.9240000247955322,29.350000381469727,79.55000305175781,7734.0947265625,10.511723518371582,0,0,0,0,0
2012-09-26,89.9800033569336,110.04000091552734,3.0230000019073486,29.309999465942383,79.88999938964844,7669.5947265625,10.646674156188965,0,0,0,0,0
2012-09-27,91.8499984741211,112.01000213623047,3.296999931335449,29.3799991607666,79.55000305175781,7683.7646484375,11.079924583435059,0,0,0,0,0
2012-09-28,92.19000244140625,112.38999938964844,3.319999933242798,29.31999969482422,79.94000244140625,7715.125,11.236181259155273,0,0,0,0,0
2012-09-29,92.19000244140625,112.38999938964844,3.319999933242798,29.31999969482422,79.94000244140625,7715.125,11.236181259155273,0,0,0,0,0
2012-09-30,92.19000244140625,112.38999938964844,3.319999933242798,29.31999969482422,79.94000244140625,7715.125,11.236181259155273,0,0,0,0,0
2012-10-01,92.4800033569336,112.19000244140625,3.4800000190734863,29.290000915527344,79.81999969482422,7675.68505859375,11.293002128601074,0,0,0,0,0
2012-10-02,91.88999938964844,111.56999969482422,3.5309998989105225,29.290000915527344,79.73999786376953,7718.64501953125,11.364026069641113,0,0,0,0,0
2012-10-03,88.13999938964844,108.16999816894531,3.3949999809265137,29.270000457763672,79.97000122070312,7684.5947265625,11.399539947509766,0,0,0,0,0
2012-10-04,91.70999908447266,112.58000183105469,3.4059998989105225,29.299999237060547,79.3499984741211,7682.3046875,11.477664947509766,0,0,0,0,0
2012-10-05,89.87999725341797,112.0199966430664,3.3959999084472656,29.270000457763672,79.33999633789062,7690.61474609375,11.41374397277832,0,0,0,0,0
2012-10-06,89.87999725341797,112.0199966430664,3.3959999084472656,29.270000457763672,79.33999633789062,7690.61474609375,11.41374397277832,0,0,0,0,0
2012-10-07,89.87999725341797,112.0199966430664,3.3959999084472656,29.270000457763672,79.33999633789062,7690.61474609375,11.41374397277832,0,0,0,0,0
2012-10-08,89.33000183105469,111.81999969482422,3.4030001163482666,29.219999313354492,79.54000091552734,7615.85498046875,11.030207633972168,0,0,0,0,0
2012-10-09,92.38999938964844,114.5,3.4670000076293945,29.280000686645508,79.94999694824219,7591.974609375,10.909466743469238,0,0,0,0,0
2012-10-10,91.25,114.33000183105469,3.4749999046325684,29.280000686645508,79.91999816894531,7591.974609375,10.739004135131836,0,0,0,0,0
2012-10-11,92.06999969482422,115.70999908447266,3.6040000915527344,29.299999237060547,79.77999877929688,7451.68603515625,10.67508316040039,0,0,0,0,0
2012-10-12,91.86000061035156,114.62000274658203,3.6110000610351562,29.260000228881836,79.69000244140625,7437.005859375,10.739004135131836,0,0,0,0,0
2012-10-13,91.86000061035156,114.62000274658203,3.6110000610351562,29.260000228881836,79.69000244140625,7437.005859375,10.739004135131836,0,0,0,0,0
2012-10-14,91.86000061035156,114.62000274658203,3.6110000610351562,29.260000228881836,79.69000244140625,7437.005859375,10.739004135131836,0,0,0,0,0
2012-10-15,91.8499984741211,115.80000305175781,3.4860000610351562,29.200000762939453,79.73999786376953,7418.86572265625,10.859748840332031,0,0,0,0,0
2012-10-16,92.08999633789062,115.06999969482422,3.437000036239624,29.219999313354492,79.37000274658203,7470.98583984375,10.973386764526367,0,0,0,0,0
2012-10-17,92.12000274658203,115.06999969482422,3.4700000286102295,29.170000076293945,79.0199966430664,7464.36572265625,11.079924583435059,0,0,0,0,0
2012-10-18,92.0999984741211,115.06999969482422,3.5869998931884766,29.15999984741211,79.37000274658203,7465.3759765625,11.044414520263672,0,0,0,0,0
2012-10-19,90.05000305175781,110.13999938964844,3.617000102996826,29.200000762939453,79.63999938964844,7408.7255859375,10.810029983520508,0,0,0,0,0
2012-10-20,90.05000305175781,110.13999938964844,3.617000102996826,29.200000762939453,79.63999938964844,7408.7255859375,10.810029983520508,0,0,0,0,0
2012-10-21,90.05000305175781,110.13999938964844,3.617000102996826,29.200000762939453,79.63999938964844,7408.7255859375,10.810029983520508,0,0,0,0,0
2012-10-22,88.7300033569336,109.44000244140625,3.4519999027252197,29.209999084472656,79.6500015258789,7373.005859375,10.888155937194824,0,0,0,0,0
2012-10-23,86.66999816894531,108.25,3.5350000858306885,29.229999542236328,79.9800033569336,7337.4462890625,10.810029983520508,0,0,0,0,0
2012-10-24,85.7300033569336,107.8499984741211,3.450000047683716,29.299999237060547,79.97000122070312,7314.84619140625,10.760313987731934,0,0,0,0,0
2012-10-25,86.05000305175781,108.48999786376953,3.434000015258789,29.260000228881836,80.04000091552734,7262.04638671875,10.923670768737793,0,0,0,0,0
2012-10-26,86.27999877929688,109.55000305175781,3.4000000953674316,29.219999313354492,80.06999969482422,7134.02734375,11.00890064239502,0,0,0,0,0
2012-10-27,86.27999877929688,109.55000305175781,3.4000000953674316,29.219999313354492,80.06999969482422,7134.02734375,11.00890064239502,0,0,0,0,0
2012-10-28,86.27999877929688,109.55000305175781,3.4000000953674316,29.219999313354492,80.06999969482422,7134.02734375,11.00890064239502,0,0,0,0,0
2012-10-29,86.27999877929688,109.55000305175781,3.4000000953674316,29.209999084472656,80.06999969482422,7091.6376953125,11.00890064239502,0,0,0,0,0
2012-10-30,86.27999877929688,109.55000305175781,3.4000000953674316,29.239999771118164,80.06999969482422,7182.556640625,11.00890064239502,0,0,0,0,0
2012-10-31,86.23999786376953,108.69999694824219,3.691999912261963,29.18000030517578,79.91999816894531,7166.01708984375,11.293002128601074,0,0,0,0,0
2012-11-01,87.08999633789062,108.16999816894531,3.6989998817443848,29.209999084472656,80.05000305175781,7179.60693359375,11.442154884338379,0,0,0,0,0
2012-11-02,84.86000061035156,105.68000030517578,3.553999900817871,29.209999084472656,80.58999633789062,7210.43701171875,11.200668334960938,0,0,0,0,0
2012-11-03,84.86000061035156,105.68000030517578,3.553999900817871,29.209999084472656,80.58999633789062,7210.43701171875,11.200668334960938,0,0,0,0,0
2012-11-04,84.86000061035156,105.68000030517578,3.553999900817871,29.209999084472656,80.58999633789062,7210.43701171875,11.200668334960938,0,0,0,0,0
2012-11-05,85.6500015258789,107.7300033569336,3.553999900817871,29.18000030517578,80.75,7185.32666015625,11.278794288635254,0,0,0,0,0
2012-11-06,88.70999908447266,111.06999969482422,3.617000102996826,29.219999313354492,80.61000061035156,7236.64697265625,11.506074905395508,0,0,0,0,0
2012-11-07,84.44000244140625,106.81999969482422,3.578000068664551,29.219999313354492,80.76000213623047,7287.146484375,11.48476791381836,0,0,0,0,0
2012-11-08,85.08999633789062,107.25,3.6080000400543213,29.09000015258789,80.79000091552734,7242.5966796875,11.456355094909668,0,0,0,0,0
2012-11-09,86.06999969482422,109.4000015258789,3.503000020980835,29.110000610351562,81.02999877929688,7293.1865234375,11.619715690612793,0,0,0,0,0
2012-11-10,86.06999969482422,109.4000015258789,3.503000020980835,29.110000610351562,81.02999877929688,7293.1865234375,11.619715690612793,0,0,0,0,0
2012-11-11,86.06999969482422,109.4000015258789,3.503000020980835,29.110000610351562,81.02999877929688,7293.1865234375,11.619715690612793,0,0,0,0,0
2012-11-12,85.56999969482422,109.06999969482422,3.569999933242798,28.959999084472656,81.04000091552734,7267.71630859375,11.683638572692871,0,0,0,0,0
2012-11-13,85.37999725341797,108.26000213623047,3.739000082015991,28.989999771118164,81.08000183105469,7136.01708984375,11.491869926452637,0,0,0,0,0
2012-11-14,86.31999969482422,109.61000061035156,3.759999990463257,28.969999313354492,81.05999755859375,7159.71728515625,11.307205200195312,0,0,0,0,0
2012-11-15,85.44999694824219,110.9800033569336,3.703000068664551,29.0,81.08000183105469,7143.80712890625,11.399539947509766,0,0,0,0,0
2012-11-16,86.66999816894531,110.9800033569336,3.7899999618530273,29.059999465942383,81.26000213623047,7130.037109375,11.498973846435547,0,0,0,0,0
2012-11-17,86.66999816894531,110.9800033569336,3.7899999618530273,29.059999465942383,81.26000213623047,7130.037109375,11.498973846435547,0,0,0,0,0
2012-11-18,86.66999816894531,110.9800033569336,3.7899999618530273,29.059999465942383,81.26000213623047,7130.037109375,11.498973846435547,0,0,0,0,0
2012-11-19,89.27999877929688,110.83999633789062,3.7190001010894775,29.1200008392334,80.87000274658203,7129.00732421875,11.605512619018555,0,0,0,0,0
2012-11-20,86.75,109.83000183105469,3.8320000171661377,29.139999389648438,80.95999908447266,7145.7373046875,11.541589736938477,0,0,0,0,0
2012-11-21,87.37999725341797,110.86000061035156,3.9030001163482666,29.100000381469727,80.93000030517578,7088.4580078125,11.548688888549805,0,0,0,0,0
2012-11-22,87.37999725341797,110.86000061035156,3.9030001163482666,29.110000610351562,80.93000030517578,7105.7275390625,11.548688888549805,0,0,0,0,0
2012-11-23,88.27999877929688,111.37999725341797,3.9010000228881836,29.100000381469727,80.19000244140625,7325.97607421875,11.960636138916016,0,0,0,0,0
2012-11-24,88.27999877929688,111.37999725341797,3.9010000228881836,29.100000381469727,80.19000244140625,7325.97607421875,11.960636138916016,0,0,0,0,0
2012-11-25,88.27999877929688,111.37999725341797,3.9010000228881836,29.100000381469727,80.19000244140625,7325.97607421875,11.960636138916016,0,0,0,0,0
2012-11-26,87.73999786376953,110.91999816894531,3.7300000190734863,29.100000381469727,80.25,7407.3359375,11.804381370544434,0,0,0,0,0
2012-11-27,87.18000030517578,109.87000274658203,3.7690000534057617,29.059999465942383,80.4000015258789,7430.166015625,11.953532218933105,0,0,0,0,0
2012-11-28,86.48999786376953,109.51000213623047,3.696000099182129,29.09000015258789,80.33999633789062,7434.89599609375,12.003252029418945,0,0,0,0,0
2012-11-29,88.06999969482422,110.76000213623047,3.6480000019073486,29.110000610351562,80.19999694824219,7503.515625,12.166610717773438,0,0,0,0,0
2012-11-30,88.91000366210938,111.2300033569336,3.561000108718872,29.059999465942383,80.1500015258789,7580.134765625,12.266046524047852,0,0,0,0,0
2012-12-01,88.91000366210938,111.2300033569336,3.561000108718872,29.059999465942383,80.1500015258789,7580.134765625,12.266046524047852,0,0,0,0,0
2012-12-02,88.91000366210938,111.2300033569336,3.561000108718872,29.059999465942383,80.1500015258789,7580.134765625,12.266046524047852,0,0,0,0,0
2012-12-03,89.08999633789062,110.91999816894531,3.5910000801086426,29.049999237060547,79.87999725341797,7599.875,12.131097793579102,0,0,0,0,0
2012-12-04,88.5,109.83999633789062,3.5390000343322754,29.040000915527344,79.63999938964844,7600.94482421875,11.896714210510254,0,0,0,0,0
2012-12-05,87.87999725341797,108.80999755859375,3.700000047683716,29.059999465942383,79.7699966430664,7649.0146484375,12.045865058898926,0,0,0,0,0
2012-12-06,86.26000213623047,107.02999877929688,3.6659998893737793,29.059999465942383,80.26000213623047,7623.224609375,12.109789848327637,0,0,0,0,0
2012-12-07,85.93000030517578,107.0199966430664,3.5510001182556152,29.049999237060547,80.41999816894531,7642.224609375,12.095587730407715,0,0,0,0,0
2012-12-08,85.93000030517578,107.0199966430664,3.5510001182556152,29.049999237060547,80.41999816894531,7642.224609375,12.095587730407715,0,0,0,0,0
2012-12-09,85.93000030517578,107.0199966430664,3.5510001182556152,29.049999237060547,80.41999816894531,7642.224609375,12.095587730407715,0,0,0,0,0
2012-12-10,85.55999755859375,107.33000183105469,3.4600000381469727,29.030000686645508,80.33000183105469,7609.46484375,11.989047050476074,0,0,0,0,0
2012-12-11,85.79000091552734,108.01000213623047,3.4119999408721924,29.079999923706055,80.05999755859375,7613.65478515625,12.20922565460205,0,0,0,0,0
2012-12-12,86.7699966430664,109.5,3.381999969482422,29.049999237060547,79.88999938964844,7690.15478515625,12.116894721984863,0,0,0,0,0
2012-12-13,85.88999938964844,107.91000366210938,3.3469998836517334,29.020000457763672,79.93000030517578,7757.05419921875,12.15240478515625,0,0,0,0,0
2012-12-14,86.7300033569336,109.1500015258789,3.313999891281128,29.040000915527344,79.5999984741211,7698.73486328125,12.038763999938965,0,0,0,0,0
2012-12-15,86.7300033569336,109.1500015258789,3.313999891281128,29.040000915527344,79.5999984741211,7698.73486328125,12.038763999938965,0,0,0,0,0
2012-12-16,86.7300033569336,109.1500015258789,3.313999891281128,29.040000915527344,79.5999984741211,7698.73486328125,12.038763999938965,0,0,0,0,0
2012-12-17,87.19999694824219,109.1500015258789,3.3580000400543213,29.030000686645508,79.56999969482422,7631.24462890625,12.03166389465332,0,0,0,0,0
2012-12-18,87.93000030517578,109.1500015258789,3.4179999828338623,29.030000686645508,79.36000061035156,7643.705078125,12.06007194519043,0,0,0,0,0
2012-12-19,89.51000213623047,110.36000061035156,3.319999933242798,29.020000457763672,79.25,7677.43505859375,12.138197898864746,0,0,0,0,0
2012-12-20,90.12999725341797,110.19999694824219,3.4619998931884766,29.030000686645508,79.26000213623047,7595.4248046875,12.145304679870605,0,0,0,0,0
2012-12-21,88.66000366210938,108.97000122070312,3.4509999752044678,29.020000457763672,79.62000274658203,7519.8955078125,12.038763999938965,0,0,0,0,0
2012-12-22,88.66000366210938,108.97000122070312,3.4509999752044678,29.020000457763672,79.62000274658203,7519.8955078125,12.038763999938965,0,0,0,0,0
2012-12-23,88.66000366210938,108.97000122070312,3.4509999752044678,29.020000457763672,79.62000274658203,7519.8955078125,12.038763999938965,0,0,0,0,0
2012-12-24,88.61000061035156,108.80000305175781,3.3459999561309814,29.030000686645508,79.63999938964844,7535.4853515625,12.02455997467041,0,0,0,0,0
2012-12-25,88.61000061035156,108.80000305175781,3.3459999561309814,29.020000457763672,79.63999938964844,7636.53466796875,12.02455997467041,0,0,0,0,0
2012-12-26,90.9800033569336,111.06999969482422,3.3919999599456787,29.030000686645508,79.62000274658203,7634.15478515625,12.017460823059082,0,0,0,0,0
2012-12-27,90.87000274658203,110.80000305175781,3.3540000915527344,29.020000457763672,79.62000274658203,7648.375,12.06007194519043,0,0,0,0,0
2012-12-28,90.80000305175781,110.62000274658203,3.4690001010894775,29.030000686645508,79.68000030517578,7699.46484375,12.166610717773438,0,0,0,0,0
2012-12-29,90.80000305175781,110.62000274658203,3.4690001010894775,29.030000686645508,79.68000030517578,7699.46484375,12.166610717773438,0,0,0,0,0
2012-12-30,90.80000305175781,110.62000274658203,3.4690001010894775,29.030000686645508,79.68000030517578,7699.46484375,12.166610717773438,0,0,0,0,0
2012-12-31,91.81999969482422,111.11000061035156,3.3510000705718994,29.020000457763672,79.7699966430664,7699.46484375,12.187920570373535,0,0,0,0,0
2013-01-01,91.81999969482422,111.11000061035156,3.3510000705718994,29.020000457763672,79.7699966430664,7699.46484375,12.187920570373535,0,0,0,0,0
2013-01-02,93.12000274658203,112.47000122070312,3.2330000400543213,29.040000915527344,79.8499984741211,7779.1845703125,12.85555362701416,0,0,0,0,0
2013-01-03,92.91999816894531,112.13999938964844,3.197999954223633,28.989999771118164,80.43000030517578,7836.8037109375,12.8484525680542,0,0,0,0,0
2013-01-04,93.08999633789062,111.30999755859375,3.2869999408721924,28.959999084472656,80.5,7805.95458984375,12.756117820739746,0,0,0,0,0
2013-01-05,93.08999633789062,111.30999755859375,3.2869999408721924,28.959999084472656,80.5,7805.95458984375,12.756117820739746,0,0,0,0,0
2013-01-06,93.08999633789062,111.30999755859375,3.2869999408721924,28.959999084472656,80.5,7805.95458984375,12.756117820739746,0,0,0,0,0
2013-01-07,93.19000244140625,111.4000015258789,3.2660000324249268,29.020000457763672,80.26000213623047,7755.05419921875,12.571455001831055,0,0,0,0,0
2013-01-08,93.1500015258789,111.94000244140625,3.2179999351501465,28.979999542236328,80.3499984741211,7721.625,12.457816123962402,0,0,0,0,0
2013-01-09,93.0999984741211,111.76000213623047,3.11299991607666,29.010000228881836,80.55999755859375,7738.6044921875,12.457816123962402,0,0,0,0,0
2013-01-10,93.81999969482422,111.88999938964844,3.193000078201294,28.969999313354492,79.73999786376953,7811.6044921875,12.912375450134277,0,0,0,0,0
2013-01-11,93.55999755859375,110.63999938964844,3.3269999027252197,28.950000762939453,79.55999755859375,7819.1142578125,12.891067504882812,0,0,0,0,0
2013-01-12,93.55999755859375,110.63999938964844,3.3269999027252197,28.950000762939453,79.55999755859375,7819.1142578125,12.891067504882812,0,0,0,0,0
2013-01-13,93.55999755859375,110.63999938964844,3.3269999027252197,28.950000762939453,79.55999755859375,7819.1142578125,12.891067504882812,0,0,0,0,0
2013-01-14,94.13999938964844,111.87999725341797,3.372999906539917,28.920000076293945,79.48999786376953,7823.93408203125,12.791632652282715,0,0,0,0,0
2013-01-15,93.27999877929688,110.30000305175781,3.4549999237060547,28.940000534057617,79.77999877929688,7764.984375,12.706403732299805,0,0,0,0,0
2013-01-16,94.23999786376953,110.61000061035156,3.434999942779541,28.950000762939453,79.80000305175781,7700.39501953125,12.642476081848145,0,0,0,0,0
2013-01-17,95.48999786376953,110.61000061035156,3.49399995803833,28.959999084472656,79.6500015258789,7616.60498046875,12.969195365905762,0,0,0,0,0
2013-01-18,95.55999755859375,110.61000061035156,3.565999984741211,28.959999084472656,80.05000305175781,7732.8349609375,12.883966445922852,0,0,0,0,0
2013-01-19,95.55999755859375,110.61000061035156,3.565999984741211,28.959999084472656,80.05000305175781,7732.8349609375,12.883966445922852,0,0,0,0,0
2013-01-20,95.55999755859375,110.61000061035156,3.565999984741211,28.959999084472656,80.05000305175781,7732.8349609375,12.883966445922852,0,0,0,0,0
2013-01-21,95.55999755859375,110.61000061035156,3.565999984741211,28.90999984741211,80.05000305175781,7724.884765625,12.883966445922852,0,0,0,0,0
2013-01-22,96.23999786376953,112.41999816894531,3.558000087738037,28.950000762939453,79.87000274658203,7759.064453125,12.898171424865723,0,0,0,0,0
2013-01-23,95.2300033569336,112.80000305175781,3.553999900817871,28.989999771118164,79.91999816894531,7744.14453125,12.976297378540039,0,0,0,0,0
2013-01-24,95.94999694824219,113.27999877929688,3.446000099182129,28.989999771118164,79.94999694824219,7695.955078125,12.649576187133789,0,0,0,0,0
2013-01-25,95.87999725341797,113.27999877929688,3.444000005722046,29.079999923706055,79.75,7672.544921875,12.60696792602539,0,0,0,0,0
2013-01-26,95.87999725341797,113.27999877929688,3.444000005722046,29.079999923706055,79.75,7672.544921875,12.60696792602539,0,0,0,0,0
2013-01-27,95.87999725341797,113.27999877929688,3.444000005722046,29.079999923706055,79.75,7672.544921875,12.60696792602539,0,0,0,0,0
2013-01-28,96.44000244140625,113.4800033569336,3.2890000343322754,29.190000534057617,79.77999877929688,7714.634765625,12.44360637664795,0,0,0,0,0
2013-01-29,97.56999969482422,114.36000061035156,3.2260000705718994,29.510000228881836,79.55999755859375,7801.96435546875,12.614068984985352,0,0,0,0,0
2013-01-30,97.94000244140625,114.9000015258789,3.3350000381469727,29.440000534057617,79.27999877929688,7832.94384765625,12.642476081848145,0,0,0,0,0
2013-01-31,97.48999786376953,115.55000305175781,3.3389999866485596,29.510000228881836,79.20999908447266,7849.98388671875,12.599862098693848,0,0,0,0,0
2013-02-01,97.7699966430664,116.76000213623047,3.3010001182556152,29.520000457763672,79.12999725341797,7855.93359375,12.834248542785645,0,0,0,0,0
2013-02-02,97.7699966430664,116.76000213623047,3.3010001182556152,29.520000457763672,79.12999725341797,7855.93359375,12.834248542785645,0,0,0,0,0
2013-02-03,97.7699966430664,116.76000213623047,3.3010001182556152,29.520000457763672,79.12999725341797,7855.93359375,12.834248542785645,0,0,0,0,0
2013-02-04,96.16999816894531,115.5999984741211,3.315000057220459,29.59000015258789,79.55000305175781,7923.123046875,12.713502883911133,0,0,0,0,0
2013-02-05,96.63999938964844,116.5199966430664,3.3989999294281006,29.56999969482422,79.48999786376953,7886.90283203125,12.912375450134277,0,0,0,0,0
2013-02-06,96.62000274658203,116.7300033569336,3.4179999828338623,29.520000457763672,79.72000122070312,7906.61279296875,12.81293773651123,0,0,0,0,0
2013-02-07,95.83000183105469,117.23999786376953,3.2850000858306885,29.59000015258789,80.19000244140625,7906.61279296875,12.997604370117188,0,0,0,0,0
2013-02-08,95.72000122070312,118.9000015258789,3.2720000743865967,29.600000381469727,80.25,7906.61279296875,13.104144096374512,0,0,0,0,0
2013-02-09,95.72000122070312,118.9000015258789,3.2720000743865967,29.600000381469727,80.25,7906.61279296875,13.104144096374512,0,0,0,0,0
2013-02-10,95.72000122070312,118.9000015258789,3.2720000743865967,29.600000381469727,80.25,7906.61279296875,13.104144096374512,0,0,0,0,0
2013-02-11,97.02999877929688,118.12999725341797,3.2790000438690186,29.719999313354492,80.30999755859375,7906.61279296875,13.125452041625977,0,0,0,0,0
2013-02-12,97.51000213623047,118.66000366210938,3.2300000190734863,29.719999313354492,80.11000061035156,7906.61279296875,13.139657974243164,0,0,0,0,0
2013-02-13,97.01000213623047,118.72000122070312,3.305999994277954,29.68000030517578,80.08999633789062,7906.61279296875,13.075733184814453,0,0,0,0,0
2013-02-14,97.30999755859375,118.58000183105469,3.1630001068115234,29.670000076293945,80.45999908447266,7906.61279296875,13.189375877380371,0,0,0,0,0
2013-02-15,95.86000061035156,118.58000183105469,3.1530001163482666,29.600000381469727,80.58000183105469,7906.61279296875,13.160961151123047,0,0,0,0,0
2013-02-16,95.86000061035156,118.58000183105469,3.1530001163482666,29.600000381469727,80.58000183105469,7906.61279296875,13.160961151123047,0,0,0,0,0
2013-02-17,95.86000061035156,118.58000183105469,3.1530001163482666,29.600000381469727,80.58000183105469,7906.61279296875,13.160961151123047,0,0,0,0,0
2013-02-18,95.86000061035156,118.58000183105469,3.1530001163482666,29.649999618530273,80.58000183105469,7943.49267578125,13.160961151123047,0,0,0,0,0
2013-02-19,96.66000366210938,117.5199966430664,3.2720000743865967,29.6299991607666,80.47000122070312,7960.8427734375,13.601317405700684,0,0,0,0,0
2013-02-20,94.45999908447266,115.5999984741211,3.2790000438690186,29.5,81.08999633789062,8029.0625,13.416653633117676,0,0,0,0,0
2013-02-21,92.83999633789062,113.52999877929688,3.246000051498413,29.559999465942383,81.45999908447266,7957.4228515625,13.274601936340332,0,0,0,0,0
2013-02-22,93.12999725341797,114.0999984741211,3.2909998893737793,29.670000076293945,81.4800033569336,7947.68310546875,13.423754692077637,0,0,0,0,0
2013-02-23,93.12999725341797,114.0999984741211,3.2909998893737793,29.670000076293945,81.4800033569336,7947.68310546875,13.423754692077637,0,0,0,0,0
2013-02-24,93.12999725341797,114.0999984741211,3.2909998893737793,29.670000076293945,81.4800033569336,7947.68310546875,13.423754692077637,0,0,0,0,0
2013-02-25,93.11000061035156,114.44000244140625,3.4140000343322754,29.59000015258789,81.66999816894531,7947.64306640625,12.962091445922852,0,0,0,0,0
2013-02-26,92.62999725341797,112.70999908447266,3.427000045776367,29.639999389648438,81.87000274658203,7880.86279296875,12.649576187133789,0,0,0,0,0
2013-02-27,92.76000213623047,111.87000274658203,3.434000015258789,29.68000030517578,81.5999984741211,7897.94287109375,12.912375450134277,0,0,0,0,0
2013-02-28,92.05000305175781,111.37999725341797,3.4860000610351562,29.600000381469727,81.9800033569336,7897.94287109375,12.962091445922852,0,0,0,0,0
2013-03-01,90.68000030517578,110.4000015258789,3.4560000896453857,29.639999389648438,82.30999755859375,7964.5927734375,12.962091445922852,0,0,0,0,0
2013-03-02,90.68000030517578,110.4000015258789,3.4560000896453857,29.639999389648438,82.30999755859375,7964.5927734375,12.962091445922852,0,0,0,0,0
2013-03-03,90.68000030517578,110.4000015258789,3.4560000896453857,29.639999389648438,82.30999755859375,7964.5927734375,12.962091445922852,0,0,0,0,0
2013-03-04,90.12000274658203,110.08999633789062,3.5290000438690186,29.610000610351562,82.22000122070312,7867.30322265625,12.883966445922852,0,0,0,0,0
2013-03-05,90.81999969482422,111.61000061035156,3.5290000438690186,29.68000030517578,82.08999633789062,7932.6728515625,13.01891040802002,0,0,0,0,0
2013-03-06,90.43000030517578,111.05999755859375,3.4700000286102295,29.639999389648438,82.45999908447266,7950.2626953125,12.86976146697998,0,0,0,0,0
2013-03-07,91.55999755859375,111.1500015258789,3.5820000171661377,29.610000610351562,82.08000183105469,7960.47265625,12.820040702819824,0,0,0,0,0
2013-03-08,91.94999694824219,110.8499984741211,3.628999948501587,29.639999389648438,82.69999694824219,8015.1025390625,12.720609664916992,0,0,0,0,0
2013-03-09,91.94999694824219,110.8499984741211,3.628999948501587,29.639999389648438,82.69999694824219,8015.1025390625,12.720609664916992,0,0,0,0,0
2013-03-10,91.94999694824219,110.8499984741211,3.628999948501587,29.639999389648438,82.69999694824219,8015.1025390625,12.720609664916992,0,0,0,0,0
2013-03-11,92.05999755859375,110.22000122070312,3.6489999294281006,29.65999984741211,82.56999969482422,8038.6826171875,12.58565902709961,0,0,0,0,0
2013-03-12,92.54000091552734,109.6500015258789,3.6449999809265137,29.68000030517578,82.58000183105469,7994.67236328125,12.592761993408203,0,0,0,0,0
2013-03-13,92.5199966430664,108.5199966430664,3.680000066757202,29.670000076293945,82.88999938964844,7995.47216796875,12.784530639648438,0,0,0,0,0
2013-03-14,93.02999877929688,109.41999816894531,3.812000036239624,29.68000030517578,82.61000061035156,7951.72265625,12.820040702819824,0,0,0,0,0
2013-03-15,93.44999694824219,109.37999725341797,3.871999979019165,29.709999084472656,82.26000213623047,7927.453125,12.52883529663086,0,0,0,0,0
2013-03-16,93.44999694824219,109.37999725341797,3.871999979019165,29.709999084472656,82.26000213623047,7927.453125,12.52883529663086,0,0,0,0,0
2013-03-17,93.44999694824219,109.37999725341797,3.871999979019165,29.709999084472656,82.26000213623047,7927.453125,12.52883529663086,0,0,0,0,0
2013-03-18,93.73999786376953,109.37999725341797,3.881999969482422,29.700000762939453,82.69000244140625,7811.30419921875,12.244736671447754,0,0,0,0,0
2013-03-19,92.16000366210938,107.44999694824219,3.9690001010894775,28.959999084472656,82.98999786376953,7838.43408203125,12.131097793579102,0,0,0,0,0
2013-03-20,92.95999908447266,108.72000122070312,3.9600000381469727,29.148000717163086,82.77999877929688,7797.994140625,12.251842498779297,0,0,0,0,0
2013-03-21,92.44999694824219,107.47000122070312,3.934999942779541,28.940000534057617,82.80000305175781,7811.80419921875,11.996150016784668,0,0,0,0,0
2013-03-22,93.70999908447266,107.66000366210938,3.927000045776367,29.079999923706055,82.52999877929688,7796.1845703125,12.123995780944824,0,0,0,0,0
2013-03-23,93.70999908447266,107.66000366210938,3.927000045776367,29.079999923706055,82.52999877929688,7796.1845703125,12.123995780944824,0,0,0,0,0
2013-03-24,93.70999908447266,107.66000366210938,3.927000045776367,29.079999923706055,82.52999877929688,7796.1845703125,12.123995780944824,0,0,0,0,0
2013-03-25,94.80999755859375,108.16999816894531,3.865000009536743,29.0,82.87000274658203,7856.08349609375,12.038763999938965,0,0,0,0,0
2013-03-26,96.33999633789062,109.36000061035156,3.9760000705718994,29.360000610351562,82.87999725341797,7856.3232421875,12.123995780944824,0,0,0,0,0
2013-03-27,96.58000183105469,109.69000244140625,4.067999839782715,29.049999237060547,83.20999908447266,7894.0830078125,12.195021629333496,0,0,0,0,0
2013-03-28,97.2300033569336,110.0199966430664,4.02400016784668,29.110000610351562,82.98999786376953,7866.84326171875,12.20922565460205,0,0,0,0,0
2013-03-29,97.2300033569336,110.0199966430664,4.02400016784668,29.100000381469727,82.98999786376953,7918.57275390625,12.20922565460205,0,0,0,0,0
2013-03-30,97.2300033569336,110.0199966430664,4.02400016784668,29.100000381469727,82.98999786376953,7918.57275390625,12.20922565460205,0,0,0,0,0
2013-03-31,97.2300033569336,110.0199966430664,4.02400016784668,29.100000381469727,82.98999786376953,7918.57275390625,12.20922565460205,0,0,0,0,0
2013-04-01,97.06999969482422,111.08000183105469,4.014999866485596,29.079999923706055,82.7300033569336,7899.203125,12.131097793579102,0,0,0,0,0
2013-04-02,97.19000244140625,110.69000244140625,3.9690001010894775,29.8799991607666,82.94000244140625,7913.14306640625,12.15240478515625,0,0,0,0,0
2013-04-03,94.44999694824219,107.11000061035156,3.9000000953674316,29.850000381469727,82.72000122070312,7942.31298828125,11.88961124420166,0,0,0,0,0
2013-04-04,93.26000213623047,106.33999633789062,3.947000026702881,29.809999465942383,82.68000030517578,7942.31298828125,11.953532218933105,0,0,0,0,0
2013-04-05,92.69999694824219,104.12000274658203,4.125,28.902000427246094,82.5,7942.31298828125,11.882508277893066,0,0,0,0,0
2013-04-06,92.69999694824219,104.12000274658203,4.125,28.902000427246094,82.5,7942.31298828125,11.882508277893066,0,0,0,0,0
2013-04-07,92.69999694824219,104.12000274658203,4.125,28.902000427246094,82.5,7942.31298828125,11.882508277893066,0,0,0,0,0
2013-04-08,93.36000061035156,104.66000366210938,4.081999778747559,29.899999618530273,82.75,7752.75439453125,11.960636138916016,0,0,0,0,0
2013-04-09,94.19999694824219,106.2300033569336,4.017000198364258,29.920000076293945,82.30999755859375,7728.5048828125,12.038763999938965,0,0,0,0,0
2013-04-10,94.63999938964844,105.79000091552734,4.085000038146973,29.979999542236328,82.52999877929688,7752.76416015625,12.20922565460205,0,0,0,0,0
2013-04-11,93.51000213623047,104.2699966430664,4.138999938964844,29.950000762939453,82.25,7857.943359375,12.315764427185059,0,0,0,0,0
2013-04-12,91.29000091552734,103.11000061035156,4.2220001220703125,29.93000030517578,82.30999755859375,7821.59375,12.294455528259277,0,0,0,0,0
2013-04-13,91.29000091552734,103.11000061035156,4.2220001220703125,29.93000030517578,82.30999755859375,7821.59375,12.294455528259277,0,0,0,0,0
2013-04-14,91.29000091552734,103.11000061035156,4.2220001220703125,29.93000030517578,82.30999755859375,7821.59375,12.294455528259277,0,0,0,0,0
2013-04-15,88.70999908447266,100.38999938964844,4.13700008392334,29.083999633789062,82.41999816894531,7763.494140625,11.996150016784668,0,0,0,0,0
2013-04-16,88.72000122070312,100.36000061035156,4.159999847412109,29.149999618530273,81.75,7801.01416015625,12.244736671447754,0,0,0,0,0
2013-04-17,86.68000030517578,100.36000061035156,4.214000225067139,28.940000534057617,82.66000366210938,7809.0341796875,12.131097793579102,0,0,0,0,0
2013-04-18,87.7300033569336,99.12999725341797,4.401000022888184,29.360000610351562,82.55000305175781,7791.314453125,12.741911888122559,0,0,0,0,0
2013-04-19,88.01000213623047,99.6500015258789,4.4079999923706055,29.1299991607666,82.70999908447266,7930.7626953125,13.352728843688965,0,0,0,0,0
2013-04-20,88.01000213623047,99.6500015258789,4.4079999923706055,29.1299991607666,82.70999908447266,7930.7626953125,13.352728843688965,0,0,0,0,0
2013-04-21,88.01000213623047,99.6500015258789,4.4079999923706055,29.1299991607666,82.70999908447266,7930.7626953125,13.352728843688965,0,0,0,0,0
2013-04-22,88.76000213623047,100.38999938964844,4.267000198364258,29.110000610351562,82.68000030517578,7970.3427734375,13.139657974243164,0,0,0,0,0
2013-04-23,89.18000030517578,100.30999755859375,4.23799991607666,29.0,83.02999877929688,7942.73291015625,12.983400344848633,0,0,0,0,0
2013-04-24,91.43000030517578,101.7300033569336,4.165999889373779,29.0,82.93000030517578,8023.67236328125,13.097040176391602,0,0,0,0,0
2013-04-25,93.63999938964844,103.41000366210938,4.166999816894531,29.010000228881836,82.73999786376953,8021.71240234375,13.274601936340332,0,0,0,0,0
2013-04-26,93.0,103.16000366210938,4.151000022888184,29.020000457763672,82.4800033569336,8022.0224609375,13.160961151123047,0,0,0,0,0
2013-04-27,93.0,103.16000366210938,4.151000022888184,29.020000457763672,82.4800033569336,8022.0224609375,13.160961151123047,0,0,0,0,0
2013-04-28,93.0,103.16000366210938,4.151000022888184,29.020000457763672,82.4800033569336,8022.0224609375,13.160961151123047,0,0,0,0,0
2013-04-29,94.5,103.80999755859375,4.392000198364258,28.805999755859375,82.1500015258789,8029.70263671875,13.374038696289062,0,0,0,0,0
2013-04-30,93.45999908447266,102.37000274658203,4.3429999351501465,28.690000534057617,81.7300033569336,8093.62255859375,13.55160140991211,0,0,0,0,0
2013-05-01,91.02999877929688,99.94999694824219,4.326000213623047,28.600000381469727,81.63999938964844,8093.62255859375,13.572911262512207,0,0,0,0,0
2013-05-02,93.98999786376953,102.8499984741211,4.025000095367432,28.799999237060547,82.20999908447266,8128.47216796875,13.871216773986816,0,0,0,0,0
2013-05-03,95.61000061035156,104.19000244140625,4.040999889373779,29.02400016784668,82.0999984741211,8134.9921875,13.78598403930664,0,0,0,0,0
2013-05-04,95.61000061035156,104.19000244140625,4.040999889373779,29.02400016784668,82.0999984741211,8134.9921875,13.78598403930664,0,0,0,0,0
2013-05-05,95.61000061035156,104.19000244140625,4.040999889373779,29.02400016784668,82.0999984741211,8134.9921875,13.78598403930664,0,0,0,0,0
2013-05-06,96.16000366210938,105.45999908447266,4.011000156402588,29.5,82.31999969482422,8169.01220703125,13.885416030883789,0,0,0,0,0
2013-05-07,95.62000274658203,104.4000015258789,3.9200000762939453,28.840999603271484,82.30000305175781,8163.0224609375,13.828598022460938,0,0,0,0,0
2013-05-08,96.62000274658203,104.33999633789062,3.9779999256134033,29.510000228881836,81.9000015258789,8267.0498046875,14.35418701171875,0,0,0,0,0
2013-05-09,96.38999938964844,104.47000122070312,3.9830000400543213,28.52199935913086,82.79000091552734,8285.849609375,14.35418701171875,0,0,0,0,0
2013-05-10,96.04000091552734,103.91000366210938,3.9100000858306885,29.399999618530273,83.13999938964844,8280.2197265625,14.325775146484375,0,0,0,0,0
2013-05-11,96.04000091552734,103.91000366210938,3.9100000858306885,29.399999618530273,83.13999938964844,8280.2197265625,14.325775146484375,0,0,0,0,0
2013-05-12,96.04000091552734,103.91000366210938,3.9100000858306885,29.399999618530273,83.13999938964844,8280.2197265625,14.325775146484375,0,0,0,0,0
2013-05-13,95.16999816894531,102.81999969482422,3.924999952316284,28.93199920654297,83.26000213623047,8248.2802734375,14.155313491821289,0,0,0,0,0
2013-05-14,94.20999908447266,102.5999984741211,4.02400016784668,29.100000381469727,83.56999969482422,8251.7802734375,14.126903533935547,0,0,0,0,0
2013-05-15,94.30000305175781,103.68000030517578,4.070000171661377,29.177000045776367,83.83000183105469,8318.5498046875,14.062981605529785,0,0,0,0,0
2013-05-16,95.16000366210938,103.80000305175781,3.931999921798706,29.184999465942383,83.7699966430664,8390.009765625,13.814391136169434,0,0,0,0,0
2013-05-17,96.0199966430664,103.72000122070312,4.054999828338623,29.191999435424805,84.27999877929688,8368.150390625,13.857011795043945,0,0,0,0,0
2013-05-18,96.0199966430664,103.72000122070312,4.054999828338623,29.191999435424805,84.27999877929688,8368.150390625,13.857011795043945,0,0,0,0,0
2013-05-19,96.0199966430664,103.72000122070312,4.054999828338623,29.191999435424805,84.27999877929688,8368.150390625,13.857011795043945,0,0,0,0,0
2013-05-20,96.70999908447266,103.72000122070312,4.090000152587891,29.183000564575195,83.80999755859375,8377.009765625,13.757573127746582,0,0,0,0,0
2013-05-21,96.16000366210938,103.91000366210938,4.191999912261963,29.100000381469727,83.86000061035156,8383.009765625,13.6581392288208,0,0,0,0,0
2013-05-22,94.27999877929688,102.5999984741211,4.185999870300293,29.027000427246094,84.25,8398.7998046875,13.416653633117676,0,0,0,0,0
2013-05-23,94.25,102.44000244140625,4.261000156402588,29.8700008392334,83.80000305175781,8237.7900390625,13.317217826843262,0,0,0,0,0
2013-05-24,94.1500015258789,102.63999938964844,4.236999988555908,29.055999755859375,83.69999694824219,8209.740234375,13.395343780517578,0,0,0,0,0
2013-05-25,94.1500015258789,102.63999938964844,4.236999988555908,29.055999755859375,83.69999694824219,8209.740234375,13.395343780517578,0,0,0,0,0
2013-05-26,94.1500015258789,102.63999938964844,4.236999988555908,29.055999755859375,83.69999694824219,8209.740234375,13.395343780517578,0,0,0,0,0
2013-05-27,94.1500015258789,102.63999938964844,4.236999988555908,29.31100082397461,83.69999694824219,8280.0595703125,13.395343780517578,0,0,0,0,0
2013-05-28,95.01000213623047,104.2300033569336,4.173999786376953,29.156999588012695,84.13999938964844,8263.009765625,13.530291557312012,0,0,0,0,0
2013-05-29,93.12999725341797,102.43000030517578,4.1479997634887695,29.43199920654297,83.63999938964844,8337.8603515625,13.665237426757812,0,0,0,0,0
2013-05-30,93.61000061035156,102.19000244140625,4.0229997634887695,29.231000900268555,83.01000213623047,8243.25,13.473470687866211,0,0,0,0,0
2013-05-31,91.97000122070312,100.38999938964844,3.9839999675750732,29.201000213623047,83.37999725341797,8254.759765625,13.253299713134766,0,0,0,0,0
2013-06-01,91.97000122070312,100.38999938964844,3.9839999675750732,29.201000213623047,83.37999725341797,8254.759765625,13.253299713134766,0,0,0,0,0
2013-06-02,91.97000122070312,100.38999938964844,3.9839999675750732,29.201000213623047,83.37999725341797,8254.759765625,13.253299713134766,0,0,0,0,0
2013-06-03,93.44999694824219,102.05999755859375,3.990999937057495,29.18899917602539,82.68000030517578,8200.9794921875,13.288805961608887,0,0,0,0,0
2013-06-04,93.30999755859375,103.23999786376953,3.997999906539917,29.159000396728516,82.7699966430664,8191.1826171875,13.452167510986328,0,0,0,0,0
2013-06-05,93.73999786376953,103.04000091552734,4.000999927520752,29.158000946044922,82.56999969482422,8181.87255859375,13.253299713134766,0,0,0,0,0
2013-06-06,94.76000213623047,103.61000061035156,3.8269999027252197,28.93400001525879,81.5199966430664,8096.1025390625,13.21068000793457,0,0,0,0,0
2013-06-07,96.02999877929688,104.55999755859375,3.828000068664551,28.770999908447266,81.69000244140625,8095.16259765625,13.274601936340332,0,0,0,0,0
2013-06-08,96.02999877929688,104.55999755859375,3.828000068664551,28.770999908447266,81.69000244140625,8095.16259765625,13.274601936340332,0,0,0,0,0
2013-06-09,96.02999877929688,104.55999755859375,3.828000068664551,28.770999908447266,81.69000244140625,8095.16259765625,13.274601936340332,0,0,0,0,0
2013-06-10,95.7699966430664,103.94999694824219,3.799999952316284,28.770999908447266,81.6500015258789,8160.51220703125,13.359833717346191,0,0,0,0,0
2013-06-11,95.37999725341797,102.95999908447266,3.7239999771118164,28.770999908447266,81.05999755859375,8116.1123046875,13.15385913848877,0,0,0,0,0
2013-06-12,95.87999725341797,103.48999786376953,3.7769999504089355,28.770999908447266,80.95999908447266,8116.1123046875,13.0402193069458,0,0,0,0,0
2013-06-13,96.69000244140625,104.25,3.813999891281128,28.98699951171875,80.62000274658203,7951.623046875,12.976297378540039,0,0,0,0,0
2013-06-14,97.8499984741211,104.29000091552734,3.7330000400543213,29.02199935913086,80.66999816894531,7937.703125,12.777424812316895,0,0,0,0,0
2013-06-15,97.8499984741211,104.29000091552734,3.7330000400543213,29.02199935913086,80.66999816894531,7937.703125,12.777424812316895,0,0,0,0,0
2013-06-16,97.8499984741211,104.29000091552734,3.7330000400543213,29.02199935913086,80.66999816894531,7937.703125,12.777424812316895,0,0,0,0,0
2013-06-17,97.7699966430664,104.29000091552734,3.875,29.148000717163086,80.56999969482422,7992.8525390625,12.86976146697998,0,0,0,0,0
2013-06-18,98.44000244140625,106.0199966430664,3.9049999713897705,29.045000076293945,80.62000274658203,8010.982421875,13.089937210083008,0,0,0,0,0
2013-06-19,98.23999786376953,106.12000274658203,3.9630000591278076,29.124000549316406,81.43000030517578,8007.3525390625,12.777424812316895,0,0,0,0,0
2013-06-20,95.4000015258789,102.1500015258789,3.877000093460083,29.298999786376953,81.83999633789062,7898.873046875,12.365476608276367,0,0,0,0,0
2013-06-21,93.69000244140625,100.91000366210938,3.7709999084472656,29.351999282836914,82.31999969482422,7793.2744140625,12.202122688293457,0,0,0,0,0
2013-06-22,93.69000244140625,100.91000366210938,3.7709999084472656,29.351999282836914,82.31999969482422,7793.2744140625,12.202122688293457,0,0,0,0,0
2013-06-23,93.69000244140625,100.91000366210938,3.7709999084472656,29.351999282836914,82.31999969482422,7793.2744140625,12.202122688293457,0,0,0,0,0
2013-06-24,95.18000030517578,101.16000366210938,3.739000082015991,29.533000946044922,82.43000030517578,7757.994140625,12.02455997467041,0,0,0,0,0
2013-06-25,95.31999969482422,101.26000213623047,3.6470000743865967,29.388999938964844,82.58000183105469,7663.19482421875,12.450708389282227,0,0,0,0,0
2013-06-26,95.5,101.66000366210938,3.7070000171661377,29.389999389648438,82.94999694824219,7784.76416015625,12.52883529663086,0,0,0,0,0
2013-06-27,97.05000305175781,102.81999969482422,3.5820000171661377,29.41900062561035,82.91000366210938,7883.86279296875,12.734814643859863,0,0,0,0,0
2013-06-28,96.55999755859375,102.16000366210938,3.565000057220459,29.207000732421875,83.16999816894531,8062.17236328125,13.011807441711426,0,0,0,0,0
2013-06-29,96.55999755859375,102.16000366210938,3.565000057220459,29.207000732421875,83.16999816894531,8062.17236328125,13.011807441711426,0,0,0,0,0
2013-06-30,96.55999755859375,102.16000366210938,3.565000057220459,29.207000732421875,83.16999816894531,8062.17236328125,13.011807441711426,0,0,0,0,0
2013-07-01,97.98999786376953,103.0,3.5769999027252197,29.475000381469727,82.9800033569336,8035.96240234375,13.104144096374512,0,0,0,0,0
2013-07-02,99.5999984741211,104.0,3.6540000438690186,29.191999435424805,83.54000091552734,8015.822265625,13.139657974243164,0,0,0,0,0
2013-07-03,101.23999786376953,105.76000213623047,3.690000057220459,29.343000411987305,83.2300033569336,7911.3828125,13.22872257232666,0,0,0,0,0
2013-07-04,101.23999786376953,105.76000213623047,3.690000057220459,29.160999298095703,83.2300033569336,7893.68310546875,13.22872257232666,0,0,0,0,0
2013-07-05,103.22000122070312,107.72000122070312,3.617000102996826,29.464000701904297,84.41999816894531,8001.7822265625,13.294428825378418,0,0,0,0,0
2013-07-06,103.22000122070312,107.72000122070312,3.617000102996826,29.464000701904297,84.41999816894531,8001.7822265625,13.294428825378418,0,0,0,0,0
2013-07-07,103.22000122070312,107.72000122070312,3.617000102996826,29.464000701904297,84.41999816894531,8001.7822265625,13.294428825378418,0,0,0,0,0
2013-07-08,103.13999938964844,107.43000030517578,3.740999937057495,29.36199951171875,84.19999694824219,7886.302734375,12.849090576171875,0,0,0,0,0
2013-07-09,103.52999877929688,107.80999755859375,3.6570000648498535,29.291000366210938,84.58000183105469,7971.14306640625,13.024304389953613,0,0,0,0,0
2013-07-10,106.5199966430664,108.51000213623047,3.680000066757202,29.503999710083008,84.04000091552734,8011.65234375,13.024304389953613,0,0,0,0,0
2013-07-11,104.91000366210938,107.7300033569336,3.61299991607666,28.871999740600586,82.75,8179.50244140625,13.535347938537598,0,0,0,0,0
2013-07-12,105.94999694824219,108.80999755859375,3.6440000534057617,29.027999877929688,82.98999786376953,8220.4501953125,13.462340354919434,0,0,0,0,0
2013-07-13,105.94999694824219,108.80999755859375,3.6440000534057617,29.027999877929688,82.98999786376953,8220.4501953125,13.462340354919434,0,0,0,0,0
2013-07-14,105.94999694824219,108.80999755859375,3.6440000534057617,29.027999877929688,82.98999786376953,8220.4501953125,13.462340354919434,0,0,0,0,0
2013-07-15,106.31999969482422,109.08999633789062,3.6740000247955322,29.07900047302246,83.04000091552734,8254.6396484375,13.433137893676758,0,0,0,0,0
2013-07-16,106.0,109.4000015258789,3.677000045776367,29.920000076293945,82.43000030517578,8260.0703125,13.45504093170166,0,0,0,0,0
2013-07-17,106.4800033569336,109.36000061035156,3.628999948501587,29.8700008392334,82.70999908447266,8258.91015625,13.46964168548584,0,0,0,0,0
2013-07-18,108.04000091552734,109.36000061035156,3.812000036239624,29.889999389648438,82.81999969482422,8194.83984375,12.272340774536133,0,0,0,0,0
2013-07-19,108.05000305175781,108.06999969482422,3.7890000343322754,30.010000228881836,82.58000183105469,8061.9921875,12.038721084594727,0,0,0,0,0
2013-07-20,108.05000305175781,108.06999969482422,3.7890000343322754,30.010000228881836,82.58000183105469,8061.9921875,12.038721084594727,0,0,0,0,0
2013-07-21,108.05000305175781,108.06999969482422,3.7890000343322754,30.010000228881836,82.58000183105469,8061.9921875,12.038721084594727,0,0,0,0,0
2013-07-22,106.91000366210938,108.1500015258789,3.677000045776367,29.950000762939453,82.22000122070312,8105.41259765625,12.133631706237793,0,0,0,0,0
2013-07-23,107.2300033569336,108.41999816894531,3.743000030517578,29.899999618530273,82.01000213623047,8214.6103515625,12.221234321594238,0,0,0,0,0
2013-07-24,105.38999938964844,107.19000244140625,3.697999954223633,29.90999984741211,82.30000305175781,8196.150390625,12.425652503967285,0,0,0,0,0
2013-07-25,105.48999786376953,107.6500015258789,3.6440000534057617,29.920000076293945,81.97000122070312,8163.54248046875,12.542462348937988,0,0,0,0,0
2013-07-26,104.69999694824219,107.16999816894531,3.555000066757202,29.950000762939453,81.62000274658203,8149.3623046875,12.338044166564941,0,0,0,0,0
2013-07-27,104.69999694824219,107.16999816894531,3.555000066757202,29.950000762939453,81.62000274658203,8149.3623046875,12.338044166564941,0,0,0,0,0
2013-07-28,104.69999694824219,107.16999816894531,3.555000066757202,29.950000762939453,81.62000274658203,8149.3623046875,12.338044166564941,0,0,0,0,0
2013-07-29,104.55000305175781,107.44999694824219,3.4590001106262207,29.93600082397461,81.66000366210938,8084.46240234375,12.192033767700195,0,0,0,0,0
2013-07-30,103.08000183105469,106.91000366210938,3.431999921798706,29.94499969482422,81.83000183105469,8163.51220703125,12.389152526855469,0,0,0,0,0
2013-07-31,105.02999877929688,107.69999694824219,3.446000099182129,29.98200035095215,81.44999694824219,8107.90234375,12.396450996398926,0,0,0,0,0
2013-08-01,107.88999938964844,109.54000091552734,3.38700008392334,30.108999252319336,82.33999633789062,8056.1826171875,12.593568801879883,0,0,0,0,0
2013-08-02,106.94000244140625,108.94999694824219,3.3469998836517334,30.110000610351562,81.91000366210938,8099.84228515625,12.265040397644043,0,0,0,0,0
2013-08-03,106.94000244140625,108.94999694824219,3.3469998836517334,30.110000610351562,81.91000366210938,8099.84228515625,12.265040397644043,0,0,0,0,0
2013-08-04,106.94000244140625,108.94999694824219,3.3469998836517334,30.110000610351562,81.91000366210938,8099.84228515625,12.265040397644043,0,0,0,0,0
2013-08-05,106.55999755859375,108.69999694824219,3.319000005722046,30.113000869750977,81.87999725341797,8138.59228515625,12.279643058776855,0,0,0,0,0
2013-08-06,105.30000305175781,108.18000030517578,3.318000078201294,29.941999435424805,81.5999984741211,8038.87255859375,12.111727714538574,0,0,0,0,0
2013-08-07,104.37000274658203,107.44000244140625,3.246999979019165,29.98699951171875,81.29000091552734,7921.2529296875,11.80510139465332,0,0,0,0,0
2013-08-08,103.4000015258789,106.68000030517578,3.296999931335449,30.01300048828125,81.01000213623047,7907.6328125,11.84160327911377,0,0,0,0,0
2013-08-09,105.97000122070312,108.22000122070312,3.2300000190734863,29.94300079345703,81.12999725341797,7856.103515625,11.834301948547363,0,0,0,0,0
2013-08-10,105.97000122070312,108.22000122070312,3.2300000190734863,29.94300079345703,81.12999725341797,7856.103515625,11.834301948547363,0,0,0,0,0
2013-08-11,105.97000122070312,108.22000122070312,3.2300000190734863,29.94300079345703,81.12999725341797,7856.103515625,11.834301948547363,0,0,0,0,0
2013-08-12,106.11000061035156,108.97000122070312,3.309999942779541,29.940000534057617,81.33000183105469,7903.3427734375,11.71749496459961,0,0,0,0,0
2013-08-13,106.83000183105469,109.81999969482422,3.2850000858306885,29.961999893188477,81.7300033569336,7986.232421875,11.878107070922852,0,0,0,0,0
2013-08-14,106.8499984741211,110.19999694824219,3.3420000076293945,29.986000061035156,81.69999694824219,7951.29296875,11.724791526794434,0,0,0,0,0
2013-08-15,107.33000183105469,111.11000061035156,3.4189999103546143,30.014999389648438,81.12999725341797,7887.22265625,11.68099308013916,0,0,0,0,0
2013-08-16,107.45999908447266,111.16999816894531,3.368000030517578,30.016000747680664,81.26000213623047,7924.962890625,11.659087181091309,0,0,0,0,0
2013-08-17,107.45999908447266,111.16999816894531,3.368000030517578,30.016000747680664,81.26000213623047,7924.962890625,11.659087181091309,0,0,0,0,0
2013-08-18,107.45999908447266,111.16999816894531,3.368000030517578,30.016000747680664,81.26000213623047,7924.962890625,11.659087181091309,0,0,0,0,0
2013-08-19,107.0999984741211,111.16999816894531,3.4630000591278076,29.992000579833984,81.2300033569336,7900.1728515625,11.542281150817871,0,0,0,0,0
2013-08-20,104.97000122070312,110.1500015258789,3.444000005722046,30.013999938964844,80.91000366210938,7832.61376953125,11.55688190460205,0,0,0,0,0
2013-08-21,103.8499984741211,109.80999755859375,3.4600000381469727,30.06999969482422,81.31999969482422,7832.61376953125,11.498475074768066,0,0,0,0,0
2013-08-22,105.02999877929688,109.9000015258789,3.5450000762939453,30.06999969482422,81.48999786376953,7814.34423828125,11.724791526794434,0,0,0,0,0
2013-08-23,106.41999816894531,111.04000091552734,3.484999895095825,30.11199951171875,81.33999633789062,7873.2734375,11.84160327911377,0,0,0,0,0
2013-08-24,106.41999816894531,111.04000091552734,3.484999895095825,30.11199951171875,81.33999633789062,7873.2734375,11.84160327911377,0,0,0,0,0
2013-08-25,106.41999816894531,111.04000091552734,3.484999895095825,30.11199951171875,81.33999633789062,7873.2734375,11.84160327911377,0,0,0,0,0
2013-08-26,105.91999816894531,110.7300033569336,3.513000011444092,30.03700065612793,81.37000274658203,7894.93310546875,11.870807647705078,0,0,0,0,0
2013-08-27,109.01000213623047,114.36000061035156,3.5339999198913574,30.003000259399414,81.16999816894531,7820.8037109375,11.666387557983398,0,0,0,0,0
2013-08-28,110.0999984741211,116.61000061035156,3.565999984741211,30.042999267578125,81.41999816894531,7824.50390625,11.870807647705078,0,0,0,0,0
2013-08-29,108.80000305175781,115.16000366210938,3.618000030517578,29.249000549316406,81.94999694824219,7917.623046875,12.170135498046875,0,0,0,0,0
2013-08-30,107.6500015258789,114.01000213623047,3.5810000896453857,29.996000289916992,82.08999633789062,8021.8525390625,12.089826583862305,0,0,0,0,0
2013-08-31,107.6500015258789,114.01000213623047,3.5810000896453857,29.996000289916992,82.08999633789062,8021.8525390625,12.089826583862305,0,0,0,0,0
2013-09-01,107.6500015258789,114.01000213623047,3.5810000896453857,29.996000289916992,82.08999633789062,8021.8525390625,12.089826583862305,0,0,0,0,0
2013-09-02,107.6500015258789,114.01000213623047,3.5810000896453857,29.290000915527344,82.08999633789062,8038.822265625,12.089826583862305,0,0,0,0,0
2013-09-03,108.54000091552734,115.68000030517578,3.6659998893737793,29.884000778198242,82.36000061035156,8088.33251953125,12.338044166564941,0,0,0,0,0
2013-09-04,107.2300033569336,114.91000366210938,3.683000087738037,29.909000396728516,82.16999816894531,8083.40234375,12.308845520019531,0,0,0,0,0
2013-09-05,108.37000274658203,115.26000213623047,3.575000047683716,29.86199951171875,82.62999725341797,8169.0625,12.542462348937988,0,0,0,0,0
2013-09-06,110.52999877929688,116.12000274658203,3.5299999713897705,29.959999084472656,82.1500015258789,8164.16259765625,12.418352127075195,0,0,0,0,0
2013-09-07,110.52999877929688,116.12000274658203,3.5299999713897705,29.959999084472656,82.1500015258789,8164.16259765625,12.418352127075195,0,0,0,0,0
2013-09-08,110.52999877929688,116.12000274658203,3.5299999713897705,29.959999084472656,82.1500015258789,8164.16259765625,12.418352127075195,0,0,0,0,0
2013-09-09,109.5199966430664,113.72000122070312,3.6050000190734863,28.851999282836914,81.79000091552734,8192.0703125,12.630070686340332,0,0,0,0,0
2013-09-10,107.38999938964844,111.25,3.5840001106262207,28.77199935913086,81.81999969482422,8208.7294921875,12.761482238769531,0,0,0,0,0
2013-09-11,107.55999755859375,111.5,3.566999912261963,28.893999099731445,81.5199966430664,8208.9501953125,12.732278823852539,0,0,0,0,0
2013-09-12,108.5999984741211,112.62999725341797,3.638000011444092,28.81399917602539,81.48999786376953,8225.3203125,12.615472793579102,0,0,0,0,0
2013-09-13,108.20999908447266,112.77999877929688,3.677000045776367,28.937000274658203,81.44999694824219,8168.16259765625,12.651970863342285,0,0,0,0,0
2013-09-14,108.20999908447266,112.77999877929688,3.677000045776367,28.937000274658203,81.44999694824219,8168.16259765625,12.651970863342285,0,0,0,0,0
2013-09-15,108.20999908447266,112.77999877929688,3.677000045776367,28.937000274658203,81.44999694824219,8168.16259765625,12.651970863342285,0,0,0,0,0
2013-09-16,106.58999633789062,112.77999877929688,3.73799991607666,28.773000717163086,81.25,8255.2998046875,12.863694190979004,0,0,0,0,0
2013-09-17,105.41999816894531,112.77999877929688,3.744999885559082,28.882999420166016,81.16999816894531,8249.740234375,12.90749740600586,0,0,0,0,0
2013-09-18,108.06999969482422,110.5999984741211,3.7130000591278076,28.895000457763672,80.23999786376953,8209.1396484375,12.856392860412598,0,0,0,0,0
2013-09-19,106.38999938964844,108.76000213623047,3.7200000286102295,28.538999557495117,80.36000061035156,8209.1396484375,12.849090576171875,0,0,0,0,0
2013-09-20,104.68000030517578,109.22000122070312,3.687000036239624,28.759000778198242,80.44000244140625,8209.1396484375,12.637368202209473,0,0,0,0,0
2013-09-21,104.68000030517578,109.22000122070312,3.687000036239624,28.759000778198242,80.44000244140625,8209.1396484375,12.637368202209473,0,0,0,0,0
2013-09-22,104.68000030517578,109.22000122070312,3.687000036239624,28.759000778198242,80.44000244140625,8209.1396484375,12.637368202209473,0,0,0,0,0
2013-09-23,103.58999633789062,108.16000366210938,3.6019999980926514,28.83099937438965,80.44999694824219,8292.7900390625,12.885592460632324,0,0,0,0,0
2013-09-24,103.12999725341797,108.63999938964844,3.492000102996826,28.875,80.55999755859375,8299.080078125,12.819886207580566,0,0,0,0,0
2013-09-25,102.66000366210938,108.31999969482422,3.493000030517578,28.89699935913086,80.33000183105469,8283.8603515625,12.644673347473145,0,0,0,0,0
2013-09-26,103.02999877929688,109.20999908447266,3.497999906539917,28.812000274658203,80.5199966430664,8184.642578125,12.644673347473145,0,0,0,0,0
2013-09-27,102.87000274658203,108.62999725341797,3.5889999866485596,28.854000091552734,80.2699966430664,8230.6396484375,12.462156295776367,0,0,0,0,0
2013-09-28,102.87000274658203,108.62999725341797,3.5889999866485596,28.854000091552734,80.2699966430664,8230.6396484375,12.462156295776367,0,0,0,0,0
2013-09-29,102.87000274658203,108.62999725341797,3.5889999866485596,28.854000091552734,80.2699966430664,8230.6396484375,12.462156295776367,0,0,0,0,0
2013-09-30,102.33000183105469,108.37000274658203,3.559999942779541,28.790000915527344,80.22000122070312,8173.83251953125,12.381847381591797,0,0,0,0,0
2013-10-01,102.04000091552734,107.94000244140625,3.6089999675750732,28.77400016784668,80.0999984741211,8186.982421875,12.717679023742676,0,0,0,0,0
2013-10-02,104.0999984741211,109.19000244140625,3.5420000553131104,28.81100082397461,79.87999725341797,8216.4794921875,12.754179954528809,0,0,0,0,0
2013-10-03,103.30999755859375,109.0,3.499000072479248,28.61199951171875,79.7699966430664,8358.9794921875,12.922096252441406,0,0,0,0,0
2013-10-04,103.83999633789062,109.45999908447266,3.50600004196167,28.584999084472656,80.12000274658203,8364.509765625,12.90749740600586,0,0,0,0,0
2013-10-05,103.83999633789062,109.45999908447266,3.50600004196167,28.584999084472656,80.12000274658203,8364.509765625,12.90749740600586,0,0,0,0,0
2013-10-06,103.83999633789062,109.45999908447266,3.50600004196167,28.584999084472656,80.12000274658203,8364.509765625,12.90749740600586,0,0,0,0,0
2013-10-07,103.02999877929688,109.68000030517578,3.628999948501587,28.676000595092773,79.94000244140625,8333.6201171875,12.863694190979004,0,0,0,0,0
2013-10-08,103.48999786376953,110.16000366210938,3.7160000801086426,28.676000595092773,80.05999755859375,8375.6103515625,12.746879577636719,0,0,0,0,0
2013-10-09,101.61000061035156,109.05999755859375,3.678999900817871,28.589000701904297,80.37000274658203,8344.6904296875,12.600870132446289,0,0,0,0,0
2013-10-10,103.01000213623047,111.80000305175781,3.7230000495910645,28.655000686645508,80.41999816894531,8344.6904296875,12.90019702911377,0,0,0,0,0
2013-10-11,102.0199966430664,111.27999877929688,3.7760000228881836,28.64299964904785,80.36000061035156,8349.330078125,13.20682430267334,0,0,0,0,0
2013-10-12,102.0199966430664,111.27999877929688,3.7760000228881836,28.64299964904785,80.36000061035156,8349.330078125,13.20682430267334,0,0,0,0,0
2013-10-13,102.0199966430664,111.27999877929688,3.7760000228881836,28.64299964904785,80.36000061035156,8349.330078125,13.20682430267334,0,0,0,0,0
2013-10-14,102.41000366210938,111.04000091552734,3.819999933242798,28.607999801635742,80.26000213623047,8273.919921875,13.148411750793457,0,0,0,0,0
2013-10-15,101.20999908447266,109.95999908447266,3.7899999618530273,28.63800048828125,80.4800033569336,8367.83984375,13.250624656677246,0,0,0,0,0
2013-10-16,102.29000091552734,110.86000061035156,3.7690000534057617,28.541000366210938,80.5,8332.1396484375,13.345531463623047,0,0,0,0,0
2013-10-17,100.66999816894531,110.97000122070312,3.756999969482422,28.707000732421875,79.6500015258789,8374.6396484375,13.615655899047852,0,0,0,0,0
2013-10-18,100.80999755859375,110.97000122070312,3.7639999389648438,28.569000244140625,79.63999938964844,8441.150390625,13.929583549499512,0,0,0,0,0
2013-10-19,100.80999755859375,110.97000122070312,3.7639999389648438,28.569000244140625,79.63999938964844,8441.150390625,13.929583549499512,0,0,0,0,0
2013-10-20,100.80999755859375,110.97000122070312,3.7639999389648438,28.569000244140625,79.63999938964844,8441.150390625,13.929583549499512,0,0,0,0,0
2013-10-21,99.22000122070312,109.63999938964844,3.6679999828338623,28.68199920654297,79.68000030517578,8419.2802734375,13.856574058532715,0,0,0,0,0
2013-10-22,97.80000305175781,109.97000122070312,3.5810000896453857,28.68199920654297,79.23999786376953,8418.2294921875,13.987985610961914,0,0,0,0,0
2013-10-23,96.86000061035156,107.80000305175781,3.61899995803833,28.417999267578125,79.26000213623047,8393.580078125,13.666759490966797,0,0,0,0,0
2013-10-24,97.11000061035156,106.98999786376953,3.628999948501587,28.613000869750977,79.19000244140625,8413.6796875,13.637557983398438,0,0,0,0,0
2013-10-25,97.8499984741211,106.93000030517578,3.7070000171661377,28.67099952697754,79.18000030517578,8346.580078125,13.484244346618652,0,0,0,0,0
2013-10-26,97.8499984741211,106.93000030517578,3.7070000171661377,28.67099952697754,79.18000030517578,8346.580078125,13.484244346618652,0,0,0,0,0
2013-10-27,97.8499984741211,106.93000030517578,3.7070000171661377,28.67099952697754,79.18000030517578,8346.580078125,13.484244346618652,0,0,0,0,0
2013-10-28,98.68000030517578,109.61000061035156,3.569000005722046,28.66200065612793,79.25,8407.7900390625,13.586453437805176,0,0,0,0,0
2013-10-29,98.19999694824219,109.01000213623047,3.496999979019165,28.716999053955078,79.62999725341797,8420.9404296875,13.703261375427246,0,0,0,0,0
2013-10-30,96.7699966430664,109.86000061035156,3.619999885559082,28.729000091552734,79.75,8465.01953125,13.564547538757324,0,0,0,0,0
2013-10-31,96.37999725341797,108.83999633789062,3.5810000896453857,28.729999542236328,80.19999694824219,8450.01953125,13.44044303894043,0,0,0,0,0
2013-11-01,94.61000061035156,105.91000366210938,3.513000011444092,28.792999267578125,80.7300033569336,8388.1396484375,13.484244346618652,0,0,0,0,0
2013-11-02,94.61000061035156,105.91000366210938,3.513000011444092,28.792999267578125,80.7300033569336,8388.1396484375,13.484244346618652,0,0,0,0,0
2013-11-03,94.61000061035156,105.91000366210938,3.513000011444092,28.792999267578125,80.7300033569336,8388.1396484375,13.484244346618652,0,0,0,0,0
2013-11-04,94.62000274658203,106.2300033569336,3.444999933242798,28.7189998626709,80.55000305175781,8354.099609375,13.389334678649902,0,0,0,0,0
2013-11-05,93.37000274658203,105.33000183105469,3.4660000801086426,28.658000946044922,80.70999908447266,8262.16015625,13.199518203735352,0,0,0,0,0
2013-11-06,94.80000305175781,105.23999786376953,3.497999906539917,28.69300079345703,80.4800033569336,8281.9296875,13.338238716125488,0,0,0,0,0
2013-11-07,94.19999694824219,103.45999908447266,3.5190000534057617,28.673999786376953,80.81999969482422,8283.669921875,13.236023902893066,0,0,0,0,0
2013-11-08,94.5999984741211,105.12000274658203,3.559000015258789,28.889999389648438,81.20999908447266,8229.5498046875,13.148411750793457,0,0,0,0,0
2013-11-09,94.5999984741211,105.12000274658203,3.559000015258789,28.889999389648438,81.20999908447266,8229.5498046875,13.148411750793457,0,0,0,0,0
2013-11-10,94.5999984741211,105.12000274658203,3.559000015258789,28.889999389648438,81.20999908447266,8229.5498046875,13.148411750793457,0,0,0,0,0
2013-11-11,95.13999938964844,106.4000015258789,3.5739998817443848,28.8439998626709,81.08999633789062,8182.5224609375,12.944002151489258,0,0,0,0,0
2013-11-12,93.04000091552734,105.80999755859375,3.617000102996826,28.79400062561035,81.19000244140625,8195.2197265625,13.002402305603027,0,0,0,0,0
2013-11-13,93.87999725341797,107.12000274658203,3.565999984741211,28.729000091552734,80.93000030517578,8104.22216796875,12.856392860412598,0,0,0,0,0
2013-11-14,93.76000213623047,108.54000091552734,3.6050000190734863,28.684999465942383,80.9800033569336,8134.87255859375,12.776086807250977,0,0,0,0,0
2013-11-15,93.83999633789062,108.55000305175781,3.6600000858306885,28.836999893188477,80.83999633789062,8177.08251953125,12.89289379119873,0,0,0,0,0
2013-11-16,93.83999633789062,108.55000305175781,3.6600000858306885,28.836999893188477,80.83999633789062,8177.08251953125,12.89289379119873,0,0,0,0,0
2013-11-17,93.83999633789062,108.55000305175781,3.6600000858306885,28.836999893188477,80.83999633789062,8177.08251953125,12.89289379119873,0,0,0,0,0
2013-11-18,93.02999877929688,108.55000305175781,3.617000102996826,28.740999221801758,80.83000183105469,8191.42236328125,12.922096252441406,0,0,0,0,0
2013-11-19,93.33999633789062,106.91999816894531,3.555999994277954,29.469999313354492,80.69999694824219,8260.169921875,12.827188491821289,0,0,0,0,0
2013-11-20,93.33000183105469,108.05999755859375,3.6740000247955322,29.469999313354492,81.11000061035156,8204.419921875,12.81258487701416,0,0,0,0,0
2013-11-21,95.44000244140625,110.08000183105469,3.7019999027252197,29.549999237060547,81.05000305175781,8099.41259765625,12.425652503967285,0,0,0,0,0
2013-11-22,94.83999633789062,111.05000305175781,3.7679998874664307,29.549999237060547,80.70999908447266,8116.7421875,12.505962371826172,0,0,0,0,0
2013-11-23,94.83999633789062,111.05000305175781,3.7679998874664307,29.549999237060547,80.70999908447266,8116.7421875,12.505962371826172,0,0,0,0,0
2013-11-24,94.83999633789062,111.05000305175781,3.7679998874664307,29.549999237060547,80.70999908447266,8116.7421875,12.505962371826172,0,0,0,0,0
2013-11-25,94.08999633789062,111.0,3.7890000343322754,28.783000946044922,80.91999816894531,8187.47216796875,12.535163879394531,0,0,0,0,0
2013-11-26,93.68000030517578,110.87999725341797,3.818000078201294,29.600000381469727,80.61000061035156,8247.9794921875,12.746879577636719,0,0,0,0,0
2013-11-27,92.30000305175781,111.30999755859375,3.8949999809265137,29.649999618530273,80.73999786376953,8295.83984375,12.834491729736328,0,0,0,0,0
2013-11-28,92.30000305175781,111.30999755859375,3.8949999809265137,29.649999618530273,80.73999786376953,8362.3896484375,12.834491729736328,0,0,0,0,0
2013-11-29,92.72000122070312,109.69000244140625,3.9539999961853027,28.89900016784668,80.68000030517578,8406.7900390625,12.944002151489258,0,0,0,0,0
2013-11-30,92.72000122070312,109.69000244140625,3.9539999961853027,28.89900016784668,80.68000030517578,8406.7900390625,12.944002151489258,0,0,0,0,0
2013-12-01,92.72000122070312,109.69000244140625,3.9539999961853027,28.89900016784668,80.68000030517578,8406.7900390625,12.944002151489258,0,0,0,0,0
2013-12-02,93.81999969482422,111.44999694824219,3.98799991607666,28.898000717163086,80.91000366210938,8414.5703125,12.70307731628418,0,0,0,0,0
2013-12-03,96.04000091552734,112.62000274658203,3.9760000705718994,29.600000381469727,80.62000274658203,8392.509765625,12.797985076904297,0,0,0,0,0
2013-12-04,97.19999694824219,111.87999725341797,3.9600000381469727,29.540000915527344,80.62999725341797,8417.9599609375,12.805286407470703,0,0,0,0,0
2013-12-05,97.37999725341797,110.9800033569336,4.131999969482422,29.565000534057617,80.2699966430664,8375.5,12.70307731628418,0,0,0,0,0
2013-12-06,97.6500015258789,111.61000061035156,4.113999843597412,29.649999618530273,80.2699966430664,8367.6796875,12.863694190979004,0,0,0,0,0
2013-12-07,97.6500015258789,111.61000061035156,4.113999843597412,29.649999618530273,80.2699966430664,8367.6796875,12.863694190979004,0,0,0,0,0
2013-12-08,97.6500015258789,111.61000061035156,4.113999843597412,29.649999618530273,80.2699966430664,8367.6796875,12.863694190979004,0,0,0,0,0
2013-12-09,97.33999633789062,109.38999938964844,4.23199987411499,28.808000564575195,80.12999725341797,8444.580078125,12.827188491821289,0,0,0,0,0
2013-12-10,98.51000213623047,109.37999725341797,4.236999988555908,29.579999923706055,79.97000122070312,8443.349609375,12.681174278259277,0,0,0,0,0
2013-12-11,97.44000244140625,109.69999694824219,4.336999893188477,29.59000015258789,79.88999938964844,8433.7294921875,12.761482238769531,0,0,0,0,0
2013-12-12,97.5,108.66999816894531,4.408999919891357,29.579999923706055,80.19999694824219,8361.2900390625,12.49866008758545,0,0,0,0,0
2013-12-13,96.5999984741211,108.83000183105469,4.35099983215332,29.600000381469727,80.20999908447266,8376.900390625,12.46945858001709,0,0,0,0,0
2013-12-14,96.5999984741211,108.83000183105469,4.35099983215332,29.600000381469727,80.20999908447266,8376.900390625,12.46945858001709,0,0,0,0,0
2013-12-15,96.5999984741211,108.83000183105469,4.35099983215332,29.600000381469727,80.20999908447266,8376.900390625,12.46945858001709,0,0,0,0,0
2013-12-16,97.4800033569336,110.47000122070312,4.2789998054504395,28.850000381469727,80.06999969482422,8313.830078125,12.49135971069336,0,0,0,0,0
2013-12-17,97.22000122070312,110.41000366210938,4.2870001792907715,29.6299991607666,80.05999755859375,8352.8896484375,12.46945858001709,0,0,0,0,0
2013-12-18,97.80000305175781,110.41000366210938,4.250999927520752,29.6200008392334,80.11000061035156,8349.0,12.411052703857422,0,0,0,0,0
2013-12-19,98.7699966430664,110.29000091552734,4.460000038146973,29.68000030517578,80.62999725341797,8407.3603515625,12.44755744934082,0,0,0,0,0
2013-12-20,99.31999969482422,111.7699966430664,4.418000221252441,29.809999465942383,80.58000183105469,8408.490234375,12.403751373291016,0,0,0,0,0
2013-12-21,99.31999969482422,111.7699966430664,4.418000221252441,29.809999465942383,80.58000183105469,8408.490234375,12.403751373291016,0,0,0,0,0
2013-12-22,99.31999969482422,111.7699966430664,4.418000221252441,29.809999465942383,80.58000183105469,8408.490234375,12.403751373291016,0,0,0,0,0
2013-12-23,98.91000366210938,111.55999755859375,4.4629998207092285,29.19300079345703,80.44999694824219,8456.419921875,12.513263702392578,0,0,0,0,0
2013-12-24,99.22000122070312,111.9000015258789,4.415999889373779,29.950000762939453,80.52999877929688,8450.4501953125,12.549764633178711,0,0,0,0,0
2013-12-25,99.22000122070312,111.9000015258789,4.415999889373779,29.950000762939453,80.52999877929688,8467.7197265625,12.549764633178711,0,0,0,0,0
2013-12-26,99.55000305175781,111.9800033569336,4.433000087738037,29.950000762939453,80.4800033569336,8485.849609375,12.542462348937988,0,0,0,0,0
2013-12-27,100.31999969482422,112.18000030517578,4.4070000648498535,29.27199935913086,80.38999938964844,8535.0,12.600870132446289,0,0,0,0,0
2013-12-28,100.31999969482422,112.18000030517578,4.4070000648498535,29.27199935913086,80.38999938964844,8535.0,12.600870132446289,0,0,0,0,0
2013-12-29,100.31999969482422,112.18000030517578,4.4070000648498535,29.27199935913086,80.38999938964844,8535.0,12.600870132446289,0,0,0,0,0
2013-12-30,99.29000091552734,111.20999908447266,4.427000045776367,29.50200080871582,80.0,8623.3896484375,12.834491729736328,0,0,0,0,0
2013-12-31,98.41999816894531,110.80000305175781,4.230000019073486,30.0,80.04000091552734,8611.4697265625,12.732278823852539,0,0,0,0,0
2014-01-01,98.41999816894531,110.80000305175781,4.230000019073486,29.774999618530273,80.04000091552734,8611.4697265625,12.732278823852539,0,0,0,0,0
2014-01-02,95.44000244140625,107.77999877929688,4.321000099182129,29.143999099731445,80.62999725341797,8612.5,12.520562171936035,0,0,0,0,0
2014-01-03,93.95999908447266,106.88999938964844,4.303999900817871,29.899999618530273,80.79000091552734,8546.5,12.374547958374023,0,0,0,0,0
2014-01-04,93.95999908447266,106.88999938964844,4.303999900817871,29.899999618530273,80.79000091552734,8546.5,12.374547958374023,0,0,0,0,0
2014-01-05,93.95999908447266,106.88999938964844,4.303999900817871,29.899999618530273,80.79000091552734,8546.5,12.374547958374023,0,0,0,0,0
2014-01-06,93.43000030517578,106.7300033569336,4.306000232696533,29.31599998474121,80.6500015258789,8499.9697265625,12.338044166564941,0,0,0,0,0
2014-01-07,93.66999816894531,107.3499984741211,4.298999786376953,30.045000076293945,80.83000183105469,8512.259765625,12.345348358154297,0,0,0,0,0
2014-01-08,92.33000183105469,107.1500015258789,4.216000080108643,30.100000381469727,81.04000091552734,8555.9697265625,12.47675895690918,0,0,0,0,0
2014-01-09,91.66000366210938,106.38999938964844,4.005000114440918,30.100000381469727,81.01000213623047,8514.6396484375,12.235837936401367,0,0,0,0,0
2014-01-10,92.72000122070312,107.25,4.052999973297119,30.079999923706055,80.66000366210938,8529.3095703125,12.338044166564941,0,0,0,0,0
2014-01-11,92.72000122070312,107.25,4.052999973297119,30.079999923706055,80.66000366210938,8529.3095703125,12.338044166564941,0,0,0,0,0
2014-01-12,92.72000122070312,107.25,4.052999973297119,30.079999923706055,80.66000366210938,8529.3095703125,12.338044166564941,0,0,0,0,0
2014-01-13,91.80000305175781,106.75,4.27400016784668,29.16699981689453,80.51000213623047,8566.16015625,12.345348358154297,0,0,0,0,0
2014-01-14,92.58999633789062,106.38999938964844,4.36899995803833,29.98200035095215,80.61000061035156,8548.099609375,12.688477516174316,0,0,0,0,0
2014-01-15,94.16999816894531,107.12999725341797,4.324999809265137,29.98200035095215,81.0,8602.509765625,12.819886207580566,0,0,0,0,0
2014-01-16,93.95999908447266,107.08999633789062,4.381999969482422,30.110000610351562,80.9000015258789,8612.0703125,13.250624656677246,0,0,0,0,0
2014-01-17,94.37000274658203,107.05999755859375,4.326000213623047,30.06999969482422,81.26000213623047,8595.9599609375,12.973200798034668,0,0,0,0,0
2014-01-18,94.37000274658203,107.05999755859375,4.326000213623047,30.06999969482422,81.26000213623047,8595.9599609375,12.973200798034668,0,0,0,0,0
2014-01-19,94.37000274658203,107.05999755859375,4.326000213623047,30.06999969482422,81.26000213623047,8595.9599609375,12.973200798034668,0,0,0,0,0
2014-01-20,94.37000274658203,107.05999755859375,4.326000213623047,29.489999771118164,81.26000213623047,8621.51953125,12.973200798034668,0,0,0,0,0
2014-01-21,94.98999786376953,107.05999755859375,4.431000232696533,29.375999450683594,81.0999984741211,8599.8603515625,12.914794921875,0,0,0,0,0
2014-01-22,96.7300033569336,108.2699966430664,4.689000129699707,30.219999313354492,81.16999816894531,8625.259765625,13.11191177368164,0,0,0,0,0
2014-01-23,97.31999969482422,107.58000183105469,4.730000019073486,30.229999542236328,80.44000244140625,8595.0595703125,12.922096252441406,0,0,0,0,0
2014-01-24,96.63999938964844,107.87999725341797,5.182000160217285,30.200000762939453,80.45999908447266,8598.26953125,12.827188491821289,0,0,0,0,0
2014-01-25,96.63999938964844,107.87999725341797,5.182000160217285,30.200000762939453,80.45999908447266,8598.26953125,12.827188491821289,0,0,0,0,0
2014-01-26,96.63999938964844,107.87999725341797,5.182000160217285,30.200000762939453,80.45999908447266,8598.26953125,12.827188491821289,0,0,0,0,0
2014-01-27,95.72000122070312,106.69000244140625,4.8470001220703125,29.631999969482422,80.5,8462.5302734375,12.520562171936035,0,0,0,0,0
2014-01-28,97.41000366210938,107.41000366210938,5.0329999923706055,30.30500030517578,80.56999969482422,8462.5302734375,12.527863502502441,0,0,0,0,0
2014-01-29,97.36000061035156,107.8499984741211,5.557000160217285,30.350000381469727,80.51000213623047,8462.5302734375,12.418352127075195,0,0,0,0,0
2014-01-30,98.2300033569336,107.94999694824219,5.011000156402588,30.280000686645508,81.08999633789062,8462.5302734375,12.513263702392578,0,0,0,0,0
2014-01-31,97.48999786376953,106.4000015258789,4.942999839782715,30.350000381469727,81.2699966430664,8462.5302734375,12.35264778137207,0,0,0,0,0
2014-02-01,97.48999786376953,106.4000015258789,4.942999839782715,30.350000381469727,81.2699966430664,8462.5302734375,12.35264778137207,0,0,0,0,0
2014-02-02,97.48999786376953,106.4000015258789,4.942999839782715,30.350000381469727,81.2699966430664,8462.5302734375,12.35264778137207,0,0,0,0,0
2014-02-03,96.43000030517578,106.04000091552734,4.90500020980835,29.761999130249023,81.01000213623047,8462.5302734375,12.243138313293457,0,0,0,0,0
2014-02-04,97.19000244140625,105.77999877929688,5.375,30.34000015258789,81.12000274658203,8462.5302734375,12.221234321594238,0,0,0,0,0
2014-02-05,97.37999725341797,106.25,5.03000020980835,30.290000915527344,81.02999877929688,8264.4404296875,12.016820907592773,0,0,0,0,0
2014-02-06,97.83999633789062,107.19000244140625,4.931000232696533,30.350000381469727,80.88999938964844,8310.9697265625,12.403751373291016,0,0,0,0,0
2014-02-07,99.87999725341797,109.56999969482422,4.775000095367432,30.274999618530273,80.69000244140625,8387.3095703125,12.527863502502441,0,0,0,0,0
2014-02-08,99.87999725341797,109.56999969482422,4.775000095367432,30.274999618530273,80.69000244140625,8387.3095703125,12.527863502502441,0,0,0,0,0
2014-02-09,99.87999725341797,109.56999969482422,4.775000095367432,30.274999618530273,80.69000244140625,8387.3095703125,12.527863502502441,0,0,0,0,0
2014-02-10,100.05999755859375,108.62999725341797,4.578999996185303,29.410999298095703,80.66999816894531,8391.91015625,12.600870132446289,0,0,0,0,0
2014-02-11,99.94000244140625,108.68000030517578,4.823999881744385,30.31999969482422,80.62999725341797,8430.51953125,12.695775985717773,0,0,0,0,0
2014-02-12,100.37000274658203,108.79000091552734,4.822000026702881,30.31999969482422,80.68000030517578,8510.830078125,12.688477516174316,0,0,0,0,0
2014-02-13,100.3499984741211,108.7300033569336,5.2230000495910645,30.229999542236328,80.29000091552734,8467.66015625,12.739579200744629,0,0,0,0,0
2014-02-14,100.30000305175781,108.7300033569336,5.214000225067139,30.315000534057617,80.12999725341797,8513.6396484375,13.060803413391113,0,0,0,0,0
2014-02-15,100.30000305175781,108.7300033569336,5.214000225067139,30.315000534057617,80.12999725341797,8513.6396484375,13.060803413391113,0,0,0,0,0
2014-02-16,100.30000305175781,108.7300033569336,5.214000225067139,30.315000534057617,80.12999725341797,8513.6396484375,13.060803413391113,0,0,0,0,0
2014-02-17,100.30000305175781,108.7300033569336,5.214000225067139,29.562000274658203,80.12999725341797,8519.509765625,13.060803413391113,0,0,0,0,0
2014-02-18,102.43000030517578,108.7300033569336,5.551000118255615,29.533000946044922,80.01000213623047,8556.1904296875,12.987804412841797,0,0,0,0,0
2014-02-19,103.30999755859375,110.47000122070312,6.14900016784668,30.280000686645508,80.16999816894531,8576.9697265625,12.965900421142578,0,0,0,0,0
2014-02-20,102.91999816894531,110.30000305175781,6.064000129699707,30.280000686645508,80.29000091552734,8524.580078125,12.914794921875,0,0,0,0,0
2014-02-21,102.19999694824219,109.8499984741211,6.135000228881836,30.309999465942383,80.23999786376953,8601.8203125,12.951297760009766,0,0,0,0,0
2014-02-22,102.19999694824219,109.8499984741211,6.135000228881836,30.309999465942383,80.23999786376953,8601.8203125,12.951297760009766,0,0,0,0,0
2014-02-23,102.19999694824219,109.8499984741211,6.135000228881836,30.309999465942383,80.23999786376953,8601.8203125,12.951297760009766,0,0,0,0,0
2014-02-24,102.81999969482422,110.63999938964844,5.445000171661377,29.542999267578125,80.20999908447266,8560.5703125,12.914794921875,0,0,0,0,0
2014-02-25,101.83000183105469,109.51000213623047,5.0960001945495605,30.350000381469727,80.1500015258789,8575.580078125,12.863694190979004,0,0,0,0,0
2014-02-26,102.58999633789062,109.5199966430664,4.855000019073486,30.34000015258789,80.41000366210938,8600.8203125,13.017005920410156,0,0,0,0,0
2014-02-27,102.4000015258789,108.95999908447266,4.511000156402588,30.290000915527344,80.29000091552734,8639.5400390625,13.148411750793457,0,0,0,0,0
2014-02-28,102.58999633789062,109.06999969482422,4.609000205993652,30.350000381469727,79.77999877929688,8639.5400390625,13.192220687866211,0,0,0,0,0
2014-03-01,102.58999633789062,109.06999969482422,4.609000205993652,30.350000381469727,79.77999877929688,8639.5400390625,13.192220687866211,0,0,0,0,0
2014-03-02,102.58999633789062,109.06999969482422,4.609000205993652,30.350000381469727,79.77999877929688,8639.5400390625,13.192220687866211,0,0,0,0,0
2014-03-03,104.91999816894531,111.19999694824219,4.492000102996826,29.56999969482422,80.06999969482422,8601.9404296875,13.163015365600586,0,0,0,0,0
2014-03-04,103.33000183105469,109.30000305175781,4.666999816894531,30.290000915527344,80.16000366210938,8554.5,13.170317649841309,0,0,0,0,0
2014-03-05,101.44999694824219,107.76000213623047,4.5229997634887695,30.329999923706055,80.11000061035156,8632.8896484375,13.425840377807617,0,0,0,0,0
2014-03-06,101.55999755859375,108.0999984741211,4.6620001792907715,30.299999237060547,79.68000030517578,8713.75,13.776269912719727,0,0,0,0,0
2014-03-07,102.58000183105469,109.0,4.618000030517578,30.299999237060547,79.72000122070312,8713.919921875,13.703261375427246,0,0,0,0,0
2014-03-08,102.58000183105469,109.0,4.618000030517578,30.299999237060547,79.72000122070312,8713.919921875,13.703261375427246,0,0,0,0,0
2014-03-09,102.58000183105469,109.0,4.618000030517578,30.299999237060547,79.72000122070312,8713.919921875,13.703261375427246,0,0,0,0,0
2014-03-10,101.12000274658203,108.08000183105469,4.651000022888184,29.549999237060547,79.75,8665.2001953125,13.841974258422852,0,0,0,0,0
2014-03-11,100.02999877929688,108.55000305175781,4.605000019073486,30.290000915527344,79.7699966430664,8702.2900390625,13.703261375427246,0,0,0,0,0
2014-03-12,97.98999786376953,108.0199966430664,4.489999771118164,30.290000915527344,79.61000061035156,8684.6904296875,14.185102462768555,0,0,0,0,0
2014-03-13,98.19999694824219,107.38999938964844,4.382999897003174,30.325000762939453,79.62000274658203,8747.75,14.068293571472168,0,0,0,0,0
2014-03-14,98.88999938964844,108.56999969482422,4.425000190734863,30.309999465942383,79.44000244140625,8687.58984375,13.79817008972168,0,0,0,0,0
2014-03-15,98.88999938964844,108.56999969482422,4.425000190734863,30.309999465942383,79.44000244140625,8687.58984375,13.79817008972168,0,0,0,0,0
2014-03-16,98.88999938964844,108.56999969482422,4.425000190734863,30.309999465942383,79.44000244140625,8687.58984375,13.79817008972168,0,0,0,0,0
2014-03-17,98.08000183105469,108.54000091552734,4.535999774932861,29.566999435424805,79.38999938964844,8700.0595703125,13.951478958129883,0,0,0,0,0
2014-03-18,99.69999694824219,106.79000091552734,4.455999851226807,30.30500030517578,79.41000366210938,8731.900390625,14.002588272094727,0,0,0,0,0
2014-03-19,100.37000274658203,105.8499984741211,4.484000205993652,30.43000030517578,79.98999786376953,8689.419921875,13.783568382263184,0,0,0,0,0
2014-03-20,99.43000030517578,106.44999694824219,4.36899995803833,30.43000030517578,80.20999908447266,8597.2900390625,13.761669158935547,0,0,0,0,0
2014-03-21,99.45999908447266,106.91999816894531,4.313000202178955,30.635000228881836,80.11000061035156,8577.1298828125,13.528045654296875,0,0,0,0,0
2014-03-22,99.45999908447266,106.91999816894531,4.313000202178955,30.635000228881836,80.11000061035156,8577.1298828125,13.528045654296875,0,0,0,0,0
2014-03-23,99.45999908447266,106.91999816894531,4.313000202178955,30.635000228881836,80.11000061035156,8577.1298828125,13.528045654296875,0,0,0,0,0
2014-03-24,99.5999984741211,106.80999755859375,4.276000022888184,29.8439998626709,79.93000030517578,8605.33984375,13.608352661132812,0,0,0,0,0
2014-03-25,99.19000244140625,106.98999786376953,4.410999774932861,30.559999465942383,79.94000244140625,8689.259765625,13.958785057067871,0,0,0,0,0
2014-03-26,100.26000213623047,107.02999877929688,4.4019999504089355,30.5,79.9800033569336,8737.2294921875,13.936877250671387,0,0,0,0,0
2014-03-27,101.27999877929688,107.83000183105469,4.584000110626221,30.5,80.11000061035156,8779.5302734375,14.177806854248047,0,0,0,0,0
2014-03-28,101.66999816894531,108.06999969482422,4.485000133514404,30.489999771118164,80.18000030517578,8774.599609375,14.33841609954834,0,0,0,0,0
2014-03-29,101.66999816894531,108.06999969482422,4.485000133514404,30.489999771118164,80.18000030517578,8774.599609375,14.33841609954834,0,0,0,0,0
2014-03-30,101.66999816894531,108.06999969482422,4.485000133514404,30.489999771118164,80.18000030517578,8774.599609375,14.33841609954834,0,0,0,0,0
2014-03-31,101.58000183105469,107.76000213623047,4.370999813079834,29.702999114990234,80.0999984741211,8849.240234375,14.615839004516602,0,0,0,0,0
2014-04-01,99.73999786376953,105.62000274658203,4.276000022888184,30.489999771118164,80.08000183105469,8873.1103515625,14.834856033325195,0,0,0,0,0
2014-04-02,99.62000274658203,104.79000091552734,4.363999843597412,30.290000915527344,80.22000122070312,8905.4091796875,14.630441665649414,0,0,0,0,0
2014-04-03,100.29000091552734,106.1500015258789,4.46999979019165,29.667999267578125,80.47000122070312,8888.4990234375,14.557435035705566,0,0,0,0,0
2014-04-04,101.13999938964844,106.72000122070312,4.439000129699707,30.280000686645508,80.41999816894531,8888.4990234375,14.433327674865723,0,0,0,0,0
2014-04-05,101.13999938964844,106.72000122070312,4.439000129699707,30.280000686645508,80.41999816894531,8888.4990234375,14.433327674865723,0,0,0,0,0
2014-04-06,101.13999938964844,106.72000122070312,4.439000129699707,30.280000686645508,80.41999816894531,8888.4990234375,14.433327674865723,0,0,0,0,0
2014-04-07,100.44000244140625,105.81999969482422,4.47599983215332,29.559999465942383,80.22000122070312,8876.3994140625,14.41142463684082,0,0,0,0,0
2014-04-08,102.55999755859375,107.66999816894531,4.533999919891357,30.25,79.75,8888.208984375,14.586642265319824,0,0,0,0,0
2014-04-09,103.5999984741211,107.9800033569336,4.585999965667725,30.110000610351562,79.4800033569336,8930.529296875,14.710744857788086,0,0,0,0,0
2014-04-10,103.4000015258789,107.45999908447266,4.65500020980835,29.989999771118164,79.37999725341797,8948.05859375,14.469822883605957,0,0,0,0,0
2014-04-11,103.73999786376953,107.33000183105469,4.619999885559082,29.309999465942383,79.44999694824219,8908.0087890625,14.520936012268066,0,0,0,0,0
2014-04-12,103.73999786376953,107.33000183105469,4.619999885559082,29.309999465942383,79.44999694824219,8908.0087890625,14.520936012268066,0,0,0,0,0
2014-04-13,103.73999786376953,107.33000183105469,4.619999885559082,29.309999465942383,79.44999694824219,8908.0087890625,14.520936012268066,0,0,0,0,0
2014-04-14,104.05000305175781,109.06999969482422,4.559999942779541,29.44700050354004,79.7300033569336,8857.3798828125,14.791051864624023,0,0,0,0,0
2014-04-15,103.75,108.73999786376953,4.566999912261963,30.15999984741211,79.80000305175781,8916.6689453125,14.9735689163208,0,0,0,0,0
2014-04-16,103.76000213623047,108.80000305175781,4.53000020980835,30.219999313354492,79.81999969482422,8923.779296875,14.710744857788086,0,0,0,0,0
2014-04-17,104.30000305175781,109.52999877929688,4.741000175476074,30.1299991607666,79.83000183105469,8944.119140625,15.126884460449219,0,0,0,0,0
2014-04-18,104.30000305175781,109.52999877929688,4.741000175476074,30.149999618530273,79.83000183105469,8966.619140625,15.126884460449219,0,0,0,0,0
2014-04-19,104.30000305175781,109.52999877929688,4.741000175476074,30.149999618530273,79.83000183105469,8966.619140625,15.126884460449219,0,0,0,0,0
2014-04-20,104.30000305175781,109.52999877929688,4.741000175476074,30.149999618530273,79.83000183105469,8966.619140625,15.126884460449219,0,0,0,0,0
2014-04-21,104.37000274658203,109.94999694824219,4.697000026702881,29.506999969482422,79.94999694824219,8951.1494140625,15.01007080078125,0,0,0,0,0
2014-04-22,102.12999725341797,109.2699966430664,4.738999843597412,30.190000534057617,79.91000366210938,8974.6689453125,15.01007080078125,0,0,0,0,0
2014-04-23,101.44000244140625,109.11000061035156,4.730000019073486,30.190000534057617,79.86000061035156,8956.87890625,14.90056037902832,0,0,0,0,0
2014-04-24,101.94000244140625,110.33000183105469,4.704999923706055,30.190000534057617,79.80000305175781,8945.4091796875,15.01007080078125,0,0,0,0,0
2014-04-25,100.5999984741211,109.58000183105469,4.646999835968018,30.28499984741211,79.7699966430664,8774.080078125,14.535533905029297,0,0,0,0,0
2014-04-26,100.5999984741211,109.58000183105469,4.646999835968018,30.28499984741211,79.7699966430664,8774.080078125,14.535533905029297,0,0,0,0,0
2014-04-27,100.5999984741211,109.58000183105469,4.646999835968018,30.28499984741211,79.7699966430664,8774.080078125,14.535533905029297,0,0,0,0,0
2014-04-28,100.83999633789062,108.12000274658203,4.795000076293945,29.56399917602539,79.68000030517578,8809.669921875,14.820257186889648,0,0,0,0,0
2014-04-29,101.27999877929688,108.9800033569336,4.830999851226807,30.28499984741211,79.80999755859375,8872.0703125,14.67424488067627,0,0,0,0,0
2014-04-30,99.73999786376953,108.06999969482422,4.815000057220459,29.450000762939453,79.48999786376953,8791.400390625,14.67424488067627,0,0,0,0,0
2014-05-01,99.41999816894531,107.76000213623047,4.718999862670898,30.149999618530273,79.52999877929688,8791.400390625,14.433327674865723,0,0,0,0,0
2014-05-02,99.76000213623047,108.58999633789062,4.673999786376953,30.149999618530273,79.5199966430664,8867.2802734375,14.32381534576416,0,0,0,0,0
2014-05-03,99.76000213623047,108.58999633789062,4.673999786376953,30.149999618530273,79.5199966430664,8867.2802734375,14.32381534576416,0,0,0,0,0
2014-05-04,99.76000213623047,108.58999633789062,4.673999786376953,30.149999618530273,79.5199966430664,8867.2802734375,14.32381534576416,0,0,0,0,0
2014-05-05,99.4800033569336,107.72000122070312,4.688000202178955,30.170000076293945,79.48999786376953,8870.3896484375,14.35301399230957,0,0,0,0,0
2014-05-06,99.5,107.05999755859375,4.798999786376953,29.365999221801758,79.13999938964844,8912.3486328125,14.601241111755371,0,0,0,0,0
2014-05-07,100.7699966430664,108.12999725341797,4.739999771118164,30.110000610351562,79.22000122070312,8893.1787109375,14.842159271240234,0,0,0,0,0
2014-05-08,100.26000213623047,108.04000091552734,4.572000026702881,30.110000610351562,79.43000030517578,8930.859375,14.9735689163208,0,0,0,0,0
2014-05-09,99.98999786376953,107.88999938964844,4.531000137329102,30.110000610351562,79.9000015258789,8889.6494140625,14.90056037902832,0,0,0,0,0
2014-05-10,99.98999786376953,107.88999938964844,4.531000137329102,30.110000610351562,79.9000015258789,8889.6494140625,14.90056037902832,0,0,0,0,0
2014-05-11,99.98999786376953,107.88999938964844,4.531000137329102,30.110000610351562,79.9000015258789,8889.6494140625,14.90056037902832,0,0,0,0,0
2014-05-12,100.58999633789062,108.41000366210938,4.434000015258789,30.110000610351562,79.9000015258789,8808.5703125,15.031973838806152,0,0,0,0,0
2014-05-13,101.69999694824219,109.23999786376953,4.357999801635742,30.200000762939453,80.13999938964844,8817.900390625,15.068477630615234,0,0,0,0,0
2014-05-14,102.37000274658203,110.19000244140625,4.367000102996826,30.200000762939453,80.06999969482422,8875.119140625,15.024676322937012,0,0,0,0,0
2014-05-15,101.5,110.44000244140625,4.468999862670898,30.190000534057617,80.0,8880.609375,15.083080291748047,0,0,0,0,0
2014-05-16,102.0199966430664,110.41999816894531,4.413000106811523,30.190000534057617,80.04000091552734,8888.4091796875,15.16339111328125,0,0,0,0,0
2014-05-17,102.0199966430664,110.41999816894531,4.413000106811523,30.190000534057617,80.04000091552734,8888.4091796875,15.16339111328125,0,0,0,0,0
2014-05-18,102.0199966430664,110.41999816894531,4.413000106811523,30.190000534057617,80.04000091552734,8888.4091796875,15.16339111328125,0,0,0,0,0
2014-05-19,102.61000061035156,109.37000274658203,4.46999979019165,29.413000106811523,79.98999786376953,8899.859375,15.083080291748047,0,0,0,0,0
2014-05-20,102.44000244140625,109.69000244140625,4.552000045776367,30.1299991607666,80.04000091552734,8887.7490234375,14.9735689163208,0,0,0,0,0
2014-05-21,104.06999969482422,110.55000305175781,4.4730000495910645,30.149999618530273,80.0999984741211,8862.3798828125,14.966268539428711,0,0,0,0,0
2014-05-22,103.73999786376953,110.36000061035156,4.359000205993652,30.158000946044922,80.25,8969.5888671875,15.068477630615234,0,0,0,0,0
2014-05-23,104.3499984741211,110.54000091552734,4.40500020980835,30.125,80.38999938964844,9008.1787109375,15.083080291748047,0,0,0,0,0
2014-05-24,104.3499984741211,110.54000091552734,4.40500020980835,30.125,80.38999938964844,9008.1787109375,15.083080291748047,0,0,0,0,0
2014-05-25,104.3499984741211,110.54000091552734,4.40500020980835,30.125,80.38999938964844,9008.1787109375,15.083080291748047,0,0,0,0,0
2014-05-26,104.3499984741211,110.54000091552734,4.40500020980835,30.079999923706055,80.38999938964844,9036.0791015625,15.083080291748047,0,0,0,0,0
2014-05-27,104.11000061035156,110.0199966430664,4.505000114440918,29.371999740600586,80.3499984741211,9055.248046875,15.250993728637695,0,0,0,0,0
2014-05-28,102.72000122070312,109.80999755859375,4.61899995803833,29.430999755859375,80.56999969482422,9121.66796875,15.229094505310059,0,0,0,0,0
2014-05-29,103.58000183105469,109.97000122070312,4.559000015258789,30.09000015258789,80.48999786376953,9108.9580078125,15.112282752990723,0,0,0,0,0
2014-05-30,102.70999908447266,109.41000366210938,4.541999816894531,29.975000381469727,80.37000274658203,9075.8681640625,15.01007080078125,0,0,0,0,0
2014-05-31,102.70999908447266,109.41000366210938,4.541999816894531,29.975000381469727,80.37000274658203,9075.8681640625,15.01007080078125,0,0,0,0,0
2014-06-01,102.70999908447266,109.41000366210938,4.541999816894531,29.975000381469727,80.37000274658203,9075.8681640625,15.01007080078125,0,0,0,0,0
2014-06-02,102.47000122070312,108.83000183105469,4.611999988555908,30.01099967956543,80.63999938964844,9075.8681640625,15.083080291748047,0,0,0,0,0
2014-06-03,102.66000366210938,108.81999969482422,4.629000186920166,30.059999465942383,80.55000305175781,9123.41796875,15.506510734558105,0,0,0,0,0
2014-06-04,102.63999938964844,108.4000015258789,4.639999866485596,30.065000534057617,80.66999816894531,9119.91796875,15.404308319091797,0,0,0,0,0
2014-06-05,102.4800033569336,108.79000091552734,4.701000213623047,30.04599952697754,80.37000274658203,9140.677734375,15.47731876373291,0,0,0,0,0
2014-06-06,102.66000366210938,108.61000061035156,4.710000038146973,29.201000213623047,80.41000366210938,9134.41796875,15.397007942199707,0,0,0,0,0
2014-06-07,102.66000366210938,108.61000061035156,4.710000038146973,29.201000213623047,80.41000366210938,9134.41796875,15.397007942199707,0,0,0,0,0
2014-06-08,102.66000366210938,108.61000061035156,4.710000038146973,29.201000213623047,80.41000366210938,9134.41796875,15.397007942199707,0,0,0,0,0
2014-06-09,104.41000366210938,109.98999786376953,4.644999980926514,29.274999618530273,80.6500015258789,9162.6982421875,15.484614372253418,0,0,0,0,0
2014-06-10,104.3499984741211,109.5199966430664,4.53000020980835,29.989999771118164,80.81999969482422,9222.328125,15.550313949584961,0,0,0,0,0
2014-06-11,104.4000015258789,109.94999694824219,4.507999897003174,29.98900032043457,80.79000091552734,9229.7578125,15.426204681396484,0,0,0,0,0
2014-06-12,106.52999877929688,113.0199966430664,4.76200008392334,30.020000457763672,80.58000183105469,9204.6083984375,15.41160774230957,0,0,0,0,0
2014-06-13,106.91000366210938,113.41000366210938,4.738999843597412,29.98900032043457,80.58000183105469,9196.34765625,15.397007942199707,0,0,0,0,0
2014-06-14,106.91000366210938,113.41000366210938,4.738999843597412,29.98900032043457,80.58000183105469,9196.34765625,15.397007942199707,0,0,0,0,0
2014-06-15,106.91000366210938,113.41000366210938,4.738999843597412,29.98900032043457,80.58000183105469,9196.34765625,15.397007942199707,0,0,0,0,0
2014-06-16,106.9000015258789,113.22000122070312,4.706999778747559,29.989999771118164,80.47000122070312,9202.8876953125,15.484614372253418,0,0,0,0,0
2014-06-17,106.36000061035156,113.44999694824219,4.709000110626221,30.010000228881836,80.62999725341797,9240.5576171875,15.521122932434082,0,0,0,0,0
2014-06-18,105.97000122070312,114.26000213623047,4.658999919891357,30.040000915527344,80.58000183105469,9279.8876953125,15.586821556091309,0,0,0,0,0
2014-06-19,106.43000030517578,115.05999755859375,4.584000110626221,29.989999771118164,80.31999969482422,9316.767578125,15.835037231445312,0,0,0,0,0
2014-06-20,107.26000213623047,114.80999755859375,4.531000137329102,29.969999313354492,80.37000274658203,9273.748046875,15.440808296203613,0,0,0,0,0
2014-06-21,107.26000213623047,114.80999755859375,4.531000137329102,29.969999313354492,80.37000274658203,9273.748046875,15.440808296203613,0,0,0,0,0
2014-06-22,107.26000213623047,114.80999755859375,4.531000137329102,29.969999313354492,80.37000274658203,9273.748046875,15.440808296203613,0,0,0,0,0
2014-06-23,106.16999816894531,114.12000274658203,4.446000099182129,29.261999130249023,80.26000213623047,9228.3076171875,15.221792221069336,0,0,0,0,0
2014-06-24,106.02999877929688,114.45999908447266,4.534999847412109,29.238000869750977,80.33000183105469,9246.158203125,15.170687675476074,0,0,0,0,0
2014-06-25,106.5,114.0,4.552999973297119,29.950000762939453,80.22000122070312,9242.1181640625,15.353205680847168,0,0,0,0,0
2014-06-26,105.83999633789062,113.20999908447266,4.400000095367432,29.954999923706055,80.2300033569336,9320.8984375,15.345905303955078,0,0,0,0,0
2014-06-27,105.73999786376953,113.30000305175781,4.408999919891357,29.905000686645508,80.04000091552734,9306.7880859375,15.535714149475098,0,0,0,0,0
2014-06-28,105.73999786376953,113.30000305175781,4.408999919891357,29.905000686645508,80.04000091552734,9306.7880859375,15.535714149475098,0,0,0,0,0
2014-06-29,105.73999786376953,113.30000305175781,4.408999919891357,29.905000686645508,80.04000091552734,9306.7880859375,15.535714149475098,0,0,0,0,0
2014-06-30,105.37000274658203,112.36000061035156,4.460999965667725,29.860000610351562,79.77999877929688,9393.0283203125,15.616024017333984,0,0,0,0,0
2014-07-01,105.33999633789062,112.29000091552734,4.454999923706055,29.864999771118164,79.81999969482422,9441.8779296875,16.039461135864258,0,0,0,0,0
2014-07-02,104.4800033569336,111.23999786376953,4.35699987411499,29.19099998474121,79.95999908447266,9484.9169921875,16.338790893554688,0,0,0,0,0
2014-07-03,104.05999755859375,111.0,4.406000137329102,29.14299964904785,80.20999908447266,9526.1875,16.5797061920166,0,0,0,0,0
2014-07-04,104.05999755859375,111.0,4.406000137329102,29.905000686645508,80.20999908447266,9510.0068359375,16.5797061920166,0,0,0,0,0
2014-07-05,104.05999755859375,111.0,4.406000137329102,29.905000686645508,80.20999908447266,9510.0068359375,16.5797061920166,0,0,0,0,0
2014-07-06,104.05999755859375,111.0,4.406000137329102,29.905000686645508,80.20999908447266,9510.0068359375,16.5797061920166,0,0,0,0,0
2014-07-07,103.52999877929688,110.23999786376953,4.224999904632568,29.1560001373291,80.22000122070312,9520.1572265625,16.55050277709961,0,0,0,0,0
2014-07-08,103.4000015258789,108.94000244140625,4.203999996185303,29.899999618530273,80.18000030517578,9530.9375,16.47749900817871,0,0,0,0,0
2014-07-09,102.29000091552734,108.27999877929688,4.170000076293945,29.8799991607666,79.98999786376953,9489.9375,16.36798858642578,0,0,0,0,0
2014-07-10,102.93000030517578,108.66999816894531,4.119999885559082,29.097999572753906,80.12999725341797,9565.076171875,16.754920959472656,0,0,0,0,0
2014-07-11,100.83000183105469,106.66000366210938,4.145999908447266,29.926000595092773,80.19000244140625,9495.796875,16.652711868286133,0,0,0,0,0
2014-07-12,100.83000183105469,106.66000366210938,4.145999908447266,29.926000595092773,80.19000244140625,9495.796875,16.652711868286133,0,0,0,0,0
2014-07-13,100.83000183105469,106.66000366210938,4.145999908447266,29.926000595092773,80.19000244140625,9495.796875,16.652711868286133,0,0,0,0,0
2014-07-14,100.91000366210938,106.9800033569336,4.146999835968018,29.959999084472656,80.19000244140625,9520.2568359375,16.915475845336914,0,0,0,0,0
2014-07-15,99.95999908447266,106.0199966430664,4.0970001220703125,29.940000534057617,80.38999938964844,9569.1259765625,16.773645401000977,0,0,0,0,0
2014-07-16,101.19999694824219,105.8499984741211,4.11899995803833,29.940000534057617,80.55999755859375,9484.6875,15.624052047729492,0,0,0,0,0
2014-07-17,103.19000244140625,105.95999908447266,3.9539999961853027,29.969999313354492,80.5199966430664,9408.1982421875,15.079109191894531,0,0,0,0,0
2014-07-18,103.12999725341797,107.23999786376953,3.9509999752044678,30.030000686645508,80.5199966430664,9400.927734375,15.288127899169922,0,0,0,0,0
2014-07-19,103.12999725341797,107.23999786376953,3.9509999752044678,30.030000686645508,80.5199966430664,9400.927734375,15.288127899169922,0,0,0,0,0
2014-07-20,103.12999725341797,107.23999786376953,3.9509999752044678,30.030000686645508,80.5199966430664,9400.927734375,15.288127899169922,0,0,0,0,0
2014-07-21,104.58999633789062,107.68000030517578,3.8489999771118164,29.232999801635742,80.55999755859375,9440.927734375,15.250805854797363,0,0,0,0,0
2014-07-22,104.41999816894531,107.33000183105469,3.7720000743865967,29.969999313354492,80.77999877929688,9499.3173828125,15.459821701049805,0,0,0,0,0
2014-07-23,103.12000274658203,108.02999877929688,3.76200008392334,29.288999557495117,80.80999755859375,9499.3173828125,15.43742847442627,0,0,0,0,0
2014-07-24,102.06999969482422,107.06999969482422,3.8469998836517334,29.937000274658203,80.87000274658203,9527.4970703125,15.59418773651123,0,0,0,0,0
2014-07-25,102.08999633789062,108.38999938964844,3.7809998989105225,29.94499969482422,81.02999877929688,9439.248046875,15.191084861755371,0,0,0,0,0
2014-07-26,102.08999633789062,108.38999938964844,3.7809998989105225,29.94499969482422,81.02999877929688,9439.248046875,15.191084861755371,0,0,0,0,0
2014-07-27,102.08999633789062,108.38999938964844,3.7809998989105225,29.94499969482422,81.02999877929688,9439.248046875,15.191084861755371,0,0,0,0,0
2014-07-28,101.66999816894531,107.56999969482422,3.746999979019165,29.959999084472656,81.02999877929688,9420.1376953125,15.206010818481445,0,0,0,0,0
2014-07-29,100.97000122070312,107.72000122070312,3.808000087738037,29.959999084472656,81.20999908447266,9391.837890625,15.33292007446289,0,0,0,0,0
2014-07-30,100.2699966430664,106.51000213623047,3.7860000133514404,29.950000762939453,81.41999816894531,9446.9775390625,15.467288970947266,0,0,0,0,0
2014-07-31,98.16999816894531,106.0199966430664,3.8410000801086426,29.993000030517578,81.45999908447266,9315.8076171875,14.92981243133545,0,0,0,0,0
2014-08-01,97.87999725341797,104.83999633789062,3.7980000972747803,30.05900001525879,81.30000305175781,9266.4677734375,15.079109191894531,0,0,0,0,0
2014-08-02,97.87999725341797,104.83999633789062,3.7980000972747803,30.05900001525879,81.30000305175781,9266.4677734375,15.079109191894531,0,0,0,0,0
2014-08-03,97.87999725341797,104.83999633789062,3.7980000972747803,30.05900001525879,81.30000305175781,9266.4677734375,15.079109191894531,0,0,0,0,0
2014-08-04,98.29000091552734,105.41000366210938,3.8340001106262207,29.989999771118164,81.33000183105469,9330.1484375,15.310519218444824,0,0,0,0,0
2014-08-05,97.37999725341797,104.61000061035156,3.8970000743865967,29.988000869750977,81.5199966430664,9141.3984375,14.780513763427734,0,0,0,0,0
2014-08-06,96.91999816894531,104.58999633789062,3.933000087738037,29.267000198364258,81.44000244140625,9143.927734375,14.959676742553711,0,0,0,0,0
2014-08-07,97.33999633789062,105.44000244140625,3.875999927520752,29.999000549316406,81.5199966430664,9131.3984375,14.862627029418945,0,0,0,0,0
2014-08-08,97.6500015258789,105.0199966430664,3.9619998931884766,29.999000549316406,81.38999938964844,9085.91796875,14.773046493530273,0,0,0,0,0
2014-08-09,97.6500015258789,105.0199966430664,3.9619998931884766,29.999000549316406,81.38999938964844,9085.91796875,14.773046493530273,0,0,0,0,0
2014-08-10,97.6500015258789,105.0199966430664,3.9619998931884766,29.999000549316406,81.38999938964844,9085.91796875,14.773046493530273,0,0,0,0,0
2014-08-11,98.08000183105469,104.68000030517578,3.9649999141693115,29.989999771118164,81.47000122070312,9172.8681640625,14.967138290405273,0,0,0,0,0
2014-08-12,97.37000274658203,103.0199966430664,3.9739999771118164,29.989999771118164,81.5,9163.078125,14.922347068786621,0,0,0,0,0
2014-08-13,97.58999633789062,104.27999877929688,3.8310000896453857,30.020000457763672,81.5999984741211,9231.267578125,15.176156044006348,0,0,0,0,0
2014-08-14,95.58000183105469,102.01000213623047,3.9059998989105225,30.020000457763672,81.58999633789062,9230.568359375,15.325453758239746,0,0,0,0,0
2014-08-15,97.3499984741211,101.94999694824219,3.7760000228881836,29.96500015258789,81.41999816894531,9206.767578125,15.265734672546387,0,0,0,0,0
2014-08-16,97.3499984741211,101.94999694824219,3.7760000228881836,29.96500015258789,81.41999816894531,9206.767578125,15.265734672546387,0,0,0,0,0
2014-08-17,97.3499984741211,101.94999694824219,3.7760000228881836,29.96500015258789,81.41999816894531,9206.767578125,15.265734672546387,0,0,0,0,0
2014-08-18,96.41000366210938,101.5999984741211,3.7920000553131104,29.179000854492188,81.58000183105469,9141.267578125,15.280661582946777,0,0,0,0,0
2014-08-19,94.4800033569336,101.55999755859375,3.877000093460083,29.218000411987305,81.87999725341797,9243.73828125,15.482218742370605,0,0,0,0,0
2014-08-20,96.06999969482422,102.27999877929688,3.822999954223633,29.246000289916992,82.25,9288.0078125,15.556861877441406,0,0,0,0,0
2014-08-21,93.95999908447266,102.62999725341797,3.8889999389648438,29.23200035095215,82.1500015258789,9253.337890625,15.392635345458984,0,0,0,0,0
2014-08-22,93.6500015258789,102.29000091552734,3.8399999141693115,29.277999877929688,82.33999633789062,9380.0576171875,15.549397468566895,0,0,0,0,0
2014-08-23,93.6500015258789,102.29000091552734,3.8399999141693115,29.277999877929688,82.33999633789062,9380.0576171875,15.549397468566895,0,0,0,0,0
2014-08-24,93.6500015258789,102.29000091552734,3.8399999141693115,29.277999877929688,82.33999633789062,9380.0576171875,15.549397468566895,0,0,0,0,0
2014-08-25,93.3499984741211,102.6500015258789,3.937000036239624,29.215999603271484,82.55000305175781,9390.578125,15.43742847442627,0,0,0,0,0
2014-08-26,93.86000061035156,102.5,3.9110000133514404,29.243999481201172,82.6500015258789,9393.91796875,15.527002334594727,0,0,0,0,0
2014-08-27,93.87999725341797,102.72000122070312,3.9570000171661377,29.191999435424805,82.43000030517578,9485.546875,15.609115600585938,0,0,0,0,0
2014-08-28,94.55000305175781,102.45999908447266,4.044000148773193,29.121000289916992,82.4800033569336,9478.3271484375,15.609115600585938,0,0,0,0,0
2014-08-29,95.95999908447266,103.19000244140625,4.065000057220459,29.118999481201172,82.75,9436.2275390625,15.631511688232422,0,0,0,0,0
2014-08-30,95.95999908447266,103.19000244140625,4.065000057220459,29.118999481201172,82.75,9436.2275390625,15.631511688232422,0,0,0,0,0
2014-08-31,95.95999908447266,103.19000244140625,4.065000057220459,29.118999481201172,82.75,9436.2275390625,15.631511688232422,0,0,0,0,0
2014-09-01,95.95999908447266,103.19000244140625,4.065000057220459,29.232999801635742,82.75,9513.0166015625,15.631511688232422,0,0,0,0,0
2014-09-02,92.87999725341797,100.33999633789062,3.890000104904175,29.117000579833984,82.98999786376953,9399.677734375,15.736027717590332,0,0,0,0,0
2014-09-03,95.54000091552734,102.7699966430664,3.8469998836517334,29.145999908447266,82.87000274658203,9450.3076171875,15.93757438659668,0,0,0,0,0
2014-09-04,94.44999694824219,101.83000183105469,3.819000005722046,29.145999908447266,83.81999969482422,9428.84765625,15.818133354187012,0,0,0,0,0
2014-09-05,93.29000091552734,100.81999969482422,3.7929999828338623,29.56399917602539,83.76000213623047,9407.8984375,15.810673713684082,0,0,0,0,0
2014-09-06,93.29000091552734,100.81999969482422,3.7929999828338623,29.56399917602539,83.76000213623047,9407.8984375,15.810673713684082,0,0,0,0,0
2014-09-07,93.29000091552734,100.81999969482422,3.7929999828338623,29.56399917602539,83.76000213623047,9407.8984375,15.810673713684082,0,0,0,0,0
2014-09-08,92.66000366210938,100.19999694824219,3.875999927520752,29.166000366210938,84.2300033569336,9407.8984375,15.728561401367188,0,0,0,0,0
2014-09-09,92.75,99.16000366210938,3.9839999675750732,29.969999313354492,84.27999877929688,9434.7275390625,15.713622093200684,0,0,0,0,0
2014-09-10,91.66999816894531,98.04000091552734,3.9539999961853027,29.05500030517578,84.25,9357.568359375,15.698697090148926,0,0,0,0,0
2014-09-11,92.83000183105469,98.08000183105469,3.822999954223633,29.292999267578125,84.30000305175781,9322.908203125,15.601649284362793,0,0,0,0,0
2014-09-12,92.2699966430664,97.11000061035156,3.8570001125335693,29.98200035095215,84.23999786376953,9223.1376953125,15.18361759185791,0,0,0,0,0
2014-09-13,92.2699966430664,97.11000061035156,3.8570001125335693,29.98200035095215,84.23999786376953,9223.1376953125,15.18361759185791,0,0,0,0,0
2014-09-14,92.2699966430664,97.11000061035156,3.8570001125335693,29.98200035095215,84.23999786376953,9223.1376953125,15.18361759185791,0,0,0,0,0
2014-09-15,92.91999816894531,96.6500015258789,3.930999994277954,29.156999588012695,84.26000213623047,9217.41796875,15.108969688415527,0,0,0,0,0
2014-09-16,94.87999725341797,96.62999725341797,3.994999885559082,29.31599998474121,84.06999969482422,9133.3583984375,15.288127899169922,0,0,0,0,0
2014-09-17,94.41999816894531,98.97000122070312,4.013000011444092,29.3439998626709,84.69999694824219,9195.1279296875,15.392635345458984,0,0,0,0,0
2014-09-18,93.06999969482422,97.69999694824219,3.9100000858306885,29.648000717163086,84.31999969482422,9236.98828125,15.616582870483398,0,0,0,0,0
2014-09-19,92.41000366210938,98.38999938964844,3.8369998931884766,29.368999481201172,84.80000305175781,9240.408203125,15.317995071411133,0,0,0,0,0
2014-09-20,92.41000366210938,98.38999938964844,3.8369998931884766,29.368999481201172,84.80000305175781,9240.408203125,15.317995071411133,0,0,0,0,0
2014-09-21,92.41000366210938,98.38999938964844,3.8369998931884766,29.368999481201172,84.80000305175781,9240.408203125,15.317995071411133,0,0,0,0,0
2014-09-22,91.5199966430664,96.97000122070312,3.8499999046325684,29.51300048828125,84.66999816894531,9134.6083984375,15.198546409606934,0,0,0,0,0
2014-09-23,91.55999755859375,96.8499984741211,3.815999984741211,29.45599937438965,84.66000366210938,9084.8583984375,15.18361759185791,0,0,0,0,0
2014-09-24,92.80000305175781,96.94999694824219,3.9110000133514404,29.538999557495117,85.05000305175781,9098.4482421875,15.370240211486816,0,0,0,0,0
2014-09-25,92.52999877929688,97.0,3.9709999561309814,29.572999954223633,85.19999694824219,9011.548828125,15.011926651000977,0,0,0,0,0
2014-09-26,93.54000091552734,97.0,3.9839999675750732,29.458999633789062,85.63999938964844,8989.779296875,15.034317016601562,0,0,0,0,0
2014-09-27,93.54000091552734,97.0,3.9839999675750732,29.458999633789062,85.63999938964844,8989.779296875,15.034317016601562,0,0,0,0,0
2014-09-28,93.54000091552734,97.0,3.9839999675750732,29.458999633789062,85.63999938964844,8989.779296875,15.034317016601562,0,0,0,0,0
2014-09-29,94.56999969482422,97.19999694824219,4.1539998054504395,29.631999969482422,85.58999633789062,8960.71875,14.892488479614258,0,0,0,0,0
2014-09-30,91.16000366210938,94.66999816894531,4.120999813079834,29.676000595092773,85.94000244140625,8966.87890625,15.064181327819824,0,0,0,0,0
2014-10-01,90.7300033569336,94.16000366210938,4.0229997634887695,29.572999954223633,85.97000122070312,8990.21875,15.004461288452148,0,0,0,0,0
2014-10-02,91.01000213623047,93.41999816894531,3.931999921798706,29.611000061035156,85.5999984741211,8975.1494140625,15.146299362182617,0,0,0,0,0
2014-10-03,89.73999786376953,92.30999755859375,4.039000034332275,30.405000686645508,86.69000244140625,9106.23828125,15.549397468566895,0,0,0,0,0
2014-10-04,89.73999786376953,92.30999755859375,4.039000034332275,30.405000686645508,86.69000244140625,9106.23828125,15.549397468566895,0,0,0,0,0
2014-10-05,89.73999786376953,92.30999755859375,4.039000034332275,30.405000686645508,86.69000244140625,9106.23828125,15.549397468566895,0,0,0,0,0
2014-10-06,90.33999633789062,92.79000091552734,3.8980000019073486,29.900999069213867,85.70999908447266,9095.09765625,15.541930198669434,0,0,0,0,0
2014-10-07,88.8499984741211,92.11000061035156,3.9570000171661377,29.389999389648438,85.66999816894531,9040.7685546875,15.213481903076172,0,0,0,0,0
2014-10-08,87.30999755859375,91.37999725341797,3.8550000190734863,29.472999572753906,85.30000305175781,8955.138671875,15.377705574035645,0,0,0,0,0
2014-10-09,85.7699966430664,90.05000305175781,3.8450000286102295,29.625,85.5199966430664,8966.3994140625,15.280661582946777,0,0,0,0,0
2014-10-10,85.81999969482422,90.20999908447266,3.8589999675750732,29.742000579833984,85.91000366210938,8966.3994140625,14.511777877807617,0,0,0,0,0
2014-10-11,85.81999969482422,90.20999908447266,3.8589999675750732,29.742000579833984,85.91000366210938,8966.3994140625,14.511777877807617,0,0,0,0,0
2014-10-12,85.81999969482422,90.20999908447266,3.8589999675750732,29.742000579833984,85.91000366210938,8966.3994140625,14.511777877807617,0,0,0,0,0
2014-10-13,85.73999786376953,88.88999938964844,3.9159998893737793,29.700000762939453,85.43000030517578,8711.349609375,14.683470726013184,0,0,0,0,0
2014-10-14,81.83999633789062,85.04000091552734,3.815999984741211,29.476999282836914,85.81999969482422,8768.349609375,15.034317016601562,0,0,0,0,0
2014-10-15,81.77999877929688,83.77999877929688,3.799999952316284,29.648000717163086,85.1500015258789,8655.4697265625,14.98206615447998,0,0,0,0,0
2014-10-16,82.69999694824219,84.47000122070312,3.7960000038146973,29.170000076293945,85.0,8633.650390625,15.467288970947266,0,0,0,0,0
2014-10-17,82.75,84.54000091552734,3.7660000324249268,29.503000259399414,85.19000244140625,8512.83984375,15.467288970947266,0,0,0,0,0
2014-10-18,82.75,84.54000091552734,3.7660000324249268,29.503000259399414,85.19000244140625,8512.83984375,15.467288970947266,0,0,0,0,0
2014-10-19,82.75,84.54000091552734,3.7660000324249268,29.503000259399414,85.19000244140625,8512.83984375,15.467288970947266,0,0,0,0,0
2014-10-20,82.70999908447266,85.4000015258789,3.6700000762939453,30.375,84.94999694824219,8663.099609375,15.579262733459473,0,0,0,0,0
2014-10-21,82.80999755859375,86.22000122070312,3.7109999656677246,30.399999618530273,85.30999755859375,8654.599609375,15.967434883117676,0,0,0,0,0
2014-10-22,80.5199966430664,84.70999908447266,3.6589999198913574,29.687000274658203,85.73999786376953,8748.7900390625,15.855460166931152,0,0,0,0,0
2014-10-23,82.08999633789062,86.83000183105469,3.621999979019165,30.365999221801758,85.83999633789062,8731.0302734375,15.900248527526855,0,0,0,0,0
2014-10-24,81.01000213623047,86.12999725341797,3.622999906539917,29.65999984741211,85.7300033569336,8645.9697265625,15.810673713684082,0,0,0,0,0
2014-10-25,81.01000213623047,86.12999725341797,3.622999906539917,29.65999984741211,85.7300033569336,8645.9697265625,15.810673713684082,0,0,0,0,0
2014-10-26,81.01000213623047,86.12999725341797,3.622999906539917,29.65999984741211,85.7300033569336,8645.9697265625,15.810673713684082,0,0,0,0,0
2014-10-27,81.0,85.83000183105469,3.561000108718872,29.56800079345703,85.5,8627.740234375,15.945046424865723,0,0,0,0,0
2014-10-28,81.41999816894531,86.02999877929688,3.6489999294281006,29.555999755859375,85.41000366210938,8773.509765625,16.116729736328125,0,0,0,0,0
2014-10-29,82.19999694824219,87.12000274658203,3.7279999256134033,29.523000717163086,85.94999694824219,8903.638671875,16.116729736328125,0,0,0,0,0
2014-10-30,81.12000274658203,86.23999786376953,3.8269999027252197,29.81399917602539,86.1500015258789,8888.029296875,15.75841999053955,0,0,0,0,0
2014-10-31,80.54000091552734,85.86000061035156,3.872999906539917,29.652999877929688,86.87999725341797,8974.71875,16.437725067138672,0,0,0,0,0
2014-11-01,80.54000091552734,85.86000061035156,3.872999906539917,29.652999877929688,86.87999725341797,8974.71875,16.437725067138672,0,0,0,0,0
2014-11-02,80.54000091552734,85.86000061035156,3.872999906539917,29.652999877929688,86.87999725341797,8974.71875,16.437725067138672,0,0,0,0,0
2014-11-03,78.77999877929688,84.77999877929688,4.046000003814697,29.791000366210938,87.30999755859375,9004.8193359375,16.34814453125,0,0,0,0,0
2014-11-04,77.19000244140625,82.81999969482422,4.129000186920166,30.468000411987305,86.9800033569336,8989.138671875,16.385469436645508,0,0,0,0,0
2014-11-05,78.68000030517578,82.94999694824219,4.193999767303467,29.618000030517578,87.44000244140625,8962.55859375,16.445188522338867,0,0,0,0,0
2014-11-06,77.91000366210938,82.86000061035156,4.4039998054504395,29.774999618530273,88.01000213623047,8890.978515625,16.273494720458984,0,0,0,0,0
2014-11-07,78.6500015258789,83.38999938964844,4.4120001792907715,30.11400032043457,87.63999938964844,8912.5791015625,16.288423538208008,0,0,0,0,0
2014-11-08,78.6500015258789,83.38999938964844,4.4120001792907715,30.11400032043457,87.63999938964844,8912.5791015625,16.288423538208008,0,0,0,0,0
2014-11-09,78.6500015258789,83.38999938964844,4.4120001792907715,30.11400032043457,87.63999938964844,8912.5791015625,16.288423538208008,0,0,0,0,0
2014-11-10,77.4000015258789,82.33999633789062,4.255000114440918,29.677000045776367,87.80999755859375,9049.939453125,16.61688232421875,0,0,0,0,0
2014-11-11,77.94000244140625,81.66999816894531,4.247000217437744,29.89900016784668,87.52999877929688,9034.0986328125,16.572093963623047,0,0,0,0,0
2014-11-12,77.18000030517578,80.37999725341797,4.184999942779541,29.636999130249023,87.81999969482422,8918.9091796875,16.460119247436523,0,0,0,0,0
2014-11-13,74.20999908447266,77.91999816894531,3.9769999980926514,29.844999313354492,87.66999816894531,8980.62890625,16.676599502563477,0,0,0,0,0
2014-11-14,75.81999969482422,77.73999786376953,4.019999980926514,29.774999618530273,87.52999877929688,8982.8388671875,16.721389770507812,0,0,0,0,0
2014-11-15,75.81999969482422,77.73999786376953,4.019999980926514,29.774999618530273,87.52999877929688,8982.8388671875,16.721389770507812,0,0,0,0,0
2014-11-16,75.81999969482422,77.73999786376953,4.019999980926514,29.774999618530273,87.52999877929688,8982.8388671875,16.721389770507812,0,0,0,0,0
2014-11-17,75.63999938964844,79.30999755859375,4.341000080108643,29.749000549316406,87.93000030517578,8884.3486328125,16.355613708496094,0,0,0,0,0
2014-11-18,74.61000061035156,78.47000122070312,4.24399995803833,29.990999221801758,87.58000183105469,8859.0302734375,16.460119247436523,0,0,0,0,0
2014-11-19,74.58000183105469,78.0999984741211,4.370999813079834,30.725000381469727,87.6500015258789,8963.19921875,16.81843376159668,0,0,0,0,0
2014-11-20,75.58000183105469,79.33000183105469,4.488999843597412,30.850000381469727,87.58999633789062,9078.828125,16.990127563476562,0,0,0,0,0
2014-11-21,76.51000213623047,80.36000061035156,4.265999794006348,30.086999893188477,88.30999755859375,9091.48828125,17.214069366455078,0,0,0,0,0
2014-11-22,76.51000213623047,80.36000061035156,4.265999794006348,30.086999893188477,88.30999755859375,9091.48828125,17.214069366455078,0,0,0,0,0
2014-11-23,76.51000213623047,80.36000061035156,4.265999794006348,30.086999893188477,88.30999755859375,9091.48828125,17.214069366455078,0,0,0,0,0
2014-11-24,75.77999877929688,79.68000030517578,4.151000022888184,30.8700008392334,88.1500015258789,9122.2880859375,17.124494552612305,0,0,0,0,0
2014-11-25,74.08999633789062,78.33000183105469,4.2820000648498535,30.10300064086914,87.91999816894531,9116.1982421875,17.102094650268555,0,0,0,0,0
2014-11-26,73.69000244140625,77.75,4.355000019073486,30.051000595092773,87.61000061035156,9122.34765625,17.303651809692383,0,0,0,0,0
2014-11-27,73.69000244140625,77.75,4.355000019073486,29.990999221801758,87.61000061035156,9165.267578125,17.303651809692383,0,0,0,0,0
2014-11-28,66.1500015258789,70.1500015258789,4.0879998207092285,30.115999221801758,88.36000061035156,9187.1083984375,17.52013397216797,0,0,0,0,0
2014-11-29,66.1500015258789,70.1500015258789,4.0879998207092285,30.115999221801758,88.36000061035156,9187.1083984375,17.52013397216797,0,0,0,0,0
2014-11-30,66.1500015258789,70.1500015258789,4.0879998207092285,30.115999221801758,88.36000061035156,9187.1083984375,17.52013397216797,0,0,0,0,0
2014-12-01,69.0,72.54000091552734,4.006999969482422,30.21500015258789,87.94999694824219,9117.66796875,17.124494552612305,0,0,0,0,0
2014-12-02,66.87999725341797,70.54000091552734,3.874000072479248,31.020000457763672,88.6500015258789,9034.7490234375,16.848291397094727,0,0,0,0,0
2014-12-03,67.37999725341797,69.91999816894531,3.805000066757202,30.39900016784668,88.95999908447266,9175.2177734375,17.117023468017578,0,0,0,0,0
2014-12-04,66.80999755859375,69.63999938964844,3.6489999294281006,30.27899932861328,88.69999694824219,9225.068359375,17.03491973876953,0,0,0,0,0
2014-12-05,65.83999633789062,69.06999969482422,3.802000045776367,31.100000381469727,89.33000183105469,9206.5283203125,16.975202560424805,0,0,0,0,0
2014-12-06,65.83999633789062,69.06999969482422,3.802000045776367,31.100000381469727,89.33000183105469,9206.5283203125,16.975202560424805,0,0,0,0,0
2014-12-07,65.83999633789062,69.06999969482422,3.802000045776367,31.100000381469727,89.33000183105469,9206.5283203125,16.975202560424805,0,0,0,0,0
2014-12-08,63.04999923706055,66.19000244140625,3.5950000286102295,31.225000381469727,89.04000091552734,9187.248046875,16.796043395996094,0,0,0,0,0
2014-12-09,63.81999969482422,66.83999633789062,3.6519999504089355,31.12299919128418,88.69000244140625,9128.8583984375,16.855756759643555,0,0,0,0,0
2014-12-10,60.939998626708984,64.23999786376953,3.7060000896453857,31.19700050354004,88.2699966430664,9032.119140625,16.56463050842285,0,0,0,0,0
2014-12-11,59.95000076293945,63.68000030517578,3.634000062942505,31.18199920654297,88.66000366210938,9013.029296875,16.527301788330078,0,0,0,0,0
2014-12-12,57.810001373291016,61.849998474121094,3.7950000762939453,30.402000427246094,88.36000061035156,9027.2890625,16.4003963470459,0,0,0,0,0
2014-12-13,57.810001373291016,61.849998474121094,3.7950000762939453,30.402000427246094,88.36000061035156,9027.2890625,16.4003963470459,0,0,0,0,0
2014-12-14,57.810001373291016,61.849998474121094,3.7950000762939453,30.402000427246094,88.36000061035156,9027.2890625,16.4003963470459,0,0,0,0,0
2014-12-15,55.90999984741211,61.060001373291016,3.7190001010894775,31.295000076293945,88.45999908447266,8985.5888671875,16.37800407409668,0,0,0,0,0
2014-12-16,55.93000030517578,59.86000061035156,3.61899995803833,31.319000244140625,88.12999725341797,8950.869140625,16.0047550201416,0,0,0,0,0
2014-12-17,56.470001220703125,59.79999923706055,3.7019999027252197,31.291000366210938,89.12999725341797,8828.3203125,16.15406036376953,0,0,0,0,0
2014-12-18,54.11000061035156,59.27000045776367,3.6419999599456787,31.284000396728516,89.23999786376953,8878.5888671875,16.266029357910156,0,0,0,0,0
2014-12-19,56.52000045776367,61.380001068115234,3.4639999866485596,31.450000762939453,89.5999984741211,8999.478515625,16.572093963623047,0,0,0,0,0
2014-12-20,56.52000045776367,61.380001068115234,3.4639999866485596,31.450000762939453,89.5999984741211,8999.478515625,16.572093963623047,0,0,0,0,0
2014-12-21,56.52000045776367,61.380001068115234,3.4639999866485596,31.450000762939453,89.5999984741211,8999.478515625,16.572093963623047,0,0,0,0,0
2014-12-22,55.2599983215332,60.11000061035156,3.1440000534057617,31.510000228881836,89.7699966430664,9094.9580078125,16.69899559020996,0,0,0,0,0
2014-12-23,57.119998931884766,61.689998626708984,3.1710000038146973,31.56999969482422,90.05999755859375,9097.66796875,16.579551696777344,0,0,0,0,0
2014-12-24,55.84000015258789,60.2400016784668,3.0299999713897705,30.93400001525879,89.97000122070312,9186.1376953125,16.684066772460938,0,0,0,0,0
2014-12-25,55.84000015258789,60.2400016784668,3.0299999713897705,30.93400001525879,89.97000122070312,9158.658203125,16.684066772460938,0,0,0,0,0
2014-12-26,54.72999954223633,59.45000076293945,3.006999969482422,30.93400001525879,90.02999877929688,9214.0283203125,16.65420913696289,0,0,0,0,0
2014-12-27,54.72999954223633,59.45000076293945,3.006999969482422,30.93400001525879,90.02999877929688,9214.0283203125,16.65420913696289,0,0,0,0,0
2014-12-28,54.72999954223633,59.45000076293945,3.006999969482422,30.93400001525879,90.02999877929688,9214.0283203125,16.65420913696289,0,0,0,0,0
2014-12-29,53.61000061035156,57.880001068115234,3.188999891281128,31.719999313354492,90.19000244140625,9286.23828125,16.706459045410156,0,0,0,0,0
2014-12-30,54.119998931884766,57.900001525878906,3.0940001010894775,30.95800018310547,89.98999786376953,9268.3876953125,16.751249313354492,0,0,0,0,0
2014-12-31,53.27000045776367,57.33000183105469,2.8889999389648438,3.6700000762939453,90.2699966430664,9307.2177734375,16.706459045410156,0,0,0,0,0
2015-01-01,53.27000045776367,57.33000183105469,2.8889999389648438,31.625,90.2699966430664,9307.2177734375,16.706459045410156,0,0,0,0,0
2015-01-02,52.689998626708984,56.41999816894531,3.003000020980835,31.625,91.08000183105469,9307.2177734375,16.631816864013672,0,0,0,0,0
2015-01-03,52.689998626708984,56.41999816894531,3.003000020980835,31.625,91.08000183105469,9307.2177734375,16.631816864013672,0,0,0,0,0
2015-01-04,52.689998626708984,56.41999816894531,3.003000020980835,31.625,91.08000183105469,9307.2177734375,16.631816864013672,0,0,0,0,0
2015-01-05,50.040000915527344,53.11000061035156,2.881999969482422,31.625,91.37999725341797,9274.068359375,16.228702545166016,0,0,0,0,0
2015-01-06,47.93000030517578,51.099998474121094,2.937999963760376,31.985000610351562,91.5,9048.298828125,15.945046424865723,0,0,0,0,0
2015-01-07,48.650001525878906,51.150001525878906,2.871000051498413,31.989999771118164,91.88999938964844,9080.0478515625,16.176450729370117,0,0,0,0,0
2015-01-08,48.790000915527344,50.959999084472656,2.927000045776367,31.9950008392334,92.37000274658203,9237.98828125,16.28095817565918,0,0,0,0,0
2015-01-09,48.36000061035156,50.11000061035156,2.946000099182129,32.0,91.94000244140625,9215.5380859375,15.825603485107422,0,0,0,0,0
2015-01-10,48.36000061035156,50.11000061035156,2.946000099182129,32.0,91.94000244140625,9215.5380859375,15.825603485107422,0,0,0,0,0
2015-01-11,48.36000061035156,50.11000061035156,2.946000099182129,32.0,91.94000244140625,9215.5380859375,15.825603485107422,0,0,0,0,0
2015-01-12,46.06999969482422,47.43000030517578,2.7950000762939453,31.92799949645996,91.9800033569336,9178.2578125,15.519540786743164,0,0,0,0,0
2015-01-13,45.88999938964844,46.59000015258789,2.943000078201294,31.850000381469727,92.30999755859375,9231.7578125,15.713622093200684,0,0,0,0,0
2015-01-14,48.47999954223633,48.689998626708984,3.2330000400543213,31.850000381469727,92.16000366210938,9180.1884765625,15.721088409423828,0,0,0,0,0
2015-01-15,46.25,47.66999816894531,3.1579999923706055,31.825000762939453,92.3499984741211,9165.0478515625,17.08717155456543,0,0,0,0,0
2015-01-16,48.689998626708984,47.689998626708984,3.127000093460083,31.780000686645508,92.5199966430664,9138.248046875,16.87068748474121,0,0,0,0,0
2015-01-17,48.689998626708984,47.689998626708984,3.127000093460083,31.780000686645508,92.5199966430664,9138.248046875,16.87068748474121,0,0,0,0,0
2015-01-18,48.689998626708984,47.689998626708984,3.127000093460083,31.780000686645508,92.5199966430664,9138.248046875,16.87068748474121,0,0,0,0,0
2015-01-19,48.689998626708984,47.689998626708984,3.127000093460083,31.638999938964844,92.5199966430664,9174.017578125,16.87068748474121,0,0,0,0,0
2015-01-20,46.38999938964844,47.9900016784668,2.8310000896453857,31.545000076293945,93.05000305175781,9251.6484375,17.236465454101562,0,0,0,0,0
2015-01-21,47.779998779296875,49.029998779296875,2.9739999771118164,31.690000534057617,92.9000015258789,9319.66796875,17.3260440826416,0,0,0,0,0
2015-01-22,46.310001373291016,48.52000045776367,2.8350000381469727,31.545000076293945,94.23999786376953,9369.4677734375,17.699289321899414,0,0,0,0,0
2015-01-23,45.59000015258789,48.790000915527344,2.9860000610351562,31.50200080871582,95.0,9470.8974609375,17.908308029174805,0,0,0,0,0
2015-01-24,45.59000015258789,48.790000915527344,2.9860000610351562,31.50200080871582,95.0,9470.8974609375,17.908308029174805,0,0,0,0,0
2015-01-25,45.59000015258789,48.790000915527344,2.9860000610351562,31.50200080871582,95.0,9470.8974609375,17.908308029174805,0,0,0,0,0
2015-01-26,45.150001525878906,48.15999984741211,2.88100004196167,31.424999237060547,94.80000305175781,9477.626953125,18.035207748413086,0,0,0,0,0
2015-01-27,46.22999954223633,49.599998474121094,2.9809999465942383,31.332000732421875,94.0199966430664,9521.546875,18.0576114654541,0,0,0,0,0
2015-01-28,44.45000076293945,48.470001220703125,2.865999937057495,31.31800079345703,94.47000122070312,9510.876953125,17.8635196685791,0,0,0,0,0
2015-01-29,44.529998779296875,49.130001068115234,2.7190001010894775,31.320999145507812,94.77999877929688,9426.8583984375,17.385766983032227,0,0,0,0,0
2015-01-30,48.2400016784668,52.9900016784668,2.690999984741211,31.50200080871582,94.80000305175781,9361.8681640625,16.952800750732422,0,0,0,0,0
2015-01-31,48.2400016784668,52.9900016784668,2.690999984741211,31.50200080871582,94.80000305175781,9361.8681640625,16.952800750732422,0,0,0,0,0
2015-02-01,48.2400016784668,52.9900016784668,2.690999984741211,31.50200080871582,94.80000305175781,9361.8681640625,16.952800750732422,0,0,0,0,0
2015-02-02,49.56999969482422,54.75,2.680000066757202,31.54599952697754,94.5,9386.9482421875,17.124494552612305,0,0,0,0,0
2015-02-03,53.04999923706055,57.90999984741211,2.753999948501587,31.676000595092773,93.5999984741211,9448.6884765625,17.281259536743164,0,0,0,0,0
2015-02-04,48.45000076293945,54.15999984741211,2.6619999408721924,31.618000030517578,93.98999786376953,9513.876953125,17.602252960205078,0,0,0,0,0
2015-02-05,50.47999954223633,56.56999969482422,2.5999999046325684,31.465999603271484,94.69999694824219,9512.0068359375,17.661964416503906,0,0,0,0,0
2015-02-06,51.689998626708984,57.79999923706055,2.5789999961853027,31.527999877929688,94.69999694824219,9456.13671875,17.243934631347656,0,0,0,0,0
2015-02-07,51.689998626708984,57.79999923706055,2.5789999961853027,31.527999877929688,94.69999694824219,9456.13671875,17.243934631347656,0,0,0,0,0
2015-02-08,51.689998626708984,57.79999923706055,2.5789999961853027,31.527999877929688,94.69999694824219,9456.13671875,17.243934631347656,0,0,0,0,0
2015-02-09,52.86000061035156,58.34000015258789,2.5969998836517334,31.48200035095215,94.44999694824219,9421.4580078125,16.922941207885742,0,0,0,0,0
2015-02-10,50.02000045776367,56.43000030517578,2.677000045776367,31.55500030517578,94.76000213623047,9393.658203125,17.811267852783203,0,0,0,0,0
2015-02-11,48.84000015258789,54.65999984741211,2.796999931335449,31.49799919128418,94.98999786376953,9462.1767578125,18.132253646850586,0,0,0,0,0
2015-02-12,51.209999084472656,57.04999923706055,2.7130000591278076,31.55900001525879,94.08999633789062,9496.2666015625,18.266626358032227,0,0,0,0,0
2015-02-13,52.779998779296875,57.38999938964844,2.803999900817871,31.249000549316406,94.19999694824219,9529.466796875,18.542829513549805,0,0,0,0,0
2015-02-14,52.779998779296875,57.38999938964844,2.803999900817871,31.249000549316406,94.19999694824219,9529.466796875,18.542829513549805,0,0,0,0,0
2015-02-15,52.779998779296875,57.38999938964844,2.803999900817871,31.249000549316406,94.19999694824219,9529.466796875,18.542829513549805,0,0,0,0,0
2015-02-16,52.779998779296875,57.38999938964844,2.803999900817871,31.469999313354492,94.19999694824219,9529.466796875,18.542829513549805,0,0,0,0,0
2015-02-17,53.529998779296875,62.529998779296875,2.759000062942505,31.591999053955078,94.05999755859375,9529.466796875,18.49057388305664,0,0,0,0,0
2015-02-18,52.13999938964844,60.529998779296875,2.8310000896453857,31.6299991607666,94.19999694824219,9529.466796875,18.445781707763672,0,0,0,0,0
2015-02-19,51.15999984741211,60.209999084472656,2.8340001106262207,31.6299991607666,94.4000015258789,9529.466796875,18.30394744873047,0,0,0,0,0
2015-02-20,50.34000015258789,60.220001220703125,2.9509999752044678,31.6299991607666,94.25,9529.466796875,18.24422836303711,0,0,0,0,0
2015-02-21,50.34000015258789,60.220001220703125,2.9509999752044678,31.6299991607666,94.25,9529.466796875,18.24422836303711,0,0,0,0,0
2015-02-22,50.34000015258789,60.220001220703125,2.9509999752044678,31.6299991607666,94.25,9529.466796875,18.24422836303711,0,0,0,0,0
2015-02-23,49.45000076293945,58.900001525878906,2.878999948501587,31.6299991607666,94.56999969482422,9529.466796875,18.08000373840332,0,0,0,0,0
2015-02-24,49.279998779296875,58.65999984741211,2.9019999504089355,31.6299991607666,94.48999786376953,9629.326171875,18.692123413085938,0,0,0,0,0
2015-02-25,50.9900016784668,61.630001068115234,2.8940000534057617,31.68000030517578,94.20999908447266,9699.4951171875,18.692123413085938,0,0,0,0,0
2015-02-26,48.16999816894531,60.04999923706055,2.697000026702881,31.525999069213867,95.29000091552734,9622.0556640625,18.423383712768555,0,0,0,0,0
2015-02-27,49.7599983215332,62.58000183105469,2.7339999675750732,31.49799919128418,95.25,9622.0556640625,18.311412811279297,0,0,0,0,0
2015-02-28,49.7599983215332,62.58000183105469,2.7339999675750732,31.49799919128418,95.25,9622.0556640625,18.311412811279297,0,0,0,0,0
2015-03-01,49.7599983215332,62.58000183105469,2.7339999675750732,31.49799919128418,95.25,9622.0556640625,18.311412811279297,0,0,0,0,0
2015-03-02,49.59000015258789,59.540000915527344,2.697999954223633,31.49799919128418,95.45999908447266,9601.31640625,18.386066436767578,0,0,0,0,0
2015-03-03,50.52000045776367,61.02000045776367,2.7119998931884766,31.562000274658203,95.37999725341797,9605.7255859375,18.289018630981445,0,0,0,0,0
2015-03-04,51.529998779296875,60.54999923706055,2.7690000534057617,31.50200080871582,95.97000122070312,9621.6865234375,18.162118911743164,0,0,0,0,0
2015-03-05,50.7599983215332,60.47999954223633,2.8410000801086426,31.472000122070312,96.37999725341797,9595.0458984375,18.259153366088867,0,0,0,0,0
2015-03-06,49.61000061035156,59.72999954223633,2.8389999866485596,31.500999450683594,97.62000274658203,9645.7255859375,17.98295783996582,0,0,0,0,0
2015-03-07,49.61000061035156,59.72999954223633,2.8389999866485596,31.500999450683594,97.62000274658203,9645.7255859375,17.98295783996582,0,0,0,0,0
2015-03-08,49.61000061035156,59.72999954223633,2.8389999866485596,31.500999450683594,97.62000274658203,9645.7255859375,17.98295783996582,0,0,0,0,0
2015-03-09,50.0,58.529998779296875,2.677999973297119,31.44499969482422,97.58999633789062,9562.9365234375,17.505203247070312,0,0,0,0,0
2015-03-10,48.290000915527344,56.38999938964844,2.7320001125335693,31.511999130249023,98.62000274658203,9536.4873046875,17.20660972595215,0,0,0,0,0
2015-03-11,48.16999816894531,57.540000915527344,2.8239998817443848,31.549999237060547,99.80000305175781,9523.13671875,17.535064697265625,0,0,0,0,0
2015-03-12,47.04999923706055,57.08000183105469,2.7339999675750732,31.650999069213867,99.1500015258789,9595.9560546875,17.564922332763672,0,0,0,0,0
2015-03-13,44.84000015258789,54.66999816894531,2.7269999980926514,31.658000946044922,100.33000183105469,9579.3056640625,17.826194763183594,0,0,0,0,0
2015-03-14,44.84000015258789,54.66999816894531,2.7269999980926514,31.658000946044922,100.33000183105469,9579.3056640625,17.826194763183594,0,0,0,0,0
2015-03-15,44.84000015258789,54.66999816894531,2.7269999980926514,31.658000946044922,100.33000183105469,9579.3056640625,17.826194763183594,0,0,0,0,0
2015-03-16,43.880001068115234,53.439998626708984,2.7160000801086426,31.701000213623047,99.5999984741211,9512.8671875,18.12479019165039,0,0,0,0,0
2015-03-17,43.459999084472656,53.43000030517578,2.8550000190734863,31.700000762939453,99.58999633789062,9539.3974609375,18.147188186645508,0,0,0,0,0
2015-03-18,44.65999984741211,55.90999984741211,2.9200000762939453,31.652000427246094,98.55000305175781,9653.3857421875,18.445781707763672,0,0,0,0,0
2015-03-19,43.959999084472656,54.43000030517578,2.812999963760376,31.63599967956543,99.0999984741211,9736.685546875,18.408458709716797,0,0,0,0,0
2015-03-20,45.720001220703125,55.31999969482422,2.7860000133514404,31.485000610351562,97.91000366210938,9749.6455078125,18.49057388305664,0,0,0,0,0
2015-03-21,45.720001220703125,55.31999969482422,2.7860000133514404,31.485000610351562,97.91000366210938,9749.6455078125,18.49057388305664,0,0,0,0,0
2015-03-22,45.720001220703125,55.31999969482422,2.7860000133514404,31.485000610351562,97.91000366210938,9749.6455078125,18.49057388305664,0,0,0,0,0
2015-03-23,47.45000076293945,55.91999816894531,2.7330000400543213,31.53499984741211,97.02999877929688,9758.044921875,18.51296043395996,0,0,0,0,0
2015-03-24,47.5099983215332,55.11000061035156,2.7860000133514404,31.489999771118164,97.19000244140625,9731.615234375,18.289018630981445,0,0,0,0,0
2015-03-25,49.209999084472656,56.47999954223633,2.7230000495910645,31.371000289916992,96.9800033569336,9667.7861328125,17.303651809692383,0,0,0,0,0
2015-03-26,51.43000030517578,59.189998626708984,2.671999931335449,31.389999389648438,97.44000244140625,9619.076171875,17.318578720092773,0,0,0,0,0
2015-03-27,48.869998931884766,56.40999984741211,2.5899999141693115,31.395999908447266,97.29000091552734,9503.6767578125,17.124494552612305,0,0,0,0,0
2015-03-28,48.869998931884766,56.40999984741211,2.5899999141693115,31.395999908447266,97.29000091552734,9503.6767578125,17.124494552612305,0,0,0,0,0
2015-03-29,48.869998931884766,56.40999984741211,2.5899999141693115,31.395999908447266,97.29000091552734,9503.6767578125,17.124494552612305,0,0,0,0,0
2015-03-30,48.68000030517578,56.290000915527344,2.6440000534057617,31.36199951171875,97.9800033569336,9521.8271484375,17.35590171813965,0,0,0,0,0
2015-03-31,47.599998474121094,55.11000061035156,2.640000104904175,31.371000289916992,98.36000061035156,9586.396484375,17.5275936126709,0,0,0,0,0
2015-04-01,50.09000015258789,57.099998474121094,2.6050000190734863,31.392000198364258,98.19000244140625,9507.6171875,17.340980529785156,0,0,0,0,0
2015-04-02,49.13999938964844,54.95000076293945,2.7130000591278076,31.35099983215332,97.44000244140625,9600.2763671875,17.684362411499023,0,0,0,0,0
2015-04-03,49.13999938964844,54.95000076293945,2.7130000591278076,30.06599998474121,97.44000244140625,9600.2763671875,17.684362411499023,0,0,0,0,0
2015-04-04,49.13999938964844,54.95000076293945,2.7130000591278076,30.06599998474121,97.44000244140625,9600.2763671875,17.684362411499023,0,0,0,0,0
2015-04-05,49.13999938964844,54.95000076293945,2.7130000591278076,30.06599998474121,97.44000244140625,9600.2763671875,17.684362411499023,0,0,0,0,0
2015-04-06,52.13999938964844,58.119998931884766,2.6500000953674316,30.888999938964844,97.11000061035156,9600.2763671875,17.5723934173584,0,0,0,0,0
2015-04-07,53.97999954223633,59.099998474121094,2.680000066757202,31.29199981689453,97.83000183105469,9641.8564453125,17.460411071777344,0,0,0,0,0
2015-04-08,50.41999816894531,55.54999923706055,2.61899995803833,31.13800048828125,98.06999969482422,9571.92578125,17.318578720092773,0,0,0,0,0
2015-04-09,50.790000915527344,56.56999969482422,2.5280001163482666,31.21299934387207,99.16000366210938,9567.99609375,17.49774169921875,0,0,0,0,0
2015-04-10,51.63999938964844,57.869998931884766,2.510999917984009,31.218000411987305,99.38999938964844,9617.65625,17.542526245117188,0,0,0,0,0
2015-04-11,51.63999938964844,57.869998931884766,2.510999917984009,31.218000411987305,99.38999938964844,9617.65625,17.542526245117188,0,0,0,0,0
2015-04-12,51.63999938964844,57.869998931884766,2.510999917984009,31.218000411987305,99.38999938964844,9617.65625,17.542526245117188,0,0,0,0,0
2015-04-13,51.90999984741211,57.93000030517578,2.510999917984009,31.22800064086914,99.48999786376953,9666.4755859375,17.415626525878906,0,0,0,0,0
2015-04-14,53.290000915527344,58.43000030517578,2.5299999713897705,31.33099937438965,98.76000213623047,9642.17578125,17.303651809692383,0,0,0,0,0
2015-04-15,56.38999938964844,60.31999969482422,2.609999895095825,31.299999237060547,98.33000183105469,9540.0166015625,17.54999542236328,0,0,0,0,0
2015-04-16,56.709999084472656,60.400001525878906,2.684000015258789,31.31999969482422,97.41999816894531,9656.826171875,17.348447799682617,0,0,0,0,0
2015-04-17,55.7400016784668,63.45000076293945,2.634000062942505,29.993999481201172,97.5199966430664,9570.8857421875,17.333511352539062,0,0,0,0,0
2015-04-18,55.7400016784668,63.45000076293945,2.634000062942505,29.993999481201172,97.5199966430664,9570.8857421875,17.333511352539062,0,0,0,0,0
2015-04-19,55.7400016784668,63.45000076293945,2.634000062942505,29.993999481201172,97.5199966430664,9570.8857421875,17.333511352539062,0,0,0,0,0
2015-04-20,56.380001068115234,63.45000076293945,2.5360000133514404,30.113000869750977,97.94000244140625,9552.806640625,17.37083625793457,0,0,0,0,0
2015-04-21,55.2599983215332,62.08000183105469,2.575000047683716,31.091999053955078,97.9800033569336,9533.9375,17.415626525878906,0,0,0,0,0
2015-04-22,56.15999984741211,62.72999954223633,2.6059999465942383,31.163000106811523,98.0199966430664,9612.9560546875,17.796335220336914,0,0,0,0,0
2015-04-23,57.7400016784668,64.8499984741211,2.5309998989105225,31.10099983215332,97.27999877929688,9797.4453125,18.13971710205078,0,0,0,0,0
2015-04-24,57.150001525878906,65.27999877929688,2.5309998989105225,31.1200008392334,96.91999816894531,9913.2353515625,18.595083236694336,0,0,0,0,0
2015-04-25,57.150001525878906,65.27999877929688,2.5309998989105225,31.1200008392334,96.91999816894531,9913.2353515625,18.595083236694336,0,0,0,0,0
2015-04-26,57.150001525878906,65.27999877929688,2.5309998989105225,31.1200008392334,96.91999816894531,9913.2353515625,18.595083236694336,0,0,0,0,0
2015-04-27,56.9900016784668,64.83000183105469,2.490000009536743,29.75,96.7699966430664,9973.07421875,18.96832847595215,0,0,0,0,0
2015-04-28,57.060001373291016,64.63999938964844,2.5169999599456787,30.85099983215332,96.08999633789062,9956.7841796875,18.669729232788086,0,0,0,0,0
2015-04-29,58.58000183105469,65.83999633789062,2.6059999465942383,30.81999969482422,95.12000274658203,9853.78515625,18.50550079345703,0,0,0,0,0
2015-04-30,59.630001068115234,66.77999877929688,2.750999927520752,30.684999465942383,94.5999984741211,9820.0048828125,18.24422836303711,0,0,0,0,0
2015-05-01,59.150001525878906,66.45999908447266,2.7760000228881836,30.740999221801758,95.30000305175781,9820.0048828125,18.468175888061523,0,0,0,0,0
2015-05-02,59.150001525878906,66.45999908447266,2.7760000228881836,30.740999221801758,95.30000305175781,9820.0048828125,18.468175888061523,0,0,0,0,0
2015-05-03,59.150001525878906,66.45999908447266,2.7760000228881836,30.740999221801758,95.30000305175781,9820.0048828125,18.468175888061523,0,0,0,0,0
2015-05-04,58.93000030517578,66.44999694824219,2.821000099182129,30.740999221801758,95.4800033569336,9844.9951171875,18.154647827148438,0,0,0,0,0
2015-05-05,60.400001525878906,67.5199966430664,2.7799999713897705,30.764999389648438,95.12999725341797,9820.0849609375,18.132253646850586,0,0,0,0,0
2015-05-06,60.93000030517578,67.7699966430664,2.7760000228881836,30.770000457763672,94.12999725341797,9818.1552734375,18.251697540283203,0,0,0,0,0
2015-05-07,58.939998626708984,65.54000091552734,2.7339999675750732,30.743000030517578,94.62000274658203,9704.0654296875,18.191980361938477,0,0,0,0,0
2015-05-08,59.38999938964844,65.38999938964844,2.880000114440918,30.79599952697754,94.79000091552734,9691.955078125,18.326339721679688,0,0,0,0,0
2015-05-09,59.38999938964844,65.38999938964844,2.880000114440918,30.79599952697754,94.79000091552734,9691.955078125,18.326339721679688,0,0,0,0,0
2015-05-10,59.38999938964844,65.38999938964844,2.880000114440918,30.79599952697754,94.79000091552734,9691.955078125,18.326339721679688,0,0,0,0,0
2015-05-11,59.25,64.91000366210938,2.802000045776367,30.753000259399414,95.01000213623047,9663.67578125,18.191980361938477,0,0,0,0,0
2015-05-12,60.75,66.86000061035156,2.8970000743865967,30.770000457763672,94.52999877929688,9680.6865234375,18.19944190979004,0,0,0,0,0
2015-05-13,60.5,66.80999755859375,2.934999942779541,30.799999237060547,93.62000274658203,9724.0654296875,18.24422836303711,0,0,0,0,0
2015-05-14,59.880001068115234,66.58999633789062,3.007999897003174,30.670000076293945,93.36000061035156,9610.7861328125,18.221834182739258,0,0,0,0,0
2015-05-15,59.689998626708984,66.56999969482422,3.0160000324249268,30.67300033569336,93.13999938964844,9579.4365234375,18.333810806274414,0,0,0,0,0
2015-05-16,59.689998626708984,66.56999969482422,3.0160000324249268,30.67300033569336,93.13999938964844,9579.4365234375,18.333810806274414,0,0,0,0,0
2015-05-17,59.689998626708984,66.56999969482422,3.0160000324249268,30.67300033569336,93.13999938964844,9579.4365234375,18.333810806274414,0,0,0,0,0
2015-05-18,59.43000030517578,66.2699966430664,3.009999990463257,30.60099983215332,94.19000244140625,9606.0556640625,18.221834182739258,0,0,0,0,0
2015-05-19,57.2599983215332,64.0199966430664,2.947999954223633,30.599000930786133,95.2699966430664,9716.724609375,18.3562068939209,0,0,0,0,0
2015-05-20,58.97999954223633,65.02999877929688,2.9149999618530273,30.628000259399414,95.44999694824219,9685.2646484375,18.348739624023438,0,0,0,0,0
2015-05-21,60.720001220703125,66.54000091552734,2.9489998817443848,30.67300033569336,95.26000213623047,9578.515625,18.094932556152344,0,0,0,0,0
2015-05-22,59.720001220703125,65.37000274658203,2.88700008392334,30.636999130249023,96.01000213623047,9638.755859375,18.0650691986084,0,0,0,0,0
2015-05-23,59.720001220703125,65.37000274658203,2.88700008392334,30.636999130249023,96.01000213623047,9638.755859375,18.0650691986084,0,0,0,0,0
2015-05-24,59.720001220703125,65.37000274658203,2.88700008392334,30.636999130249023,96.01000213623047,9638.755859375,18.0650691986084,0,0,0,0,0
2015-05-25,59.720001220703125,65.37000274658203,2.88700008392334,30.531999588012695,96.01000213623047,9645.1259765625,18.0650691986084,0,0,0,0,0
2015-05-26,58.029998779296875,63.720001220703125,2.822000026702881,30.562999725341797,97.30000305175781,9669.3662109375,18.109859466552734,0,0,0,0,0
2015-05-27,57.5099983215332,62.060001373291016,2.815000057220459,30.698999404907227,97.37000274658203,9693.4951171875,18.36366844177246,0,0,0,0,0
2015-05-28,57.68000030517578,62.58000183105469,2.7060000896453857,30.718000411987305,96.97000122070312,9712.794921875,18.251697540283203,0,0,0,0,0
2015-05-29,60.29999923706055,65.55999755859375,2.6419999599456787,30.788999557495117,96.91000366210938,9701.025390625,18.12479019165039,0,0,0,0,0
2015-05-30,60.29999923706055,65.55999755859375,2.6419999599456787,30.788999557495117,96.91000366210938,9701.025390625,18.12479019165039,0,0,0,0,0
2015-05-31,60.29999923706055,65.55999755859375,2.6419999599456787,30.788999557495117,96.91000366210938,9701.025390625,18.12479019165039,0,0,0,0,0
2015-06-01,60.20000076293945,64.87999725341797,2.6489999294281006,30.86199951171875,97.38999938964844,9625.646484375,18.020282745361328,0,0,0,0,0
2015-06-02,61.2599983215332,65.48999786376953,2.697999954223633,30.920000076293945,95.83999633789062,9614.2158203125,17.66943359375,0,0,0,0,0
2015-06-03,59.63999938964844,63.79999923706055,2.634000062942505,30.9950008392334,95.47000122070312,9556.4765625,17.661964416503906,0,0,0,0,0
2015-06-04,58.0,62.029998779296875,2.625999927520752,30.90999984741211,95.45999908447266,9348.587890625,17.154354095458984,0,0,0,0,0
2015-06-05,59.130001068115234,63.310001373291016,2.5899999141693115,31.05500030517578,96.30999755859375,9340.087890625,17.064775466918945,0,0,0,0,0
2015-06-06,59.130001068115234,63.310001373291016,2.5899999141693115,31.05500030517578,96.30999755859375,9340.087890625,17.064775466918945,0,0,0,0,0
2015-06-07,59.130001068115234,63.310001373291016,2.5899999141693115,31.05500030517578,96.30999755859375,9340.087890625,17.064775466918945,0,0,0,0,0
2015-06-08,58.13999938964844,62.689998626708984,2.7049999237060547,31.02199935913086,95.30000305175781,9368.3876953125,16.908010482788086,0,0,0,0,0
2015-06-09,60.13999938964844,64.87999725341797,2.8459999561309814,31.2450008392334,95.16999816894531,9191.828125,17.042383193969727,0,0,0,0,0
2015-06-10,61.43000030517578,65.69999694824219,2.8910000324249268,31.295000076293945,94.6500015258789,9298.4580078125,17.415626525878906,0,0,0,0,0
2015-06-11,60.77000045776367,65.11000061035156,2.825000047683716,31.142000198364258,94.9800033569336,9302.4482421875,17.54999542236328,0,0,0,0,0
2015-06-12,59.959999084472656,63.869998931884766,2.75,31.149999618530273,94.97000122070312,9301.8876953125,17.66943359375,0,0,0,0,0
2015-06-13,59.959999084472656,63.869998931884766,2.75,31.149999618530273,94.97000122070312,9301.8876953125,17.66943359375,0,0,0,0,0
2015-06-14,59.959999084472656,63.869998931884766,2.75,31.149999618530273,94.97000122070312,9301.8876953125,17.66943359375,0,0,0,0,0
2015-06-15,59.52000045776367,62.61000061035156,2.8889999389648438,31.21500015258789,94.80999755859375,9259.4384765625,17.36337661743164,0,0,0,0,0
2015-06-16,59.970001220703125,62.630001068115234,2.8940000534057617,31.2450008392334,95.0,9212.73828125,17.602252960205078,0,0,0,0,0
2015-06-17,59.91999816894531,63.869998931884766,2.8550000190734863,31.25200080871582,94.30000305175781,9189.7880859375,17.61717987060547,0,0,0,0,0
2015-06-18,60.45000076293945,64.26000213623047,2.7769999504089355,31.24799919128418,94.04000091552734,9218.328125,17.73661994934082,0,0,0,0,0
2015-06-19,59.61000061035156,63.02000045776367,2.815999984741211,30.708999633789062,94.08999633789062,9218.328125,17.467880249023438,0,0,0,0,0
2015-06-20,59.61000061035156,63.02000045776367,2.815999984741211,30.708999633789062,94.08999633789062,9218.328125,17.467880249023438,0,0,0,0,0
2015-06-21,59.61000061035156,63.02000045776367,2.815999984741211,30.708999633789062,94.08999633789062,9218.328125,17.467880249023438,0,0,0,0,0
2015-06-22,59.68000030517578,63.34000015258789,2.7330000400543213,29.729000091552734,94.33000183105469,9341.7275390625,17.796335220336914,0,0,0,0,0
2015-06-23,61.0099983215332,64.44999694824219,2.7260000705718994,30.961999893188477,95.43000030517578,9391.09765625,17.8635196685791,0,0,0,0,0
2015-06-24,60.27000045776367,63.4900016784668,2.759000062942505,30.985000610351562,95.26000213623047,9397.267578125,17.841127395629883,0,0,0,0,0
2015-06-25,59.70000076293945,63.20000076293945,2.8499999046325684,31.042999267578125,95.19000244140625,9476.296875,17.975494384765625,0,0,0,0,0
2015-06-26,59.630001068115234,63.2599983215332,2.7730000019073486,31.040000915527344,95.47000122070312,9462.52734375,17.639577865600586,0,0,0,0,0
2015-06-27,59.630001068115234,63.2599983215332,2.7730000019073486,31.040000915527344,95.47000122070312,9462.52734375,17.639577865600586,0,0,0,0,0
2015-06-28,59.630001068115234,63.2599983215332,2.7730000019073486,31.040000915527344,95.47000122070312,9462.52734375,17.639577865600586,0,0,0,0,0
2015-06-29,58.33000183105469,62.0099983215332,2.805000066757202,31.12299919128418,94.79000091552734,9236.0576171875,17.23751449584961,0,0,0,0,0
2015-06-30,59.470001220703125,63.59000015258789,2.8320000171661377,31.166000366210938,95.48999786376953,9322.9775390625,17.491689682006836,0,0,0,0,0
2015-07-01,56.959999084472656,62.0099983215332,2.7829999923706055,31.058000564575195,96.30999755859375,9375.1884765625,17.6611328125,0,0,0,0,0
2015-07-02,56.93000030517578,62.06999969482422,2.822000026702881,31.094999313354492,96.11000061035156,9379.1982421875,17.830591201782227,0,0,0,0,0
2015-07-03,56.93000030517578,62.06999969482422,2.822000026702881,29.95400047302246,96.11000061035156,9358.1884765625,17.830591201782227,0,0,0,0,0
2015-07-04,56.93000030517578,62.06999969482422,2.822000026702881,29.95400047302246,96.11000061035156,9358.1884765625,17.830591201782227,0,0,0,0,0
2015-07-05,56.93000030517578,62.06999969482422,2.822000026702881,29.95400047302246,96.11000061035156,9358.1884765625,17.830591201782227,0,0,0,0,0
2015-07-06,52.529998779296875,56.540000915527344,2.75600004196167,31.111000061035156,96.30000305175781,9255.91796875,17.668840408325195,0,0,0,0,0
2015-07-07,52.33000183105469,56.849998474121094,2.7160000801086426,31.145000457763672,96.87000274658203,9250.1181640625,17.68424415588379,0,0,0,0,0
2015-07-08,51.650001525878906,57.04999923706055,2.684999942779541,31.15399932861328,96.29000091552734,8976.0693359375,17.12198829650879,0,0,0,0,0
2015-07-09,52.779998779296875,58.61000061035156,2.7260000705718994,31.215999603271484,96.61000061035156,8914.0888671875,17.114282608032227,0,0,0,0,0
2015-07-10,52.7400016784668,58.72999954223633,2.7699999809265137,31.222999572753906,96.02999877929688,8914.0888671875,17.38385772705078,0,0,0,0,0
2015-07-11,52.7400016784668,58.72999954223633,2.7699999809265137,31.222999572753906,96.02999877929688,8914.0888671875,17.38385772705078,0,0,0,0,0
2015-07-12,52.7400016784668,58.72999954223633,2.7699999809265137,31.222999572753906,96.02999877929688,8914.0888671875,17.38385772705078,0,0,0,0,0
2015-07-13,52.20000076293945,57.849998474121094,2.864000082015991,31.222999572753906,96.86000061035156,9033.87890625,17.607219696044922,0,0,0,0,0
2015-07-14,53.040000915527344,58.5099983215332,2.8399999141693115,31.19499969482422,96.63999938964844,9041.71875,17.561012268066406,0,0,0,0,0
2015-07-15,51.40999984741211,57.04999923706055,2.9179999828338623,31.295000076293945,97.12999725341797,9054.1591796875,17.376155853271484,0,0,0,0,0
2015-07-16,50.90999984741211,57.5099983215332,2.8540000915527344,31.264999389648438,97.66000366210938,9042.1689453125,17.507095336914062,0,0,0,0,0
2015-07-17,50.88999938964844,57.52000045776367,2.869999885559082,31.304000854492188,97.86000061035156,9045.939453125,17.7381591796875,0,0,0,0,0
2015-07-18,50.88999938964844,57.52000045776367,2.869999885559082,31.304000854492188,97.86000061035156,9045.939453125,17.7381591796875,0,0,0,0,0
2015-07-19,50.88999938964844,57.52000045776367,2.869999885559082,31.304000854492188,97.86000061035156,9045.939453125,17.7381591796875,0,0,0,0,0
2015-07-20,50.150001525878906,56.650001525878906,2.822999954223633,30.312999725341797,98.02999877929688,8974.958984375,17.638031005859375,0,0,0,0,0
2015-07-21,50.36000061035156,57.040000915527344,2.881999969482422,31.33099937438965,97.33000183105469,9005.9189453125,17.622629165649414,0,0,0,0,0
2015-07-22,49.189998626708984,56.130001068115234,2.8970000743865967,31.395000457763672,97.5999984741211,8918.6591796875,17.114282608032227,0,0,0,0,0
2015-07-23,48.45000076293945,55.27000045776367,2.815999984741211,31.34000015258789,97.12000274658203,8791.080078125,17.183605194091797,0,0,0,0,0
2015-07-24,48.13999938964844,54.619998931884766,2.7760000228881836,31.44300079345703,97.23999786376953,8767.8203125,16.66755485534668,0,0,0,0,0
2015-07-25,48.13999938964844,54.619998931884766,2.7760000228881836,31.44300079345703,97.23999786376953,8767.8203125,16.66755485534668,0,0,0,0,0
2015-07-26,48.13999938964844,54.619998931884766,2.7760000228881836,31.44300079345703,97.23999786376953,8767.8203125,16.66755485534668,0,0,0,0,0
2015-07-27,47.38999938964844,53.470001220703125,2.7890000343322754,31.511999130249023,96.5,8556.6396484375,16.659852981567383,0,0,0,0,0
2015-07-28,47.97999954223633,53.29999923706055,2.821000099182129,31.545000076293945,96.7699966430664,8582.4501953125,16.852407455444336,0,0,0,0,0
2015-07-29,48.790000915527344,53.380001068115234,2.885999917984009,31.56599998474121,96.9800033569336,8563.4404296875,17.029560089111328,0,0,0,0,0
2015-07-30,48.52000045776367,53.310001373291016,2.7679998874664307,31.513999938964844,97.55999755859375,8651.4501953125,17.483983993530273,0,0,0,0,0
2015-07-31,47.119998931884766,52.209999084472656,2.7160000801086426,31.594999313354492,97.37000274658203,8665.2998046875,17.029560089111328,0,0,0,0,0
2015-08-01,47.119998931884766,52.209999084472656,2.7160000801086426,31.594999313354492,97.37000274658203,8665.2998046875,17.029560089111328,0,0,0,0,0
2015-08-02,47.119998931884766,52.209999084472656,2.7160000801086426,31.594999313354492,97.37000274658203,8665.2998046875,17.029560089111328,0,0,0,0,0
2015-08-03,45.16999816894531,49.52000045776367,2.747999906539917,31.674999237060547,97.48999786376953,8524.3701171875,16.729171752929688,0,0,0,0,0
2015-08-04,45.7400016784668,49.9900016784668,2.812000036239624,31.697999954223633,97.93000030517578,8510.8203125,16.521217346191406,0,0,0,0,0
2015-08-05,45.150001525878906,49.59000015258789,2.7980000972747803,31.716999053955078,97.95999908447266,8542.2294921875,16.644453048706055,0,0,0,0,0
2015-08-06,44.65999984741211,49.52000045776367,2.812999963760376,31.743999481201172,97.83000183105469,8449.51953125,16.390275955200195,0,0,0,0,0
2015-08-07,43.869998931884766,48.61000061035156,2.7980000972747803,31.74799919128418,97.55999755859375,8442.25,16.197723388671875,0,0,0,0,0
2015-08-08,43.869998931884766,48.61000061035156,2.7980000972747803,31.74799919128418,97.55999755859375,8442.25,16.197723388671875,0,0,0,0,0
2015-08-09,43.869998931884766,48.61000061035156,2.7980000972747803,31.74799919128418,97.55999755859375,8442.25,16.197723388671875,0,0,0,0,0
2015-08-10,44.959999084472656,50.40999984741211,2.8420000076293945,31.74799919128418,97.16000366210938,8466.7998046875,16.644453048706055,0,0,0,0,0
2015-08-11,43.08000183105469,49.18000030517578,2.8440001010894775,31.74799919128418,97.29000091552734,8394.099609375,16.043676376342773,0,0,0,0,0
2015-08-12,43.29999923706055,49.65999984741211,2.930999994277954,32.051998138427734,96.26000213623047,8283.33984375,15.982059478759766,0,0,0,0,0
2015-08-13,42.22999954223633,49.220001220703125,2.7869999408721924,32.45399856567383,96.44999694824219,8311.7001953125,15.820317268371582,0,0,0,0,0
2015-08-14,42.5,49.029998779296875,2.8010001182556152,32.33399963378906,96.56999969482422,8305.599609375,15.697083473205566,0,0,0,0,0
2015-08-15,42.5,49.029998779296875,2.8010001182556152,32.33399963378906,96.56999969482422,8305.599609375,15.697083473205566,0,0,0,0,0
2015-08-16,42.5,49.029998779296875,2.8010001182556152,32.33399963378906,96.56999969482422,8305.599609375,15.697083473205566,0,0,0,0,0
2015-08-17,41.869998931884766,49.029998779296875,2.7279999256134033,32.34600067138672,96.81999969482422,8213.3798828125,15.620055198669434,0,0,0,0,0
2015-08-18,42.619998931884766,48.810001373291016,2.7039999961853027,32.60200119018555,96.97000122070312,8177.1826171875,15.42750072479248,0,0,0,0,0
2015-08-19,40.79999923706055,47.15999984741211,2.7160000801086426,32.64099884033203,96.45999908447266,8021.80224609375,15.335077285766602,0,0,0,0,0
2015-08-20,41.13999938964844,46.619998931884766,2.755000114440918,31.332000732421875,95.75,8029.7724609375,15.104011535644531,0,0,0,0,0
2015-08-21,40.45000076293945,45.459999084472656,2.6760001182556152,32.659000396728516,94.83000183105469,7786.88427734375,14.541743278503418,0,0,0,0,0
2015-08-22,40.45000076293945,45.459999084472656,2.6760001182556152,32.659000396728516,94.83000183105469,7786.88427734375,14.541743278503418,0,0,0,0,0
2015-08-23,40.45000076293945,45.459999084472656,2.6760001182556152,32.659000396728516,94.83000183105469,7786.88427734375,14.541743278503418,0,0,0,0,0
2015-08-24,38.2400016784668,42.689998626708984,2.6500000953674316,32.854000091552734,93.30999755859375,7410.3056640625,14.449323654174805,0,0,0,0,0
2015-08-25,39.310001373291016,43.209999084472656,2.684999942779541,32.94499969482422,94.52999877929688,7675.60498046875,14.449323654174805,0,0,0,0,0
2015-08-26,38.599998474121094,43.13999938964844,2.693000078201294,32.86399841308594,95.0999984741211,7715.5546875,14.980777740478516,0,0,0,0,0
2015-08-27,42.560001373291016,47.560001373291016,2.638000011444092,32.75199890136719,95.61000061035156,7824.513671875,15.358180046081543,0,0,0,0,0
2015-08-28,45.220001220703125,50.04999923706055,2.7149999141693115,32.75699996948242,96.11000061035156,8019.142578125,15.404397010803223,0,0,0,0,0
2015-08-29,45.220001220703125,50.04999923706055,2.7149999141693115,32.75699996948242,96.11000061035156,8019.142578125,15.404397010803223,0,0,0,0,0
2015-08-30,45.220001220703125,50.04999923706055,2.7149999141693115,32.75699996948242,96.11000061035156,8019.142578125,15.404397010803223,0,0,0,0,0
2015-08-31,49.20000076293945,54.150001525878906,2.688999891281128,32.7599983215332,95.94999694824219,8174.88232421875,15.311964988708496,0,0,0,0,0
2015-09-01,45.40999984741211,49.560001373291016,2.7019999027252197,32.79800033569336,95.44999694824219,8017.5224609375,14.949970245361328,0,0,0,0,0
2015-09-02,46.25,50.5,2.6480000019073486,32.665000915527344,95.83000183105469,8035.25244140625,15.358180046081543,0,0,0,0,0
2015-09-03,46.75,50.68000030517578,2.7249999046325684,32.75,96.41000366210938,8095.91259765625,15.458311080932617,0,0,0,0,0
2015-09-04,46.04999923706055,49.61000061035156,2.6549999713897705,31.89299964904785,96.2300033569336,8000.5625,15.15022087097168,0,0,0,0,0
2015-09-05,46.04999923706055,49.61000061035156,2.6549999713897705,31.89299964904785,96.2300033569336,8000.5625,15.15022087097168,0,0,0,0,0
2015-09-06,46.04999923706055,49.61000061035156,2.6549999713897705,31.89299964904785,96.2300033569336,8000.5625,15.15022087097168,0,0,0,0,0
2015-09-07,46.04999923706055,49.61000061035156,2.6549999713897705,32.82400131225586,96.2300033569336,7986.5224609375,15.15022087097168,0,0,0,0,0
2015-09-08,45.939998626708984,49.52000045776367,2.7100000381469727,32.91899871826172,95.87999725341797,8001.46240234375,15.442902565002441,0,0,0,0,0
2015-09-09,44.150001525878906,47.58000183105469,2.6510000228881836,32.99100112915039,96.01000213623047,8286.8798828125,15.311964988708496,0,0,0,0,0
2015-09-10,45.91999816894531,48.88999938964844,2.683000087738037,32.76300048828125,95.45999908447266,8268.6396484375,15.173330307006836,0,0,0,0,0
2015-09-11,44.630001068115234,48.13999938964844,2.693000078201294,32.84299850463867,95.19000244140625,8305.7802734375,15.327373504638672,0,0,0,0,0
2015-09-12,44.630001068115234,48.13999938964844,2.693000078201294,32.84299850463867,95.19000244140625,8305.7802734375,15.327373504638672,0,0,0,0,0
2015-09-13,44.630001068115234,48.13999938964844,2.693000078201294,32.84299850463867,95.19000244140625,8305.7802734375,15.327373504638672,0,0,0,0,0
2015-09-14,44.0,46.369998931884766,2.757999897003174,32.696998596191406,95.25,8307.25,15.435208320617676,0,0,0,0,0
2015-09-15,44.59000015258789,46.630001068115234,2.7279999256134033,32.70500183105469,95.61000061035156,8259.9501953125,15.704776763916016,0,0,0,0,0
2015-09-16,47.150001525878906,46.61000061035156,2.6600000858306885,32.775001525878906,95.41999816894531,8333.25,15.920437812805176,0,0,0,0,0
2015-09-17,46.900001525878906,49.08000183105469,2.6519999504089355,32.750999450683594,94.55000305175781,8445.4599609375,15.912742614746094,0,0,0,0,0
2015-09-18,44.68000030517578,47.470001220703125,2.6050000190734863,32.64899826049805,94.86000061035156,8462.099609375,15.874232292175293,0,0,0,0,0
2015-09-19,44.68000030517578,47.470001220703125,2.6050000190734863,32.64899826049805,94.86000061035156,8462.099609375,15.874232292175293,0,0,0,0,0
2015-09-20,44.68000030517578,47.470001220703125,2.6050000190734863,32.64899826049805,94.86000061035156,8462.099609375,15.874232292175293,0,0,0,0,0
2015-09-21,46.68000030517578,48.91999816894531,2.572999954223633,32.650001525878906,95.88999938964844,8307.0,15.812612533569336,0,0,0,0,0
2015-09-22,45.83000183105469,49.08000183105469,2.5769999027252197,32.92499923706055,96.27999877929688,8365.8798828125,15.365885734558105,0,0,0,0,0
2015-09-23,44.47999954223633,47.75,2.569000005722046,32.95800018310547,96.06999969482422,8193.3798828125,15.412090301513672,0,0,0,0,0
2015-09-24,44.90999984741211,48.16999816894531,2.5910000801086426,33.23699951171875,95.98999786376953,8123.0625,15.396690368652344,0,0,0,0,0
2015-09-25,45.70000076293945,48.599998474121094,2.563999891281128,33.24700164794922,96.2699966430664,8132.3125,15.442902565002441,0,0,0,0,0
2015-09-26,45.70000076293945,48.599998474121094,2.563999891281128,33.24700164794922,96.2699966430664,8132.3125,15.442902565002441,0,0,0,0,0
2015-09-27,45.70000076293945,48.599998474121094,2.563999891281128,33.24700164794922,96.2699966430664,8132.3125,15.442902565002441,0,0,0,0,0
2015-09-28,44.43000030517578,47.34000015258789,2.562999963760376,33.279998779296875,96.02999877929688,8132.3125,15.119410514831543,0,0,0,0,0
2015-09-29,45.22999954223633,48.22999954223633,2.5859999656677246,33.279998779296875,95.88999938964844,8132.3125,15.319674491882324,0,0,0,0,0
2015-09-30,45.09000015258789,48.369998931884766,2.5239999294281006,33.279998779296875,96.3499984741211,8181.20263671875,15.982059478759766,0,0,0,0,0
2015-10-01,44.7400016784668,47.689998626708984,2.433000087738037,33.1150016784668,96.19000244140625,8295.900390625,16.066783905029297,0,0,0,0,0
2015-10-02,45.540000915527344,48.130001068115234,2.4509999752044678,33.06800079345703,95.83000183105469,8304.990234375,15.989762306213379,0,0,0,0,0
2015-10-03,45.540000915527344,48.130001068115234,2.4509999752044678,33.06800079345703,95.83000183105469,8304.990234375,15.989762306213379,0,0,0,0,0
2015-10-04,45.540000915527344,48.130001068115234,2.4509999752044678,33.06800079345703,95.83000183105469,8304.990234375,15.989762306213379,0,0,0,0,0
2015-10-05,46.2599983215332,49.25,2.450000047683716,32.67900085449219,96.11000061035156,8352.3203125,16.482698440551758,0,0,0,0,0
2015-10-06,48.529998779296875,51.91999816894531,2.4700000286102295,32.99100112915039,95.45999908447266,8394.0595703125,16.35176658630371,0,0,0,0,0
2015-10-07,47.810001373291016,51.33000183105469,2.4739999771118164,31.608999252319336,95.5,8495.1904296875,16.890918731689453,0,0,0,0,0
2015-10-08,49.43000030517578,53.04999923706055,2.497999906539917,32.86000061035156,95.31999969482422,8445.919921875,17.13739013671875,0,0,0,0,0
2015-10-09,49.630001068115234,52.650001525878906,2.502000093460083,32.8380012512207,94.80999755859375,8445.919921875,16.906326293945312,0,0,0,0,0
2015-10-10,49.630001068115234,52.650001525878906,2.502000093460083,32.8380012512207,94.80999755859375,8445.919921875,16.906326293945312,0,0,0,0,0
2015-10-11,49.630001068115234,52.650001525878906,2.502000093460083,32.8380012512207,94.80999755859375,8445.919921875,16.906326293945312,0,0,0,0,0
2015-10-12,47.099998474121094,49.86000061035156,2.5350000858306885,31.291000366210938,94.83999633789062,8573.6796875,17.0141544342041,0,0,0,0,0
2015-10-13,46.65999984741211,49.2400016784668,2.497999906539917,32.55099868774414,94.76000213623047,8567.8798828125,16.898616790771484,0,0,0,0,0
2015-10-14,46.63999938964844,49.150001525878906,2.5179998874664307,32.73099899291992,93.93000030517578,8522.4697265625,17.206703186035156,0,0,0,0,0
2015-10-15,46.380001068115234,48.709999084472656,2.453000068664551,32.733001708984375,94.37000274658203,8601.4794921875,16.906326293945312,0,0,0,0,0
2015-10-16,47.2599983215332,48.72999954223633,2.430000066757202,32.45000076293945,94.54000091552734,8604.91015625,17.068071365356445,0,0,0,0,0
2015-10-17,47.2599983215332,48.72999954223633,2.430000066757202,32.45000076293945,94.54000091552734,8604.91015625,17.068071365356445,0,0,0,0,0
2015-10-18,47.2599983215332,48.72999954223633,2.430000066757202,32.45000076293945,94.54000091552734,8604.91015625,17.068071365356445,0,0,0,0,0
2015-10-19,45.88999938964844,48.61000061035156,2.441999912261963,32.49599838256836,94.95999908447266,8631.4599609375,17.12198829650879,0,0,0,0,0
2015-10-20,45.54999923706055,48.709999084472656,2.4760000705718994,32.4109992980957,94.8499984741211,8653.5595703125,17.183605194091797,0,0,0,0,0
2015-10-21,45.20000076293945,47.849998474121094,2.4040000438690186,32.500999450683594,95.05000305175781,8609.1904296875,17.114282608032227,0,0,0,0,0
2015-10-22,45.380001068115234,48.08000183105469,2.385999917984009,32.54999923706055,96.33999633789062,8608.419921875,17.337644577026367,0,0,0,0,0
2015-10-23,44.599998474121094,47.9900016784668,2.2860000133514404,32.6510009765625,97.06999969482422,8673.76953125,17.306838989257812,0,0,0,0,0
2015-10-24,44.599998474121094,47.9900016784668,2.2860000133514404,32.6510009765625,97.06999969482422,8673.76953125,17.306838989257812,0,0,0,0,0
2015-10-25,44.599998474121094,47.9900016784668,2.2860000133514404,32.6510009765625,97.06999969482422,8673.76953125,17.306838989257812,0,0,0,0,0
2015-10-26,43.97999954223633,47.540000915527344,2.062000036239624,32.500999450683594,96.86000061035156,8745.3203125,17.068071365356445,0,0,0,0,0
2015-10-27,43.20000076293945,46.810001373291016,2.0920000076293945,32.70100021362305,96.91000366210938,8701.2802734375,17.098878860473633,0,0,0,0,0
2015-10-28,45.939998626708984,49.04999923706055,2.0329999923706055,32.667999267578125,97.77999877929688,8665.9501953125,17.006450653076172,0,0,0,0,0
2015-10-29,46.060001373291016,48.79999923706055,2.256999969482422,32.676998138427734,97.27999877929688,8571.0400390625,16.80619239807129,0,0,0,0,0
2015-10-30,46.59000015258789,49.560001373291016,2.321000099182129,32.540000915527344,96.94999694824219,8554.26953125,16.914024353027344,0,0,0,0,0
2015-10-31,46.59000015258789,49.560001373291016,2.321000099182129,32.540000915527344,96.94999694824219,8554.26953125,16.914024353027344,0,0,0,0,0
2015-11-01,46.59000015258789,49.560001373291016,2.321000099182129,32.540000915527344,96.94999694824219,8554.26953125,16.914024353027344,0,0,0,0,0
2015-11-02,46.13999938964844,48.790000915527344,2.25600004196167,32.400001525878906,96.93000030517578,8614.7294921875,17.0218563079834,0,0,0,0,0
2015-11-03,47.900001525878906,50.540000915527344,2.253000020980835,32.71200180053711,97.16000366210938,8713.150390625,17.537899017333984,0,0,0,0,0
2015-11-04,46.31999969482422,48.58000183105469,2.26200008392334,32.617000579833984,97.94999694824219,8856.9794921875,18.138675689697266,0,0,0,0,0
2015-11-05,45.20000076293945,47.97999954223633,2.364000082015991,32.5880012512207,97.94000244140625,8850.1396484375,17.699647903442383,0,0,0,0,0
2015-11-06,44.290000915527344,47.41999816894531,2.371000051498413,32.70899963378906,99.16000366210938,8693.5302734375,17.576416015625,0,0,0,0,0
2015-11-07,44.290000915527344,47.41999816894531,2.371000051498413,32.70899963378906,99.16000366210938,8693.5302734375,17.576416015625,0,0,0,0,0
2015-11-08,44.290000915527344,47.41999816894531,2.371000051498413,32.70899963378906,99.16000366210938,8693.5302734375,17.576416015625,0,0,0,0,0
2015-11-09,43.869998931884766,47.189998626708984,2.299999952316284,32.722999572753906,98.9800033569336,8642.4404296875,17.68424415588379,0,0,0,0,0
2015-11-10,44.209999084472656,47.439998626708984,2.319999933242798,31.95400047302246,99.29000091552734,8536.8603515625,17.337644577026367,0,0,0,0,0
2015-11-11,42.93000030517578,45.810001373291016,2.263000011444092,32.84299850463867,99.01000213623047,8414.9697265625,17.39156150817871,0,0,0,0,0
2015-11-12,41.75,44.060001373291016,2.259999990463257,31.687999725341797,98.6500015258789,8428.0498046875,17.129680633544922,0,0,0,0,0
2015-11-13,40.7400016784668,43.61000061035156,2.3610000610351562,31.55699920654297,98.98999786376953,8329.4599609375,16.860107421875,0,0,0,0,0
2015-11-14,40.7400016784668,43.61000061035156,2.3610000610351562,31.55699920654297,98.98999786376953,8329.4599609375,16.860107421875,0,0,0,0,0
2015-11-15,40.7400016784668,43.61000061035156,2.3610000610351562,31.55699920654297,98.98999786376953,8329.4599609375,16.860107421875,0,0,0,0,0
2015-11-16,41.7400016784668,43.58000183105469,2.384999990463257,32.900001525878906,99.44000244140625,8295.3603515625,17.214414596557617,0,0,0,0,0
2015-11-17,40.66999816894531,43.56999969482422,2.371000051498413,33.013999938964844,99.62999725341797,8419.3798828125,17.345346450805664,0,0,0,0,0
2015-11-18,40.75,44.13999938964844,2.3469998836517334,31.89900016784668,99.6500015258789,8340.4296875,17.345346450805664,0,0,0,0,0
2015-11-19,40.540000915527344,44.18000030517578,2.2760000228881836,33.000999450683594,98.98999786376953,8477.16015625,17.46088409423828,0,0,0,0,0
2015-11-20,40.38999938964844,44.65999984741211,2.1449999809265137,32.494998931884766,99.56999969482422,8465.41015625,17.584115982055664,0,0,0,0,0
2015-11-21,40.38999938964844,44.65999984741211,2.1449999809265137,32.494998931884766,99.56999969482422,8465.41015625,17.584115982055664,0,0,0,0,0
2015-11-22,40.38999938964844,44.65999984741211,2.1449999809265137,32.494998931884766,99.56999969482422,8465.41015625,17.584115982055664,0,0,0,0,0
2015-11-23,41.75,44.83000183105469,2.2100000381469727,31.702999114990234,99.80000305175781,8485.6904296875,17.38385772705078,0,0,0,0,0
2015-11-24,42.869998931884766,46.119998931884766,2.200000047683716,32.77000045776367,99.52999877929688,8400.099609375,17.32994842529297,0,0,0,0,0
2015-11-25,43.040000915527344,46.16999816894531,2.2060000896453857,31.659000396728516,99.80000305175781,8386.08984375,17.376155853271484,0,0,0,0,0
2015-11-26,43.040000915527344,46.16999816894531,2.2060000896453857,31.461999893188477,99.80000305175781,8484.8603515625,17.376155853271484,0,0,0,0,0
2015-11-27,41.709999084472656,44.86000061035156,2.2119998931884766,32.69499969482422,100.0199966430664,8398.3603515625,17.29143524169922,0,0,0,0,0
2015-11-28,41.709999084472656,44.86000061035156,2.2119998931884766,32.69499969482422,100.0199966430664,8398.3603515625,17.29143524169922,0,0,0,0,0
2015-11-29,41.709999084472656,44.86000061035156,2.2119998931884766,32.69499969482422,100.0199966430664,8398.3603515625,17.29143524169922,0,0,0,0,0
2015-11-30,41.650001525878906,44.61000061035156,2.234999895095825,31.708999633789062,100.16999816894531,8320.5703125,17.530200958251953,0,0,0,0,0
2015-12-01,41.849998474121094,44.439998626708984,2.2309999465942383,32.821998596191406,99.80000305175781,8463.259765625,17.930715560913086,0,0,0,0,0
2015-12-02,39.939998626708984,42.4900016784668,2.1649999618530273,31.639999389648438,99.98999786376953,8457.3603515625,17.86140251159668,0,0,0,0,0
2015-12-03,41.08000183105469,43.84000015258789,2.180999994277954,31.777999877929688,97.62000274658203,8456.01953125,17.6611328125,0,0,0,0,0
2015-12-04,39.970001220703125,43.0,2.186000108718872,30.74799919128418,98.3499984741211,8398.5595703125,17.953826904296875,0,0,0,0,0
2015-12-05,39.970001220703125,43.0,2.186000108718872,30.74799919128418,98.3499984741211,8398.5595703125,17.953826904296875,0,0,0,0,0
2015-12-06,39.970001220703125,43.0,2.186000108718872,30.74799919128418,98.3499984741211,8398.5595703125,17.953826904296875,0,0,0,0,0
2015-12-07,37.650001525878906,40.72999954223633,2.066999912261963,31.871000289916992,98.66000366210938,8454.2294921875,17.899911880493164,0,0,0,0,0
2015-12-08,37.5099983215332,40.2599983215332,2.069999933242798,31.861000061035156,98.47000122070312,8343.8203125,17.776670455932617,0,0,0,0,0
2015-12-09,37.15999984741211,40.11000061035156,2.062000036239624,31.94499969482422,97.3499984741211,8229.580078125,17.507095336914062,0,0,0,0,0
2015-12-10,36.7599983215332,39.72999954223633,2.015000104904175,31.7189998626709,97.94000244140625,8216.1298828125,17.445478439331055,0,0,0,0,0
2015-12-11,35.619998931884766,37.93000030517578,1.9900000095367432,33.0,97.56999969482422,8115.8525390625,17.083471298217773,0,0,0,0,0
2015-12-12,35.619998931884766,37.93000030517578,1.9900000095367432,33.0,97.56999969482422,8115.8525390625,17.083471298217773,0,0,0,0,0
2015-12-13,35.619998931884766,37.93000030517578,1.9900000095367432,33.0,97.56999969482422,8115.8525390625,17.083471298217773,0,0,0,0,0
2015-12-14,36.310001373291016,37.91999816894531,1.8940000534057617,31.85700035095215,97.5999984741211,8040.12255859375,17.114282608032227,0,0,0,0,0
2015-12-15,37.349998474121094,38.45000076293945,1.8220000267028809,31.927000045776367,98.22000122070312,8073.3125,17.576416015625,0,0,0,0,0
2015-12-16,35.52000045776367,37.189998626708984,1.7899999618530273,32.016998291015625,97.87000274658203,8184.62255859375,17.838287353515625,0,0,0,0,0
2015-12-17,34.95000076293945,37.18000030517578,1.7549999952316284,31.92099952697754,99.2699966430664,8319.6298828125,17.68424415588379,0,0,0,0,0
2015-12-18,34.72999954223633,36.880001068115234,1.7669999599456787,32.04999923706055,98.69999694824219,8257.2802734375,17.6611328125,0,0,0,0,0
2015-12-19,34.72999954223633,36.880001068115234,1.7669999599456787,32.04999923706055,98.69999694824219,8257.2802734375,17.6611328125,0,0,0,0,0
2015-12-20,34.72999954223633,36.880001068115234,1.7669999599456787,32.04999923706055,98.69999694824219,8257.2802734375,17.6611328125,0,0,0,0,0
2015-12-21,34.7400016784668,36.349998474121094,1.9110000133514404,32.77899932861328,98.45999908447266,8282.1298828125,17.676544189453125,0,0,0,0,0
2015-12-22,36.13999938964844,36.11000061035156,1.8880000114440918,31.860000610351562,98.23999786376953,8292.7001953125,17.761260986328125,0,0,0,0,0
2015-12-23,37.5,37.36000061035156,1.9830000400543213,31.8799991607666,98.33999633789062,8315.66015625,17.776670455932617,0,0,0,0,0
2015-12-24,38.099998474121094,37.88999938964844,2.0290000438690186,31.99799919128418,97.9800033569336,8324.3203125,17.830591201782227,0,0,0,0,0
2015-12-25,38.099998474121094,37.88999938964844,2.0290000438690186,31.823999404907227,97.9800033569336,8363.240234375,17.830591201782227,0,0,0,0,0
2015-12-26,38.099998474121094,37.88999938964844,2.0290000438690186,31.823999404907227,97.9800033569336,8363.240234375,17.830591201782227,0,0,0,0,0
2015-12-27,38.099998474121094,37.88999938964844,2.0290000438690186,31.823999404907227,97.9800033569336,8363.240234375,17.830591201782227,0,0,0,0,0
2015-12-28,36.810001373291016,36.619998931884766,2.2279999256134033,31.78700065612793,97.91999816894531,8358.4501953125,17.722759246826172,0,0,0,0,0
2015-12-29,37.869998931884766,37.790000915527344,2.371999979019165,31.91900062561035,98.0999984741211,8293.8701171875,17.776670455932617,0,0,0,0,0
2015-12-30,36.599998474121094,36.459999084472656,2.2139999866485596,32.11800003051758,98.2699966430664,8279.9501953125,17.622629165649414,0,0,0,0,0
2015-12-31,37.040000915527344,37.279998779296875,2.3369998931884766,31.988000869750977,98.62999725341797,8338.01953125,17.522497177124023,0,0,0,0,0
2016-01-01,37.040000915527344,37.279998779296875,2.3369998931884766,32.06700134277344,98.62999725341797,8338.01953125,17.522497177124023,0,0,0,0,0
2016-01-02,37.040000915527344,37.279998779296875,2.3369998931884766,32.06700134277344,98.62999725341797,8338.01953125,17.522497177124023,0,0,0,0,0
2016-01-03,37.040000915527344,37.279998779296875,2.3369998931884766,32.06700134277344,98.62999725341797,8338.01953125,17.522497177124023,0,0,0,0,0
2016-01-04,36.7599983215332,37.220001220703125,2.3340001106262207,32.058998107910156,98.87000274658203,8114.22216796875,17.0141544342041,0,0,0,0,0
2016-01-05,35.970001220703125,36.41999816894531,2.325000047683716,32.4640007019043,99.4000015258789,8075.072265625,16.906326293945312,0,0,0,0,0
2016-01-06,33.970001220703125,34.22999954223633,2.2669999599456787,32.24599838256836,99.18000030517578,7990.3525390625,16.43648910522461,0,0,0,0,0
2016-01-07,33.27000045776367,33.75,2.381999969482422,33.44200134277344,98.22000122070312,7852.0234375,16.251638412475586,0,0,0,0,0
2016-01-08,33.15999984741211,33.54999923706055,2.4719998836517334,32.23400115966797,98.54000091552734,7893.93310546875,16.02827262878418,0,0,0,0,0
2016-01-09,33.15999984741211,33.54999923706055,2.4719998836517334,32.23400115966797,98.54000091552734,7893.93310546875,16.02827262878418,0,0,0,0,0
2016-01-10,33.15999984741211,33.54999923706055,2.4719998836517334,32.23400115966797,98.54000091552734,7893.93310546875,16.02827262878418,0,0,0,0,0
2016-01-11,31.40999984741211,31.549999237060547,2.3959999084472656,32.20100021362305,98.7300033569336,7788.38427734375,16.12070083618164,0,0,0,0,0
2016-01-12,30.440000534057617,30.860000610351562,2.256999969482422,32.558998107910156,98.97000122070312,7768.41455078125,15.982059478759766,0,0,0,0,0
2016-01-13,30.479999542236328,30.309999465942383,2.2690000534057617,33.650001525878906,98.93000030517578,7824.57373046875,15.774100303649902,0,0,0,0,0
2016-01-14,31.200000762939453,31.030000686645508,2.1389999389648438,33.612998962402344,99.08999633789062,7742.84423828125,16.80619239807129,0,0,0,0,0
2016-01-15,29.420000076293945,31.010000228881836,2.0999999046325684,33.72800064086914,98.95999908447266,7761.97412109375,16.251638412475586,0,0,0,0,0
2016-01-16,29.420000076293945,31.010000228881836,2.0999999046325684,33.72800064086914,98.95999908447266,7761.97412109375,16.251638412475586,0,0,0,0,0
2016-01-17,29.420000076293945,31.010000228881836,2.0999999046325684,33.72800064086914,98.95999908447266,7761.97412109375,16.251638412475586,0,0,0,0,0
2016-01-18,29.420000076293945,31.010000228881836,2.0999999046325684,32.67499923706055,99.12000274658203,7811.14453125,16.251638412475586,0,0,0,0,0
2016-01-19,28.459999084472656,28.760000228881836,2.0910000801086426,32.64500045776367,98.98999786376953,7854.84326171875,16.682960510253906,0,0,0,0,0
2016-01-20,26.549999237060547,27.8799991607666,2.118000030517578,32.444000244140625,99.08999633789062,7699.0849609375,16.243932723999023,0,0,0,0,0
2016-01-21,29.530000686645508,29.25,2.138000011444092,32.91600036621094,99.05999755859375,7663.974609375,16.428787231445312,0,0,0,0,0
2016-01-22,32.189998626708984,32.18000030517578,2.1389999389648438,32.94599914550781,99.56999969482422,7756.14453125,16.890918731689453,0,0,0,0,0
2016-01-23,32.189998626708984,32.18000030517578,2.1389999389648438,32.94599914550781,99.56999969482422,7756.14453125,16.890918731689453,0,0,0,0,0
2016-01-24,32.189998626708984,32.18000030517578,2.1389999389648438,32.94599914550781,99.56999969482422,7756.14453125,16.890918731689453,0,0,0,0,0
2016-01-25,30.34000015258789,30.5,2.1579999923706055,32.641998291015625,99.36000061035156,7894.11279296875,16.7830867767334,0,0,0,0,0
2016-01-26,31.450000762939453,31.799999237060547,2.180000066757202,32.47800064086914,99.36000061035156,7828.6337890625,16.629045486450195,0,0,0,0,0
2016-01-27,32.29999923706055,33.099998474121094,2.188999891281128,32.45100021362305,98.9000015258789,7849.7939453125,16.6983585357666,0,0,0,0,0
2016-01-28,33.220001220703125,33.88999938964844,2.181999921798706,32.595001220703125,98.51000213623047,7905.06298828125,16.659852981567383,0,0,0,0,0
2016-01-29,33.619998931884766,34.7400016784668,2.2980000972747803,32.60599899291992,99.61000061035156,8080.5625,17.214414596557617,0,0,0,0,0
2016-01-30,33.619998931884766,34.7400016784668,2.2980000972747803,32.60599899291992,99.61000061035156,8080.5625,17.214414596557617,0,0,0,0,0
2016-01-31,33.619998931884766,34.7400016784668,2.2980000972747803,32.60599899291992,99.61000061035156,8080.5625,17.214414596557617,0,0,0,0,0
2016-02-01,31.6200008392334,34.689998626708984,2.1519999504089355,32.79899978637695,99.0,8156.92236328125,17.29913902282715,0,0,0,0,0
2016-02-02,29.8799991607666,32.720001220703125,2.0250000953674316,32.43000030517578,98.87000274658203,8131.20263671875,17.376155853271484,0,0,0,0,0
2016-02-03,32.279998779296875,35.040000915527344,2.0380001068115234,32.571998596191406,97.29000091552734,8062.96533203125,17.65342903137207,0,0,0,0,0
2016-02-04,31.719999313354492,34.459999084472656,1.972000002861023,32.16699981689453,96.47000122070312,8062.96533203125,17.8922061920166,0,0,0,0,0
2016-02-05,30.889999389648438,34.060001373291016,2.062999963760376,33.0629997253418,97.02999877929688,8062.96533203125,17.522497177124023,0,0,0,0,0
2016-02-06,30.889999389648438,34.060001373291016,2.062999963760376,33.0629997253418,97.02999877929688,8062.96533203125,17.522497177124023,0,0,0,0,0
2016-02-07,30.889999389648438,34.060001373291016,2.062999963760376,33.0629997253418,97.02999877929688,8062.96533203125,17.522497177124023,0,0,0,0,0
2016-02-08,29.690000534057617,32.880001068115234,2.140000104904175,33.50699996948242,96.56999969482422,8062.96533203125,17.561012268066406,0,0,0,0,0
2016-02-09,27.940000534057617,30.31999969482422,2.0980000495910645,33.50699996948242,96.06999969482422,8062.96533203125,17.376155853271484,0,0,0,0,0
2016-02-10,27.450000762939453,30.84000015258789,2.0460000038146973,32.19200134277344,95.88999938964844,8062.96533203125,17.175899505615234,0,0,0,0,0
2016-02-11,26.209999084472656,30.059999465942383,1.99399995803833,32.95399856567383,95.55999755859375,8062.96533203125,16.94483757019043,0,0,0,0,0
2016-02-12,29.440000534057617,33.36000061035156,1.965999960899353,32.13600158691406,95.9800033569336,8062.96533203125,17.129680633544922,0,0,0,0,0
2016-02-13,29.440000534057617,33.36000061035156,1.965999960899353,32.13600158691406,95.9800033569336,8062.96533203125,17.129680633544922,0,0,0,0,0
2016-02-14,29.440000534057617,33.36000061035156,1.965999960899353,32.13600158691406,95.9800033569336,8062.96533203125,17.129680633544922,0,0,0,0,0
2016-02-15,29.440000534057617,33.36000061035156,1.965999960899353,32.1879997253418,95.9800033569336,8066.484375,17.129680633544922,0,0,0,0,0
2016-02-16,29.040000915527344,32.18000030517578,1.902999997138977,33.39899826049805,96.87000274658203,8212.04296875,17.976926803588867,0,0,0,0,0
2016-02-17,30.65999984741211,34.5,1.9420000314712524,33.439998626708984,96.79000091552734,8214.22265625,18.207992553710938,0,0,0,0,0
2016-02-18,30.770000457763672,34.279998779296875,1.8519999980926514,33.4900016784668,96.94999694824219,8314.642578125,18.331228256225586,0,0,0,0,0
2016-02-19,29.639999389648438,33.0099983215332,1.8040000200271606,32.308998107910156,96.5999984741211,8325.0126953125,18.315824508666992,0,0,0,0,0
2016-02-20,29.639999389648438,33.0099983215332,1.8040000200271606,32.308998107910156,96.5999984741211,8325.0126953125,18.315824508666992,0,0,0,0,0
2016-02-21,29.639999389648438,33.0099983215332,1.8040000200271606,32.308998107910156,96.5999984741211,8325.0126953125,18.315824508666992,0,0,0,0,0
2016-02-22,31.479999542236328,34.689998626708984,1.8209999799728394,32.30799865722656,97.37999725341797,8326.65234375,18.454465866088867,0,0,0,0,0
2016-02-23,31.8700008392334,33.27000045776367,1.781999945640564,32.3380012512207,97.4800033569336,8334.6123046875,18.02314567565918,0,0,0,0,0
2016-02-24,32.150001525878906,34.40999984741211,1.777999997138977,33.47200012207031,97.45999908447266,8282.8330078125,18.038543701171875,0,0,0,0,0
2016-02-25,33.06999969482422,35.290000915527344,1.7109999656677246,32.301998138427734,97.29000091552734,8365.8330078125,18.246505737304688,0,0,0,0,0
2016-02-26,32.779998779296875,35.099998474121094,1.7910000085830688,32.31100082397461,98.1500015258789,8411.1328125,18.308124542236328,0,0,0,0,0
2016-02-27,32.779998779296875,35.099998474121094,1.7910000085830688,32.31100082397461,98.1500015258789,8411.1328125,18.308124542236328,0,0,0,0,0
2016-02-28,32.779998779296875,35.099998474121094,1.7910000085830688,32.31100082397461,98.1500015258789,8411.1328125,18.308124542236328,0,0,0,0,0
2016-02-29,33.75,35.970001220703125,1.7109999656677246,32.58300018310547,98.20999908447266,8411.1328125,18.138675689697266,0,0,0,0,0
2016-03-01,34.400001525878906,35.959999084472656,1.7419999837875366,32.39099884033203,98.3499984741211,8485.6630859375,18.9320068359375,0,0,0,0,0
2016-03-02,34.65999984741211,36.93000030517578,1.6779999732971191,32.22100067138672,98.20999908447266,8544.0224609375,18.962812423706055,0,0,0,0,0
2016-03-03,34.56999969482422,37.06999969482422,1.6390000581741333,33.356998443603516,97.56999969482422,8611.7626953125,18.916601181030273,0,0,0,0,0
2016-03-04,35.91999816894531,38.720001220703125,1.6660000085830688,31.791000366210938,97.33999633789062,8643.5224609375,18.98591423034668,0,0,0,0,0
2016-03-05,35.91999816894531,38.720001220703125,1.6660000085830688,31.791000366210938,97.33999633789062,8643.5224609375,18.98591423034668,0,0,0,0,0
2016-03-06,35.91999816894531,38.720001220703125,1.6660000085830688,31.791000366210938,97.33999633789062,8643.5224609375,18.98591423034668,0,0,0,0,0
2016-03-07,37.900001525878906,40.84000015258789,1.690000057220459,31.76799964904785,97.06999969482422,8659.5224609375,19.024431228637695,0,0,0,0,0
2016-03-08,36.5,39.650001525878906,1.7120000123977661,32.994998931884766,97.20999908447266,8664.2822265625,18.98591423034668,0,0,0,0,0
2016-03-09,38.290000915527344,41.06999969482422,1.7519999742507935,31.908000946044922,97.16999816894531,8634.0830078125,19.055234909057617,0,0,0,0,0
2016-03-10,37.84000015258789,40.04999923706055,1.7879999876022339,33.20800018310547,96.06999969482422,8660.6728515625,19.055234909057617,0,0,0,0,0
2016-03-11,38.5,40.38999938964844,1.8220000267028809,33.071998596191406,96.16999816894531,8706.1123046875,19.525074005126953,0,0,0,0,0
2016-03-12,38.5,40.38999938964844,1.8220000267028809,33.071998596191406,96.16999816894531,8706.1123046875,19.525074005126953,0,0,0,0,0
2016-03-13,38.5,40.38999938964844,1.8220000267028809,33.071998596191406,96.16999816894531,8706.1123046875,19.525074005126953,0,0,0,0,0
2016-03-14,37.18000030517578,39.529998779296875,1.819000005722046,31.68600082397461,96.62000274658203,8747.873046875,19.424942016601562,0,0,0,0,0
2016-03-15,36.34000015258789,38.7400016784668,1.8509999513626099,31.798999786376953,96.62999725341797,8611.15234375,19.16306495666504,0,0,0,0,0
2016-03-16,38.459999084472656,40.33000183105469,1.8680000305175781,32.90999984741211,95.88999938964844,8699.1123046875,19.856266021728516,0,0,0,0,0
2016-03-17,40.20000076293945,41.540000915527344,1.9359999895095825,31.60099983215332,94.76000213623047,8734.5126953125,19.84856605529785,0,0,0,0,0
2016-03-18,39.439998626708984,41.20000076293945,1.906999945640564,32.698001861572266,94.98999786376953,8810.6826171875,20.05652618408203,0,0,0,0,0
2016-03-19,39.439998626708984,41.20000076293945,1.906999945640564,32.698001861572266,94.98999786376953,8810.6826171875,20.05652618408203,0,0,0,0,0
2016-03-20,39.439998626708984,41.20000076293945,1.906999945640564,32.698001861572266,94.98999786376953,8810.6826171875,20.05652618408203,0,0,0,0,0
2016-03-21,39.90999984741211,41.540000915527344,1.8279999494552612,31.486000061035156,95.29000091552734,8812.6728515625,19.971799850463867,0,0,0,0,0
2016-03-22,41.45000076293945,41.790000915527344,1.8630000352859497,32.5359992980957,95.6500015258789,8785.65234375,19.87936782836914,0,0,0,0,0
2016-03-23,39.790000915527344,40.470001220703125,1.7940000295639038,32.518001556396484,96.05000305175781,8766.0625,19.77924346923828,0,0,0,0,0
2016-03-24,39.459999084472656,40.439998626708984,1.805999994277954,32.612998962402344,96.13999938964844,8743.3525390625,19.817758560180664,0,0,0,0,0
2016-03-25,39.459999084472656,40.439998626708984,1.805999994277954,32.71500015258789,96.13999938964844,8704.9423828125,19.817758560180664,0,0,0,0,0
2016-03-26,39.459999084472656,40.439998626708984,1.805999994277954,32.71500015258789,96.13999938964844,8704.9423828125,19.817758560180664,0,0,0,0,0
2016-03-27,39.459999084472656,40.439998626708984,1.805999994277954,32.71500015258789,96.13999938964844,8704.9423828125,19.817758560180664,0,0,0,0,0
2016-03-28,39.38999938964844,40.27000045776367,1.8480000495910645,32.75699996948242,95.94000244140625,8690.4228515625,19.7407283782959,0,0,0,0,0
2016-03-29,38.279998779296875,39.13999938964844,1.902999997138977,32.70899963378906,95.16000366210938,8617.322265625,20.002605438232422,0,0,0,0,0
2016-03-30,38.31999969482422,39.2599983215332,1.996000051498413,32.68299865722656,94.83999633789062,8737.0126953125,20.380016326904297,0,0,0,0,0
2016-03-31,38.34000015258789,39.599998474121094,1.9589999914169312,32.4119987487793,94.58999633789062,8744.802734375,20.179758071899414,0,0,0,0,0
2016-04-01,36.790000915527344,39.65999984741211,1.9559999704360962,32.270999908447266,94.62000274658203,8657.5224609375,20.118141174316406,0,0,0,0,0
2016-04-02,36.790000915527344,39.65999984741211,1.9559999704360962,32.270999908447266,94.62000274658203,8657.5224609375,20.118141174316406,0,0,0,0,0
2016-04-03,36.790000915527344,39.65999984741211,1.9559999704360962,32.270999908447266,94.62000274658203,8657.5224609375,20.118141174316406,0,0,0,0,0
2016-04-04,35.70000076293945,37.689998626708984,1.9980000257492065,32.3650016784668,94.51000213623047,8657.5224609375,19.910181045532227,0,0,0,0,0
2016-04-05,35.88999938964844,37.869998931884766,1.9539999961853027,32.3650016784668,94.62999725341797,8657.5224609375,19.64830207824707,0,0,0,0,0
2016-04-06,37.75,39.84000015258789,1.9110000133514404,32.3650016784668,94.43000030517578,8513.2724609375,19.733030319213867,0,0,0,0,0
2016-04-07,37.2599983215332,39.43000030517578,2.0179998874664307,32.4119987487793,94.4800033569336,8490.22265625,19.540477752685547,0,0,0,0,0
2016-04-08,39.720001220703125,41.939998626708984,1.9900000095367432,31.51099967956543,94.23999786376953,8541.47265625,19.47115707397461,0,0,0,0,0
2016-04-09,39.720001220703125,41.939998626708984,1.9900000095367432,31.51099967956543,94.23999786376953,8541.47265625,19.47115707397461,0,0,0,0,0
2016-04-10,39.720001220703125,41.939998626708984,1.9900000095367432,31.51099967956543,94.23999786376953,8541.47265625,19.47115707397461,0,0,0,0,0
2016-04-11,40.36000061035156,42.83000183105469,1.9119999408721924,32.439998626708984,93.94999694824219,8562.5625,19.64830207824707,0,0,0,0,0
2016-04-12,42.16999816894531,44.689998626708984,2.003999948501587,32.380001068115234,93.95999908447266,8531.15234375,19.694520950317383,0,0,0,0,0
2016-04-13,41.7599983215332,44.18000030517578,2.0360000133514404,32.37099838256836,94.73999786376953,8652.052734375,20.156646728515625,0,0,0,0,0
2016-04-14,41.5,43.84000015258789,1.9700000286102295,32.34199905395508,94.9000015258789,8667.6826171875,19.486557006835938,0,0,0,0,0
2016-04-15,40.36000061035156,43.099998474121094,1.9019999504089355,32.426998138427734,94.69999694824219,8700.3623046875,19.609792709350586,0,0,0,0,0
2016-04-16,40.36000061035156,43.099998474121094,1.9019999504089355,32.426998138427734,94.69999694824219,8700.3623046875,19.609792709350586,0,0,0,0,0
2016-04-17,40.36000061035156,43.099998474121094,1.9019999504089355,32.426998138427734,94.69999694824219,8700.3623046875,19.609792709350586,0,0,0,0,0
2016-04-18,39.779998779296875,42.90999984741211,1.940000057220459,32.34000015258789,94.48999786376953,8665.982421875,19.640609741210938,0,0,0,0,0
2016-04-19,41.08000183105469,44.029998779296875,2.0880000591278076,32.38999938964844,93.9800033569336,8633.6923828125,19.37873077392578,0,0,0,0,0
2016-04-20,42.630001068115234,45.79999923706055,2.069000005722046,32.2599983215332,94.48999786376953,8514.453125,19.34792137145996,0,0,0,0,0
2016-04-21,43.18000030517578,44.529998779296875,2.068000078201294,32.233001708984375,94.5999984741211,8568.623046875,19.37873077392578,0,0,0,0,0
2016-04-22,43.72999954223633,45.11000061035156,2.140000104904175,31.441999435424805,95.12000274658203,8535.72265625,19.30940818786621,0,0,0,0,0
2016-04-23,43.72999954223633,45.11000061035156,2.140000104904175,31.441999435424805,95.12000274658203,8535.72265625,19.30940818786621,0,0,0,0,0
2016-04-24,43.72999954223633,45.11000061035156,2.140000104904175,31.441999435424805,95.12000274658203,8535.72265625,19.30940818786621,0,0,0,0,0
2016-04-25,42.63999938964844,44.47999954223633,2.062999963760376,32.321998596191406,94.83999633789062,8560.2529296875,19.263195037841797,0,0,0,0,0
2016-04-26,44.040000915527344,45.7400016784668,2.0320000648498535,32.35200119018555,94.56999969482422,8581.54296875,19.263195037841797,0,0,0,0,0
2016-04-27,45.33000183105469,47.18000030517578,1.9950000047683716,32.354000091552734,94.38999938964844,8563.0224609375,19.448049545288086,0,0,0,0,0
2016-04-28,46.029998779296875,48.13999938964844,2.078000068664551,32.3380012512207,93.76000213623047,8473.8427734375,18.60850715637207,0,0,0,0,0
2016-04-29,45.91999816894531,48.130001068115234,2.177999973297119,32.27199935913086,93.08000183105469,8377.873046875,18.16948699951172,0,0,0,0,0
2016-04-30,45.91999816894531,48.130001068115234,2.177999973297119,32.27199935913086,93.08000183105469,8377.873046875,18.16948699951172,0,0,0,0,0
2016-05-01,45.91999816894531,48.130001068115234,2.177999973297119,32.27199935913086,93.08000183105469,8377.873046875,18.16948699951172,0,0,0,0,0
2016-05-02,44.779998779296875,48.099998474121094,2.0420000553131104,31.260000228881836,92.62999725341797,8377.873046875,18.246505737304688,0,0,0,0,0
2016-05-03,43.650001525878906,46.75,2.0859999656677246,32.27399826049805,92.94000244140625,8294.0927734375,17.961519241333008,0,0,0,0,0
2016-05-04,43.779998779296875,44.619998931884766,2.1410000324249268,32.19599914550781,93.18000030517578,8185.44482421875,18.038543701171875,0,0,0,0,0
2016-05-05,44.31999969482422,45.0099983215332,2.0759999752044678,32.33599853515625,93.77999877929688,8167.9345703125,18.100160598754883,0,0,0,0,0
2016-05-06,44.65999984741211,45.369998931884766,2.1010000705718994,32.369998931884766,93.88999938964844,8146.40478515625,18.030839920043945,0,0,0,0,0
2016-05-07,44.65999984741211,45.369998931884766,2.1010000705718994,32.369998931884766,93.88999938964844,8146.40478515625,18.030839920043945,0,0,0,0,0
2016-05-08,44.65999984741211,45.369998931884766,2.1010000705718994,32.369998931884766,93.88999938964844,8146.40478515625,18.030839920043945,0,0,0,0,0
2016-05-09,43.439998626708984,43.630001068115234,2.0980000495910645,32.402000427246094,94.1500015258789,8131.8046875,18.00003433227539,0,0,0,0,0
2016-05-10,44.65999984741211,45.52000045776367,2.1579999923706055,32.40800094604492,94.29000091552734,8156.2646484375,18.01543617248535,0,0,0,0,0
2016-05-11,46.22999954223633,47.599998474121094,2.1730000972747803,32.5260009765625,93.81999969482422,8135.53466796875,17.884502410888672,0,0,0,0,0
2016-05-12,46.70000076293945,48.08000183105469,2.1549999713897705,32.51900100708008,94.13999938964844,8108.0244140625,17.707355499267578,0,0,0,0,0
2016-05-13,46.209999084472656,47.83000183105469,2.0959999561309814,32.53099822998047,94.61000061035156,8053.66455078125,17.576416015625,0,0,0,0,0
2016-05-14,46.209999084472656,47.83000183105469,2.0959999561309814,32.53099822998047,94.61000061035156,8053.66455078125,17.576416015625,0,0,0,0,0
2016-05-15,46.209999084472656,47.83000183105469,2.0959999561309814,32.53099822998047,94.61000061035156,8053.66455078125,17.576416015625,0,0,0,0,0
2016-05-16,47.720001220703125,48.970001220703125,2.0290000438690186,32.61600112915039,94.56999969482422,8067.57470703125,17.799776077270508,0,0,0,0,0
2016-05-17,48.310001373291016,49.279998779296875,2.0480000972747803,32.69499969482422,94.55000305175781,8140.45458984375,17.676544189453125,0,0,0,0,0
2016-05-18,48.189998626708984,48.93000030517578,2.000999927520752,32.608001708984375,95.08000183105469,8159.65478515625,18.115570068359375,0,0,0,0,0
2016-05-19,48.15999984741211,48.810001373291016,2.0390000343322754,32.69499969482422,95.29000091552734,8095.95458984375,17.907604217529297,0,0,0,0,0
2016-05-20,47.75,48.720001220703125,2.062000036239624,32.790000915527344,95.30999755859375,8131.234375,18.415950775146484,0,0,0,0,0
2016-05-21,47.75,48.720001220703125,2.062000036239624,32.790000915527344,95.30999755859375,8131.234375,18.415950775146484,0,0,0,0,0
2016-05-22,47.75,48.720001220703125,2.062000036239624,32.790000915527344,95.30999755859375,8131.234375,18.415950775146484,0,0,0,0,0
2016-05-23,48.08000183105469,48.349998474121094,2.055000066757202,32.73400115966797,95.2300033569336,8344.4130859375,18.693233489990234,0,0,0,0,0
2016-05-24,48.619998931884766,48.61000061035156,1.9800000190734863,32.650001525878906,95.56999969482422,8300.6328125,18.847274780273438,0,0,0,0,0
2016-05-25,49.560001373291016,49.7400016784668,1.9919999837875366,32.691001892089844,95.3499984741211,8396.1728515625,18.962812423706055,0,0,0,0,0
2016-05-26,49.47999954223633,49.59000015258789,1.9630000591278076,32.6349983215332,95.16999816894531,8394.0927734375,19.093748092651367,0,0,0,0,0
2016-05-27,49.33000183105469,49.31999969482422,2.1689999103546143,32.56700134277344,95.5199966430664,8463.5830078125,19.10144805908203,0,0,0,0,0
2016-05-28,49.33000183105469,49.31999969482422,2.1689999103546143,32.56700134277344,95.5199966430664,8463.5830078125,19.10144805908203,0,0,0,0,0
2016-05-29,49.33000183105469,49.31999969482422,2.1689999103546143,32.56700134277344,95.5199966430664,8463.5830078125,19.10144805908203,0,0,0,0,0
2016-05-30,49.33000183105469,49.31999969482422,2.1689999103546143,32.52000045776367,95.5199966430664,8535.8427734375,19.10144805908203,0,0,0,0,0
2016-05-31,49.099998474121094,49.689998626708984,2.2880001068115234,32.650001525878906,95.88999938964844,8535.5625,19.039831161499023,0,0,0,0,0
2016-06-01,49.0099983215332,49.709999084472656,2.38100004196167,32.619998931884766,95.45999908447266,8597.1328125,19.448049545288086,0,0,0,0,0
2016-06-02,49.16999816894531,50.040000915527344,2.4049999713897705,32.608001708984375,95.55999755859375,8555.9921875,19.394134521484375,0,0,0,0,0
2016-06-03,48.619998931884766,49.63999938964844,2.3980000019073486,32.60200119018555,94.02999877929688,8587.3330078125,19.66370964050293,0,0,0,0,0
2016-06-04,48.619998931884766,49.63999938964844,2.3980000019073486,32.60200119018555,94.02999877929688,8587.3330078125,19.66370964050293,0,0,0,0,0
2016-06-05,48.619998931884766,49.63999938964844,2.3980000019073486,32.60200119018555,94.02999877929688,8587.3330078125,19.66370964050293,0,0,0,0,0
2016-06-06,49.689998626708984,50.54999923706055,2.4660000801086426,32.24300003051758,93.9000015258789,8597.0830078125,19.61749839782715,0,0,0,0,0
2016-06-07,50.36000061035156,51.439998626708984,2.4739999771118164,32.38999938964844,93.83000183105469,8679.873046875,20.071928024291992,0,0,0,0,0
2016-06-08,51.22999954223633,52.5099983215332,2.4679999351501465,32.33000183105469,93.58999633789062,8715.453125,20.27988624572754,0,0,0,0,0
2016-06-09,50.560001373291016,51.95000076293945,2.617000102996826,32.220001220703125,94.0999984741211,8715.453125,20.202857971191406,0,0,0,0,0
2016-06-10,49.06999969482422,50.540000915527344,2.555999994277954,32.220001220703125,94.5999984741211,8715.453125,19.917877197265625,0,0,0,0,0
2016-06-11,49.06999969482422,50.540000915527344,2.555999994277954,32.220001220703125,94.5999984741211,8715.453125,19.917877197265625,0,0,0,0,0
2016-06-12,49.06999969482422,50.540000915527344,2.555999994277954,32.220001220703125,94.5999984741211,8715.453125,19.917877197265625,0,0,0,0,0
2016-06-13,48.880001068115234,50.349998474121094,2.5850000381469727,32.220001220703125,94.37000274658203,8536.19921875,19.7407283782959,0,0,0,0,0
2016-06-14,48.4900016784668,49.83000183105469,2.6040000915527344,32.41600036621094,94.93000030517578,8576.099609375,19.694520950317383,0,0,0,0,0
2016-06-15,48.0099983215332,48.970001220703125,2.5950000286102295,32.415000915527344,94.61000061035156,8606.349609375,19.902477264404297,0,0,0,0,0
2016-06-16,46.209999084472656,47.189998626708984,2.5799999237060547,32.43000030517578,94.56999969482422,8494.119140625,19.917877197265625,0,0,0,0,0
2016-06-17,47.97999954223633,49.16999816894531,2.622999906539917,32.38100051879883,94.20999908447266,8568.0595703125,19.910181045532227,0,0,0,0,0
2016-06-18,47.97999954223633,49.16999816894531,2.622999906539917,32.38100051879883,94.20999908447266,8568.0595703125,19.910181045532227,0,0,0,0,0
2016-06-19,47.97999954223633,49.16999816894531,2.622999906539917,32.38100051879883,94.20999908447266,8568.0595703125,19.910181045532227,0,0,0,0,0
2016-06-20,49.369998931884766,50.650001525878906,2.746999979019165,31.26799964904785,93.61000061035156,8625.8994140625,20.310697555541992,0,0,0,0,0
2016-06-21,48.849998474121094,50.619998931884766,2.7679998874664307,32.25199890136719,94.0199966430664,8684.8291015625,20.480140686035156,0,0,0,0,0
2016-06-22,49.130001068115234,49.880001068115234,2.677000045776367,32.25,93.72000122070312,8716.2294921875,20.44162940979004,0,0,0,0,0
2016-06-23,50.11000061035156,50.90999984741211,2.697999954223633,32.21699905395508,93.52999877929688,8676.6591796875,20.64959144592285,0,0,0,0,0
2016-06-24,47.63999938964844,48.40999984741211,2.6619999408721924,32.176998138427734,95.44999694824219,8476.9697265625,19.77924346923828,0,0,0,0,0
2016-06-25,47.63999938964844,48.40999984741211,2.6619999408721924,32.176998138427734,95.44999694824219,8476.9697265625,19.77924346923828,0,0,0,0,0
2016-06-26,47.63999938964844,48.40999984741211,2.6619999408721924,32.176998138427734,95.44999694824219,8476.9697265625,19.77924346923828,0,0,0,0,0
2016-06-27,46.33000183105469,47.15999984741211,2.7160000801086426,32.45000076293945,96.54000091552734,8458.849609375,19.8983154296875,0,0,0,0,0
2016-06-28,47.849998474121094,48.58000183105469,2.9170000553131104,32.5099983215332,96.25,8505.4892578125,20.186002731323242,0,0,0,0,0
2016-06-29,49.880001068115234,50.61000061035156,2.86299991607666,32.4109992980957,95.7699966430664,8586.5390625,20.617530822753906,0,0,0,0,0
2016-06-30,48.33000183105469,49.68000030517578,2.9240000247955322,32.33300018310547,96.13999938964844,8666.5595703125,20.961149215698242,0,0,0,0,0
2016-07-01,48.9900016784668,49.84000015258789,2.986999988555908,32.2760009765625,95.6500015258789,8738.2197265625,21.20089340209961,0,0,0,0,0
2016-07-02,48.9900016784668,49.84000015258789,2.986999988555908,32.2760009765625,95.6500015258789,8738.2197265625,21.20089340209961,0,0,0,0,0
2016-07-03,48.9900016784668,49.84000015258789,2.986999988555908,32.2760009765625,95.6500015258789,8738.2197265625,21.20089340209961,0,0,0,0,0
2016-07-04,48.9900016784668,49.84000015258789,2.986999988555908,31.214000701904297,95.6500015258789,8760.5595703125,21.20089340209961,0,0,0,0,0
2016-07-05,46.599998474121094,47.959999084472656,2.7639999389648438,32.19599914550781,96.16999816894531,8716.0498046875,20.985130310058594,0,0,0,0,0
2016-07-06,47.43000030517578,48.79999923706055,2.7860000133514404,32.257999420166016,96.05999755859375,8575.7294921875,20.897220611572266,0,0,0,0,0
2016-07-07,45.13999938964844,46.400001525878906,2.7769999504089355,32.38399887084961,96.33000183105469,8640.8896484375,21.025083541870117,0,0,0,0,0
2016-07-08,45.40999984741211,46.7599983215332,2.8010001182556152,32.290000915527344,96.30000305175781,8640.8896484375,21.360721588134766,0,0,0,0,0
2016-07-09,45.40999984741211,46.7599983215332,2.8010001182556152,32.290000915527344,96.30000305175781,8640.8896484375,21.360721588134766,0,0,0,0,0
2016-07-10,45.40999984741211,46.7599983215332,2.8010001182556152,32.290000915527344,96.30000305175781,8640.8896484375,21.360721588134766,0,0,0,0,0
2016-07-11,44.7599983215332,46.25,2.7019999027252197,31.422000885009766,96.56999969482422,8786.44921875,21.736310958862305,0,0,0,0,0
2016-07-12,46.79999923706055,48.470001220703125,2.7339999675750732,32.207000732421875,96.44000244140625,8841.439453125,21.552509307861328,0,0,0,0,0
2016-07-13,44.75,46.2599983215332,2.736999988555908,32.20100021362305,96.22000122070312,8857.7294921875,21.488576889038086,0,0,0,0,0
2016-07-14,45.68000030517578,47.369998931884766,2.7269999980926514,32.18000030517578,96.08000183105469,8866.33984375,21.66438865661621,0,0,0,0,0
2016-07-15,45.95000076293945,47.61000061035156,2.75600004196167,32.055999755859375,96.58000183105469,8949.828125,21.5844783782959,0,0,0,0,0
2016-07-16,45.95000076293945,47.61000061035156,2.75600004196167,32.055999755859375,96.58000183105469,8949.828125,21.5844783782959,0,0,0,0,0
2016-07-17,45.95000076293945,47.61000061035156,2.75600004196167,32.055999755859375,96.58000183105469,8949.828125,21.5844783782959,0,0,0,0,0
2016-07-18,45.2400016784668,46.959999084472656,2.7219998836517334,31.319000244140625,96.55999755859375,9008.1884765625,22.08793067932129,0,0,0,0,0
2016-07-19,44.650001525878906,46.65999984741211,2.7279999256134033,31.992000579833984,97.05000305175781,9034.8486328125,21.792247772216797,0,0,0,0,0
2016-07-20,44.939998626708984,47.16999816894531,2.6579999923706055,31.979999542236328,97.19999694824219,9007.658203125,22.0159969329834,0,0,0,0,0
2016-07-21,44.75,46.20000076293945,2.691999912261963,32.040000915527344,97.0,9056.5380859375,21.96006965637207,0,0,0,0,0
2016-07-22,44.189998626708984,45.689998626708984,2.7769999504089355,32.04999923706055,97.47000122070312,9013.1181640625,22.167842864990234,0,0,0,0,0
2016-07-23,44.189998626708984,45.689998626708984,2.7769999504089355,32.04999923706055,97.47000122070312,9013.1181640625,22.167842864990234,0,0,0,0,0
2016-07-24,44.189998626708984,45.689998626708984,2.7769999504089355,32.04999923706055,97.47000122070312,9013.1181640625,22.167842864990234,0,0,0,0,0
2016-07-25,43.130001068115234,44.720001220703125,2.746999979019165,32.05699920654297,97.29000091552734,8991.6484375,22.263734817504883,0,0,0,0,0
2016-07-26,42.91999816894531,44.869998931884766,2.7119998931884766,32.137001037597656,97.16000366210938,9024.7685546875,22.63932991027832,0,0,0,0,0
2016-07-27,41.91999816894531,43.470001220703125,2.671999931335449,32.09700012207031,97.05000305175781,9063.3681640625,22.45552635192871,0,0,0,0,0
2016-07-28,41.13999938964844,42.70000076293945,2.872999906539917,32.0629997253418,96.73999786376953,9076.6181640625,22.48749351501465,0,0,0,0,0
2016-07-29,41.599998474121094,42.459999084472656,2.875999927520752,31.94099998474121,95.52999877929688,8984.388671875,22.199806213378906,0,0,0,0,0
2016-07-30,41.599998474121094,42.459999084472656,2.875999927520752,31.94099998474121,95.52999877929688,8984.388671875,22.199806213378906,0,0,0,0,0
2016-07-31,41.599998474121094,42.459999084472656,2.875999927520752,31.94099998474121,95.52999877929688,8984.388671875,22.199806213378906,0,0,0,0,0
2016-08-01,40.060001373291016,42.45000076293945,2.7709999084472656,30.840999603271484,95.70999908447266,9080.6884765625,22.871078491210938,0,0,0,0,0
2016-08-02,39.5099983215332,41.79999923706055,2.7330000400543213,31.6200008392334,95.05999755859375,9068.73828125,22.503477096557617,0,0,0,0,0
2016-08-03,40.83000183105469,43.099998474121094,2.8389999866485596,31.676000595092773,95.55999755859375,9001.6884765625,22.503477096557617,0,0,0,0,0
2016-08-04,41.93000030517578,44.290000915527344,2.8340001106262207,31.738000869750977,95.76000213623047,9024.6884765625,22.69526481628418,0,0,0,0,0
2016-08-05,41.79999923706055,44.27000045776367,2.7720000743865967,31.687999725341797,96.19000244140625,9092.0986328125,23.006925582885742,0,0,0,0,0
2016-08-06,41.79999923706055,44.27000045776367,2.7720000743865967,31.687999725341797,96.19000244140625,9092.0986328125,23.006925582885742,0,0,0,0,0
2016-08-07,41.79999923706055,44.27000045776367,2.7720000743865967,31.687999725341797,96.19000244140625,9092.0986328125,23.006925582885742,0,0,0,0,0
2016-08-08,43.02000045776367,45.38999938964844,2.747999906539917,31.549999237060547,96.4000015258789,9150.23828125,23.246667861938477,0,0,0,0,0
2016-08-09,42.77000045776367,44.97999954223633,2.615000009536743,31.5049991607666,96.18000030517578,9155.05859375,23.49439811706543,0,0,0,0,0
2016-08-10,41.709999084472656,44.04999923706055,2.561000108718872,31.44300079345703,95.6500015258789,9200.3984375,23.35054588317871,0,0,0,0,0
2016-08-11,43.4900016784668,46.040000915527344,2.5510001182556152,31.20599937438965,95.86000061035156,9131.80859375,23.286617279052734,0,0,0,0,0
2016-08-12,44.4900016784668,46.970001220703125,2.5859999656677246,31.31800079345703,95.72000122070312,9150.3681640625,23.366525650024414,0,0,0,0,0
2016-08-13,44.4900016784668,46.970001220703125,2.5859999656677246,31.31800079345703,95.72000122070312,9150.3681640625,23.366525650024414,0,0,0,0,0
2016-08-14,44.4900016784668,46.970001220703125,2.5859999656677246,31.31800079345703,95.72000122070312,9150.3681640625,23.366525650024414,0,0,0,0,0
2016-08-15,45.7400016784668,48.349998474121094,2.5899999141693115,31.386999130249023,95.62999725341797,9148.48828125,23.486408233642578,0,0,0,0,0
2016-08-16,46.58000183105469,49.22999954223633,2.617000102996826,31.351999282836914,94.79000091552734,9110.3388671875,23.23867416381836,0,0,0,0,0
2016-08-17,46.790000915527344,49.849998474121094,2.61899995803833,31.240999221801758,94.72000122070312,9117.6787109375,23.15875816345215,0,0,0,0,0
2016-08-18,48.220001220703125,50.88999938964844,2.6740000247955322,31.395999908447266,94.16000366210938,9122.478515625,23.30259895324707,0,0,0,0,0
2016-08-19,48.52000045776367,50.880001068115234,2.5840001106262207,31.41200065612793,94.51000213623047,9034.248046875,22.887052536010742,0,0,0,0,0
2016-08-20,48.52000045776367,50.880001068115234,2.5840001106262207,31.41200065612793,94.51000213623047,9034.248046875,22.887052536010742,0,0,0,0,0
2016-08-21,48.52000045776367,50.880001068115234,2.5840001106262207,31.41200065612793,94.51000213623047,9034.248046875,22.887052536010742,0,0,0,0,0
2016-08-22,47.04999923706055,49.15999984741211,2.678999900817871,31.601999282836914,94.5199966430664,8981.7880859375,22.69526481628418,0,0,0,0,0
2016-08-23,48.099998474121094,49.959999084472656,2.760999917984009,31.791000366210938,94.54000091552734,9030.908203125,22.77517318725586,0,0,0,0,0
2016-08-24,46.77000045776367,49.04999923706055,2.7960000038146973,31.805999755859375,94.79000091552734,9017.3583984375,22.687274932861328,0,0,0,0,0
2016-08-25,47.33000183105469,49.66999816894531,2.8459999561309814,31.75,94.7699966430664,9115.4482421875,22.855093002319336,0,0,0,0,0
2016-08-26,47.63999938964844,49.91999816894531,2.871000051498413,31.659000396728516,95.56999969482422,9131.6982421875,22.887052536010742,0,0,0,0,0
2016-08-27,47.63999938964844,49.91999816894531,2.871000051498413,31.659000396728516,95.56999969482422,9131.6982421875,22.887052536010742,0,0,0,0,0
2016-08-28,47.63999938964844,49.91999816894531,2.871000051498413,31.659000396728516,95.56999969482422,9131.6982421875,22.887052536010742,0,0,0,0,0
2016-08-29,46.97999954223633,49.2599983215332,2.8529999256134033,31.7450008392334,95.58000183105469,9110.1484375,22.93500328063965,0,0,0,0,0
2016-08-30,46.349998474121094,48.369998931884766,2.8269999027252197,31.68600082397461,96.05000305175781,9110.5380859375,22.871078491210938,0,0,0,0,0
2016-08-31,44.70000076293945,47.040000915527344,2.88700008392334,31.71500015258789,96.0199966430664,9068.8291015625,22.966964721679688,0,0,0,0,0
2016-09-01,43.15999984741211,47.04999923706055,2.7920000553131104,31.714000701904297,95.6500015258789,9001.1298828125,23.142778396606445,0,0,0,0,0
2016-09-02,44.439998626708984,46.83000183105469,2.7920000553131104,31.718000411987305,95.87999725341797,8987.529296875,23.286617279052734,0,0,0,0,0
2016-09-03,44.439998626708984,46.83000183105469,2.7920000553131104,31.718000411987305,95.87999725341797,8987.529296875,23.286617279052734,0,0,0,0,0
2016-09-04,44.439998626708984,46.83000183105469,2.7920000553131104,31.718000411987305,95.87999725341797,8987.529296875,23.286617279052734,0,0,0,0,0
2016-09-05,44.439998626708984,46.83000183105469,2.7920000553131104,31.667999267578125,95.87999725341797,9090.109375,23.286617279052734,0,0,0,0,0
2016-09-06,44.83000183105469,47.2599983215332,2.7170000076293945,31.481000900268555,94.81999969482422,9181.8291015625,23.566316604614258,0,0,0,0,0
2016-09-07,45.5,47.97999954223633,2.6760001182556152,31.1200008392334,94.95999908447266,9259.0498046875,23.830028533935547,0,0,0,0,0
2016-09-08,47.619998931884766,49.9900016784668,2.805999994277954,31.22100067138672,95.02999877929688,9262.869140625,23.806058883666992,0,0,0,0,0
2016-09-09,45.880001068115234,48.0099983215332,2.796999931335449,31.288999557495117,95.33999633789062,9164.859375,22.84710121154785,0,0,0,0,0
2016-09-10,45.880001068115234,48.0099983215332,2.796999931335449,31.288999557495117,95.33999633789062,9164.859375,22.84710121154785,0,0,0,0,0
2016-09-11,45.880001068115234,48.0099983215332,2.796999931335449,31.288999557495117,95.33999633789062,9164.859375,22.84710121154785,0,0,0,0,0
2016-09-12,46.290000915527344,48.31999969482422,2.9149999618530273,31.628000259399414,95.0999984741211,8947.0390625,23.1667537689209,0,0,0,0,0
2016-09-13,44.900001525878906,47.099998474121094,2.9089999198913574,31.665000915527344,95.62999725341797,8940.8095703125,22.767187118530273,0,0,0,0,0
2016-09-14,43.58000183105469,45.849998474121094,2.8889999389648438,31.770999908447266,95.33000183105469,8902.279296875,22.871078491210938,0,0,0,0,0
2016-09-15,43.90999984741211,46.59000015258789,2.927000045776367,31.67799949645996,95.29000091552734,8902.279296875,23.318584442138672,0,0,0,0,0
2016-09-16,43.029998779296875,45.77000045776367,2.947999954223633,31.679000854492188,96.11000061035156,8902.279296875,23.102821350097656,0,0,0,0,0
2016-09-17,43.029998779296875,45.77000045776367,2.947999954223633,31.679000854492188,96.11000061035156,8902.279296875,23.102821350097656,0,0,0,0,0
2016-09-18,43.029998779296875,45.77000045776367,2.947999954223633,31.679000854492188,96.11000061035156,8902.279296875,23.102821350097656,0,0,0,0,0
2016-09-19,43.29999923706055,45.95000076293945,2.934000015258789,31.683000564575195,95.83999633789062,9152.859375,23.917930603027344,0,0,0,0,0
2016-09-20,43.439998626708984,45.880001068115234,3.046999931335449,31.400999069213867,96.0199966430664,9161.5595703125,23.893959045410156,0,0,0,0,0
2016-09-21,45.34000015258789,46.83000183105469,3.056999921798706,31.334999084472656,95.66000366210938,9228.4794921875,24.373437881469727,0,0,0,0,0
2016-09-22,46.31999969482422,47.650001525878906,2.990000009536743,31.14699935913086,95.44999694824219,9235.2392578125,24.50130271911621,0,0,0,0,0
2016-09-23,44.47999954223633,45.88999938964844,2.9549999237060547,31.371999740600586,95.4800033569336,9284.599609375,24.06976890563965,0,0,0,0,0
2016-09-24,44.47999954223633,45.88999938964844,2.9549999237060547,31.371999740600586,95.4800033569336,9284.599609375,24.06976890563965,0,0,0,0,0
2016-09-25,44.47999954223633,45.88999938964844,2.9549999237060547,31.371999740600586,95.4800033569336,9284.599609375,24.06976890563965,0,0,0,0,0
2016-09-26,45.93000030517578,47.349998474121094,2.996999979019165,31.327999114990234,95.30999755859375,9194.4990234375,23.84601402282715,0,0,0,0,0
2016-09-27,44.66999816894531,45.970001220703125,2.996000051498413,31.426000595092773,95.44000244140625,9194.4990234375,24.293519973754883,0,0,0,0,0
2016-09-28,47.04999923706055,48.689998626708984,2.9519999027252197,31.391000747680664,95.43000030517578,9194.4990234375,24.23758316040039,0,0,0,0,0
2016-09-29,47.83000183105469,49.2400016784668,2.9590001106262207,31.367000579833984,95.54000091552734,9270.8798828125,24.293519973754883,0,0,0,0,0
2016-09-30,48.2400016784668,49.060001373291016,2.9059998989105225,31.378000259399414,95.45999908447266,9166.8291015625,24.44536018371582,0,0,0,0,0
2016-10-01,48.2400016784668,49.060001373291016,2.9059998989105225,31.378000259399414,95.45999908447266,9166.8291015625,24.44536018371582,0,0,0,0,0
2016-10-02,48.2400016784668,49.060001373291016,2.9059998989105225,31.378000259399414,95.45999908447266,9166.8291015625,24.44536018371582,0,0,0,0,0
2016-10-03,48.810001373291016,49.099998474121094,2.9230000972747803,31.30699920654297,95.75,9234.1796875,24.549245834350586,0,0,0,0,0
2016-10-04,48.689998626708984,50.869998931884766,2.9639999866485596,31.312000274658203,96.12000274658203,9287.7490234375,24.28553009033203,0,0,0,0,0
2016-10-05,49.83000183105469,51.86000061035156,3.0409998893737793,31.482999801635742,96.12999725341797,9272.259765625,24.397411346435547,0,0,0,0,0
2016-10-06,50.439998626708984,52.5099983215332,3.0490000247955322,31.405000686645508,96.66000366210938,9284.2890625,24.589200973510742,0,0,0,0,0
2016-10-07,49.810001373291016,51.93000030517578,3.193000078201294,31.38599967956543,96.5199966430664,9265.7890625,24.916845321655273,0,0,0,0,0
2016-10-08,49.810001373291016,51.93000030517578,3.193000078201294,31.38599967956543,96.5199966430664,9265.7890625,24.916845321655273,0,0,0,0,0
2016-10-09,49.810001373291016,51.93000030517578,3.193000078201294,31.38599967956543,96.5199966430664,9265.7890625,24.916845321655273,0,0,0,0,0
2016-10-10,49.810001373291016,51.93000030517578,3.193000078201294,31.454999923706055,96.5199966430664,9265.7890625,24.996753692626953,0,0,0,0,0
2016-10-11,50.790000915527344,52.40999984741211,3.236999988555908,31.47100067138672,97.69999694824219,9219.7998046875,24.557233810424805,0,0,0,0,0
2016-10-12,50.18000030517578,51.810001373291016,3.2100000381469727,31.594999313354492,97.97000122070312,9252.5791015625,25.05270004272461,0,0,0,0,0
2016-10-13,50.439998626708984,52.029998779296875,3.3410000801086426,31.607999801635742,97.5199966430664,9219.1494140625,24.397411346435547,0,0,0,0,0
2016-10-14,50.349998474121094,51.95000076293945,3.2850000858306885,31.739999771118164,98.0199966430664,9165.1494140625,24.50130271911621,0,0,0,0,0
2016-10-15,50.349998474121094,51.95000076293945,3.2850000858306885,31.739999771118164,98.0199966430664,9165.1494140625,24.50130271911621,0,0,0,0,0
2016-10-16,50.349998474121094,51.95000076293945,3.2850000858306885,31.739999771118164,98.0199966430664,9165.1494140625,24.50130271911621,0,0,0,0,0
2016-10-17,49.939998626708984,51.52000045776367,3.24399995803833,31.70199966430664,97.88999938964844,9176.19921875,24.42937660217285,0,0,0,0,0
2016-10-18,50.290000915527344,51.68000030517578,3.263000011444092,31.77199935913086,97.9000015258789,9222.5595703125,24.66112518310547,0,0,0,0,0
2016-10-19,51.599998474121094,52.66999816894531,3.1700000762939453,31.66200065612793,97.87000274658203,9283.9697265625,24.75701904296875,0,0,0,0,0
2016-10-20,50.43000030517578,51.380001068115234,3.1410000324249268,31.472000122070312,98.31999969482422,9317.2197265625,24.820951461791992,0,0,0,0,0
2016-10-21,50.849998474121094,51.779998779296875,2.993000030517578,31.520999908447266,98.69999694824219,9306.5498046875,24.83692741394043,0,0,0,0,0
2016-10-22,50.849998474121094,51.779998779296875,2.993000030517578,31.520999908447266,98.69999694824219,9306.5498046875,24.83692741394043,0,0,0,0,0
2016-10-23,50.849998474121094,51.779998779296875,2.993000030517578,31.520999908447266,98.69999694824219,9306.5498046875,24.83692741394043,0,0,0,0,0
2016-10-24,50.52000045776367,51.459999084472656,2.8310000896453857,31.742000579833984,98.66999816894531,9322.4794921875,25.100648880004883,0,0,0,0,0
2016-10-25,49.959999084472656,50.790000915527344,2.7739999294281006,31.67300033569336,98.72000122070312,9385.6298828125,25.212522506713867,0,0,0,0,0
2016-10-26,49.18000030517578,49.97999954223633,2.7309999465942383,31.545000076293945,98.62999725341797,9362.2294921875,24.94081687927246,0,0,0,0,0
2016-10-27,49.720001220703125,50.470001220703125,2.7639999389648438,31.558000564575195,98.88999938964844,9299.529296875,24.589200973510742,0,0,0,0,0
2016-10-28,48.70000076293945,49.709999084472656,3.1050000190734863,31.67099952697754,98.3499984741211,9306.8994140625,24.589200973510742,0,0,0,0,0
2016-10-29,48.70000076293945,49.709999084472656,3.1050000190734863,31.67099952697754,98.3499984741211,9306.8994140625,24.589200973510742,0,0,0,0,0
2016-10-30,48.70000076293945,49.709999084472656,3.1050000190734863,31.67099952697754,98.3499984741211,9306.8994140625,24.589200973510742,0,0,0,0,0
2016-10-31,46.86000061035156,48.29999923706055,3.0260000228881836,31.610000610351562,98.44999694824219,9290.099609375,24.852914810180664,0,0,0,0,0
2016-11-01,46.66999816894531,48.33000183105469,2.9019999504089355,31.551000595092773,97.69999694824219,9272.6796875,24.5412540435791,0,0,0,0,0
2016-11-02,45.34000015258789,46.86000061035156,2.7920000553131104,31.555999755859375,97.4000015258789,9139.01953125,24.28553009033203,0,0,0,0,0
2016-11-03,44.65999984741211,46.349998474121094,2.7690000534057617,31.542999267578125,97.16000366210938,9067.2490234375,24.197628021240234,0,0,0,0,0
2016-11-04,44.06999969482422,45.58000183105469,2.7669999599456787,31.461000442504883,97.06999969482422,9068.1298828125,24.165666580200195,0,0,0,0,0
2016-11-05,44.06999969482422,45.58000183105469,2.7669999599456787,31.461000442504883,97.06999969482422,9068.1298828125,24.165666580200195,0,0,0,0,0
2016-11-06,44.06999969482422,45.58000183105469,2.7669999599456787,31.461000442504883,97.06999969482422,9068.1298828125,24.165666580200195,0,0,0,0,0
2016-11-07,44.88999938964844,46.150001525878906,2.815999984741211,31.45199966430664,97.77999877929688,9189.8193359375,25.05270004272461,0,0,0,0,0
2016-11-08,44.97999954223633,46.040000915527344,2.632999897003174,31.51099967956543,97.86000061035156,9217.4091796875,25.044702529907227,0,0,0,0,0
2016-11-09,45.27000045776367,46.36000061035156,2.690000057220459,31.472999572753906,98.5,8943.1796875,24.44536018371582,0,0,0,0,0
2016-11-10,44.65999984741211,45.84000015258789,2.631999969482422,31.44099998474121,98.79000091552734,9152.1591796875,23.526363372802734,0,0,0,0,0
2016-11-11,44.65999984741211,45.84000015258789,2.631999969482422,31.68600082397461,98.79000091552734,8957.7392578125,23.917930603027344,0,0,0,0,0
2016-11-12,44.65999984741211,45.84000015258789,2.631999969482422,31.68600082397461,98.79000091552734,8957.7392578125,23.917930603027344,0,0,0,0,0
2016-11-13,44.65999984741211,45.84000015258789,2.631999969482422,31.68600082397461,98.79000091552734,8957.7392578125,23.917930603027344,0,0,0,0,0
2016-11-14,43.31999969482422,44.43000030517578,2.749000072479248,31.99799919128418,100.11000061035156,8940.3798828125,23.05487823486328,0,0,0,0,0
2016-11-15,45.810001373291016,46.95000076293945,2.7090001106262207,31.93600082397461,100.19000244140625,8931.009765625,23.334569931030273,0,0,0,0,0
2016-11-16,45.56999969482422,46.630001068115234,2.7639999389648438,31.847999572753906,100.41000366210938,8962.19921875,23.86199188232422,0,0,0,0,0
2016-11-17,45.41999816894531,46.4900016784668,2.703000068664551,31.827999114990234,100.88999938964844,8995.2392578125,23.550331115722656,0,0,0,0,0
2016-11-18,45.689998626708984,46.86000061035156,2.8429999351501465,31.844999313354492,101.20999908447266,9008.76953125,23.550331115722656,0,0,0,0,0
2016-11-19,45.689998626708984,46.86000061035156,2.8429999351501465,31.844999313354492,101.20999908447266,9008.76953125,23.550331115722656,0,0,0,0,0
2016-11-20,45.689998626708984,46.86000061035156,2.8429999351501465,31.844999313354492,101.20999908447266,9008.76953125,23.550331115722656,0,0,0,0,0
2016-11-21,47.4900016784668,48.900001525878906,2.950000047683716,32.01300048828125,101.05000305175781,9041.08984375,23.694175720214844,0,0,0,0,0
2016-11-22,48.029998779296875,49.119998931884766,2.9820001125335693,31.992000579833984,101.04000091552734,9133.369140625,23.901947021484375,0,0,0,0,0
2016-11-23,47.959999084472656,48.95000076293945,3.0260000228881836,31.929000854492188,101.69999694824219,9178.2099609375,23.88597297668457,0,0,0,0,0
2016-11-24,47.959999084472656,48.95000076293945,3.0260000228881836,31.863000869750977,101.69999694824219,9152.08984375,23.88597297668457,0,0,0,0,0
2016-11-25,46.060001373291016,47.2400016784668,3.0850000381469727,31.920000076293945,101.48999786376953,9159.0498046875,23.70216941833496,0,0,0,0,0
2016-11-26,46.060001373291016,47.2400016784668,3.0850000381469727,31.920000076293945,101.48999786376953,9159.0498046875,23.70216941833496,0,0,0,0,0
2016-11-27,46.060001373291016,47.2400016784668,3.0850000381469727,31.920000076293945,101.48999786376953,9159.0498046875,23.70216941833496,0,0,0,0,0
2016-11-28,47.08000183105469,48.2400016784668,3.2320001125335693,31.827999114990234,101.33000183105469,9222.2197265625,23.70216941833496,0,0,0,0,0
2016-11-29,45.22999954223633,46.380001068115234,3.315000057220459,31.763999938964844,100.93000030517578,9192.365234375,23.6142635345459,0,0,0,0,0
2016-11-30,49.439998626708984,50.470001220703125,3.3519999980926514,31.812999725341797,101.5,9240.6953125,23.72614288330078,0,0,0,0,0
2016-12-01,51.060001373291016,50.459999084472656,3.505000114440918,31.871000289916992,101.04000091552734,9263.515625,22.815135955810547,0,0,0,0,0
2016-12-02,51.68000030517578,54.459999084472656,3.436000108718872,31.881999969482422,100.7699966430664,9189.4755859375,23.062864303588867,0,0,0,0,0
2016-12-03,51.68000030517578,54.459999084472656,3.436000108718872,31.881999969482422,100.7699966430664,9189.4755859375,23.062864303588867,0,0,0,0,0
2016-12-04,51.68000030517578,54.459999084472656,3.436000108718872,31.881999969482422,100.7699966430664,9189.4755859375,23.062864303588867,0,0,0,0,0
2016-12-05,51.790000915527344,54.939998626708984,3.6540000438690186,31.902000427246094,100.13999938964844,9160.6455078125,23.190723419189453,0,0,0,0,0
2016-12-06,50.93000030517578,53.93000030517578,3.634999990463257,31.972000122070312,100.48999786376953,9250.7548828125,23.582298278808594,0,0,0,0,0
2016-12-07,49.77000045776367,53.0,3.6029999256134033,31.937999725341797,100.2300033569336,9263.8779296875,23.917930603027344,0,0,0,0,0
2016-12-08,50.84000015258789,53.88999938964844,3.694999933242798,31.89299964904785,101.06999969482422,9375.8486328125,24.005840301513672,0,0,0,0,0
2016-12-09,51.5,54.33000183105469,3.746000051498413,31.746999740600586,101.56999969482422,9392.66796875,24.06976890563965,0,0,0,0,0
2016-12-10,51.5,54.33000183105469,3.746000051498413,31.746999740600586,101.56999969482422,9392.66796875,24.06976890563965,0,0,0,0,0
2016-12-11,51.5,54.33000183105469,3.746000051498413,31.746999740600586,101.56999969482422,9392.66796875,24.06976890563965,0,0,0,0,0
2016-12-12,52.83000183105469,55.689998626708984,3.506999969482422,31.81599998474121,100.95999908447266,9349.9287109375,23.893959045410156,0,0,0,0,0
2016-12-13,52.97999954223633,55.720001220703125,3.4739999771118164,31.851999282836914,101.02999877929688,9382.1279296875,24.26156234741211,0,0,0,0,0
2016-12-14,51.040000915527344,53.900001525878906,3.5399999618530273,31.77899932861328,102.0,9368.5078125,23.8699893951416,0,0,0,0,0
2016-12-15,50.900001525878906,54.02000045776367,3.434000015258789,31.79400062561035,103.12999725341797,9360.337890625,24.10173225402832,0,0,0,0,0
2016-12-16,51.900001525878906,55.209999084472656,3.4149999618530273,31.913999557495117,102.94999694824219,9326.7685546875,23.558326721191406,0,0,0,0,0
2016-12-17,51.900001525878906,55.209999084472656,3.4149999618530273,31.913999557495117,102.94999694824219,9326.7685546875,23.558326721191406,0,0,0,0,0
2016-12-18,51.900001525878906,55.209999084472656,3.4149999618530273,31.913999557495117,102.94999694824219,9326.7685546875,23.558326721191406,0,0,0,0,0
2016-12-19,52.119998931884766,54.91999816894531,3.3919999599456787,32.029998779296875,103.13999938964844,9239.30859375,23.390512466430664,0,0,0,0,0
2016-12-20,52.22999954223633,55.349998474121094,3.263000011444092,31.964000701904297,103.29000091552734,9242.3984375,23.4224796295166,0,0,0,0,0
2016-12-21,52.4900016784668,54.459999084472656,3.5420000553131104,31.98699951171875,103.0199966430664,9204.248046875,23.286617279052734,0,0,0,0,0
2016-12-22,52.95000076293945,55.04999923706055,3.5380001068115234,32.000999450683594,103.08999633789062,9118.73828125,22.966964721679688,0,0,0,0,0
2016-12-23,53.02000045776367,55.15999984741211,3.6619999408721924,32.01100158691406,103.01000213623047,9078.6279296875,23.214702606201172,0,0,0,0,0
2016-12-24,53.02000045776367,55.15999984741211,3.6619999408721924,32.01100158691406,103.01000213623047,9078.6279296875,23.214702606201172,0,0,0,0,0
2016-12-25,53.02000045776367,55.15999984741211,3.6619999408721924,32.01100158691406,103.01000213623047,9078.6279296875,23.214702606201172,0,0,0,0,0
2016-12-26,53.02000045776367,55.15999984741211,3.6619999408721924,32.1609992980957,103.01000213623047,9110.5283203125,23.214702606201172,0,0,0,0,0
2016-12-27,53.900001525878906,56.09000015258789,3.760999917984009,32.215999603271484,103.0199966430664,9109.2626953125,23.25465965270996,0,0,0,0,0
2016-12-28,54.060001373291016,56.220001220703125,3.930000066757202,32.27199935913086,103.26000213623047,9201.3935546875,23.270633697509766,0,0,0,0,0
2016-12-29,53.77000045776367,56.13999938964844,3.802000045776367,32.29600143432617,102.68000030517578,9153.0830078125,23.27863121032715,0,0,0,0,0
2016-12-30,53.720001220703125,56.130001068115234,3.7239999771118164,32.27000045776367,102.38999938964844,9253.4931640625,22.97496223449707,0,0,0,0,0
2016-12-31,53.720001220703125,56.130001068115234,3.7239999771118164,32.27000045776367,102.38999938964844,9253.4931640625,22.97496223449707,0,0,0,0,0
2017-01-01,53.720001220703125,56.130001068115234,3.7239999771118164,32.27000045776367,102.38999938964844,9253.4931640625,22.97496223449707,0,0,0,0,0
2017-01-02,53.720001220703125,56.130001068115234,3.7239999771118164,32.439998626708984,102.38999938964844,9253.4931640625,22.97496223449707,0,0,0,0,0
2017-01-03,52.33000183105469,55.470001220703125,3.3269999027252197,32.263999938964844,103.20999908447266,9272.873046875,23.4224796295166,0,0,0,0,0
2017-01-04,53.2599983215332,56.459999084472656,3.2669999599456787,32.22700119018555,102.69999694824219,9286.953125,23.41448211669922,0,0,0,0,0
2017-01-05,53.7599983215332,56.88999938964844,3.2730000019073486,32.229000091552734,101.5199966430664,9358.1328125,23.814044952392578,0,0,0,0,0
2017-01-06,53.9900016784668,57.099998474121094,3.2850000858306885,31.94300079345703,102.22000122070312,9372.212890625,23.678190231323242,0,0,0,0,0
2017-01-07,53.9900016784668,57.099998474121094,3.2850000858306885,31.94300079345703,102.22000122070312,9372.212890625,23.678190231323242,0,0,0,0,0
2017-01-08,53.9900016784668,57.099998474121094,3.2850000858306885,31.94300079345703,102.22000122070312,9372.212890625,23.678190231323242,0,0,0,0,0
2017-01-09,51.959999084472656,54.939998626708984,3.1029999256134033,32.04100036621094,101.93000030517578,9342.4130859375,24.005840301513672,0,0,0,0,0
2017-01-10,50.81999969482422,53.63999938964844,3.2780001163482666,32.00299835205078,102.01000213623047,9349.6328125,24.029813766479492,0,0,0,0,0
2017-01-11,52.25,55.099998474121094,3.2239999771118164,31.929000854492188,101.77999877929688,9345.7333984375,24.109722137451172,0,0,0,0,0
2017-01-12,53.0099983215332,56.0099983215332,3.385999917984009,31.913999557495117,101.3499984741211,9410.1728515625,23.406492233276367,0,0,0,0,0
2017-01-13,52.369998931884766,55.45000076293945,3.4189999103546143,31.70599937438965,101.18000030517578,9378.8232421875,23.526363372802734,0,0,0,0,0
2017-01-14,52.369998931884766,55.45000076293945,3.4189999103546143,31.70599937438965,101.18000030517578,9378.8232421875,23.526363372802734,0,0,0,0,0
2017-01-15,52.369998931884766,55.45000076293945,3.4189999103546143,31.70599937438965,101.18000030517578,9378.8232421875,23.526363372802734,0,0,0,0,0
2017-01-16,52.369998931884766,55.45000076293945,3.4189999103546143,31.582000732421875,101.18000030517578,9292.3232421875,23.526363372802734,0,0,0,0,0
2017-01-17,52.47999954223633,55.470001220703125,3.4119999408721924,31.680999755859375,100.33000183105469,9354.5234375,23.67020606994629,0,0,0,0,0
2017-01-18,51.08000183105469,53.91999816894531,3.302000045776367,31.35099983215332,100.93000030517578,9341.962890625,23.566316604614258,0,0,0,0,0
2017-01-19,51.369998931884766,54.15999984741211,3.368000030517578,31.57900047302246,101.1500015258789,9318.11328125,23.678190231323242,0,0,0,0,0
2017-01-20,52.41999816894531,55.4900016784668,3.2039999961853027,31.613000869750977,100.73999786376953,9331.453125,24.029813766479492,0,0,0,0,0
2017-01-21,52.41999816894531,55.4900016784668,3.2039999961853027,31.613000869750977,100.73999786376953,9331.453125,24.029813766479492,0,0,0,0,0
2017-01-22,52.41999816894531,55.4900016784668,3.2039999961853027,31.613000869750977,100.73999786376953,9331.453125,24.029813766479492,0,0,0,0,0
2017-01-23,52.75,55.22999954223633,3.243000030517578,31.523000717163086,100.16000366210938,9424.04296875,24.23758316040039,0,0,0,0,0
2017-01-24,53.18000030517578,55.439998626708984,3.2790000438690186,31.41200065612793,100.3499984741211,9447.943359375,24.62915802001953,0,0,0,0,0
2017-01-25,52.75,55.08000183105469,3.3320000171661377,31.37299919128418,100.02999877929688,9447.943359375,25.02073097229004,0,0,0,0,0
2017-01-26,53.779998779296875,56.2400016784668,3.381999969482422,31.31999969482422,100.37999725341797,9447.943359375,24.86090660095215,0,0,0,0,0
2017-01-27,53.16999816894531,55.52000045776367,3.3910000324249268,31.33300018310547,100.52999877929688,9447.943359375,24.972782135009766,0,0,0,0,0
2017-01-28,53.16999816894531,55.52000045776367,3.3910000324249268,31.33300018310547,100.52999877929688,9447.943359375,24.972782135009766,0,0,0,0,0
2017-01-29,53.16999816894531,55.52000045776367,3.3910000324249268,31.33300018310547,100.52999877929688,9447.943359375,24.972782135009766,0,0,0,0,0
2017-01-30,52.630001068115234,55.22999954223633,3.2320001125335693,31.520000457763672,100.43000030517578,9447.943359375,24.924837112426758,0,0,0,0,0
2017-01-31,52.810001373291016,55.70000076293945,3.117000102996826,31.37700080871582,99.51000213623047,9447.943359375,24.70107650756836,0,0,0,0,0
2017-02-01,53.880001068115234,55.65999984741211,3.1679999828338623,31.33799934387207,99.63999938964844,9447.943359375,24.83692741394043,0,0,0,0,0
2017-02-02,53.540000915527344,56.560001373291016,3.187000036239624,31.2810001373291,99.8499984741211,9428.962890625,24.59719467163086,0,0,0,0,0
2017-02-03,53.83000183105469,56.810001373291016,3.062999963760376,31.079999923706055,99.87000274658203,9455.552734375,24.74903106689453,0,0,0,0,0
2017-02-04,53.83000183105469,56.810001373291016,3.062999963760376,31.079999923706055,99.87000274658203,9455.552734375,24.74903106689453,0,0,0,0,0
2017-02-05,53.83000183105469,56.810001373291016,3.062999963760376,31.079999923706055,99.87000274658203,9455.552734375,24.74903106689453,0,0,0,0,0
2017-02-06,53.0099983215332,55.720001220703125,3.049999952316284,30.851999282836914,99.91000366210938,9538.0029296875,24.669116973876953,0,0,0,0,0
2017-02-07,52.16999816894531,55.04999923706055,3.130000114440918,30.922000885009766,100.26000213623047,9554.552734375,24.389419555664062,0,0,0,0,0
2017-02-08,52.34000015258789,55.119998931884766,3.125999927520752,31.030000686645508,100.27999877929688,9543.2431640625,24.23758316040039,0,0,0,0,0
2017-02-09,53.0,55.630001068115234,3.1410000324249268,31.111000061035156,100.6500015258789,9590.1728515625,24.14168930053711,0,0,0,0,0
2017-02-10,53.86000061035156,56.70000076293945,3.0339999198913574,31.040000915527344,100.80000305175781,9665.5830078125,24.5412540435791,0,0,0,0,0
2017-02-11,53.86000061035156,56.70000076293945,3.0339999198913574,31.040000915527344,100.80000305175781,9665.5830078125,24.5412540435791,0,0,0,0,0
2017-02-12,53.86000061035156,56.70000076293945,3.0339999198913574,31.040000915527344,100.80000305175781,9665.5830078125,24.5412540435791,0,0,0,0,0
2017-02-13,52.93000030517578,55.59000015258789,2.944000005722046,30.95199966430664,100.95999908447266,9710.3134765625,25.32440185546875,0,0,0,0,0
2017-02-14,53.20000076293945,55.970001220703125,2.9049999713897705,31.010000228881836,101.25,9718.7734375,25.03671646118164,0,0,0,0,0
2017-02-15,53.11000061035156,55.75,2.924999952316284,30.7549991607666,101.18000030517578,9799.7529296875,25.372350692749023,0,0,0,0,0
2017-02-16,53.36000061035156,55.650001525878906,2.8540000915527344,30.74799919128418,100.44000244140625,9771.2431640625,25.827852249145508,0,0,0,0,0
2017-02-17,53.400001525878906,55.810001373291016,2.8340001106262207,30.780000686645508,100.94999694824219,9759.7529296875,25.843835830688477,0,0,0,0,0
2017-02-18,53.400001525878906,55.810001373291016,2.8340001106262207,30.780000686645508,100.94999694824219,9759.7529296875,25.843835830688477,0,0,0,0,0
2017-02-19,53.400001525878906,55.810001373291016,2.8340001106262207,30.780000686645508,100.94999694824219,9759.7529296875,25.843835830688477,0,0,0,0,0
2017-02-20,53.400001525878906,55.810001373291016,2.8340001106262207,30.899999618530273,100.94999694824219,9753.193359375,25.843835830688477,0,0,0,0,0
2017-02-21,54.060001373291016,56.65999984741211,2.563999891281128,30.783000946044922,101.37000274658203,9763.9228515625,25.835844039916992,0,0,0,0,0
2017-02-22,53.59000015258789,55.84000015258789,2.5920000076293945,30.788000106811523,101.33000183105469,9778.7734375,25.628067016601562,0,0,0,0,0
2017-02-23,54.45000076293945,56.58000183105469,2.617000102996826,30.76799964904785,101.05000305175781,9769.302734375,25.372350692749023,0,0,0,0,0
2017-02-24,53.9900016784668,55.9900016784668,2.627000093460083,30.719999313354492,101.08999633789062,9750.462890625,25.508197784423828,0,0,0,0,0
2017-02-25,53.9900016784668,55.9900016784668,2.627000093460083,30.719999313354492,101.08999633789062,9750.462890625,25.508197784423828,0,0,0,0,0
2017-02-26,53.9900016784668,55.9900016784668,2.627000093460083,30.719999313354492,101.08999633789062,9750.462890625,25.508197784423828,0,0,0,0,0
2017-02-27,54.04999923706055,55.93000030517578,2.693000078201294,30.65399932861328,101.12999725341797,9750.462890625,25.196537017822266,0,0,0,0,0
2017-02-28,54.0099983215332,55.59000015258789,2.7739999294281006,30.652000427246094,101.12000274658203,9750.462890625,25.148588180541992,0,0,0,0,0
2017-03-01,53.83000183105469,55.599998474121094,2.7990000247955322,30.639999389648438,101.77999877929688,9674.7734375,25.236492156982422,0,0,0,0,0
2017-03-02,52.61000061035156,55.08000183105469,2.803999900817871,30.756999969482422,102.19999694824219,9691.79296875,24.669116973876953,0,0,0,0,0
2017-03-03,53.33000183105469,55.900001525878906,2.8269999027252197,30.78499984741211,101.54000091552734,9648.203125,24.65313148498535,0,0,0,0,0
2017-03-04,53.33000183105469,55.900001525878906,2.8269999027252197,30.78499984741211,101.54000091552734,9648.203125,24.65313148498535,0,0,0,0,0
2017-03-05,53.33000183105469,55.900001525878906,2.8269999027252197,30.78499984741211,101.54000091552734,9648.203125,24.65313148498535,0,0,0,0,0
2017-03-06,53.20000076293945,56.0099983215332,2.9010000228881836,30.9060001373291,101.63999938964844,9682.623046875,24.65313148498535,0,0,0,0,0
2017-03-07,53.13999938964844,55.91999816894531,2.8239998817443848,30.968000411987305,101.80999755859375,9738.0634765625,25.02073097229004,0,0,0,0,0
2017-03-08,50.279998779296875,53.11000061035156,2.9010000228881836,30.840999603271484,102.06999969482422,9753.443359375,24.948808670043945,0,0,0,0,0
2017-03-09,49.279998779296875,52.189998626708984,2.9739999771118164,30.8700008392334,101.8499984741211,9658.603515625,24.75701904296875,0,0,0,0,0
2017-03-10,48.4900016784668,51.369998931884766,3.007999897003174,31.016000747680664,101.25,9627.8828125,24.820951461791992,0,0,0,0,0
2017-03-11,48.4900016784668,51.369998931884766,3.007999897003174,31.016000747680664,101.25,9627.8828125,24.820951461791992,0,0,0,0,0
2017-03-12,48.4900016784668,51.369998931884766,3.007999897003174,31.016000747680664,101.25,9627.8828125,24.820951461791992,0,0,0,0,0
2017-03-13,48.400001525878906,51.349998474121094,3.0429999828338623,31.027999877929688,101.37999725341797,9697.3330078125,25.172565460205078,0,0,0,0,0
2017-03-14,47.720001220703125,50.91999816894531,2.937999963760376,30.923999786376953,101.69999694824219,9744.203125,24.94081687927246,0,0,0,0,0
2017-03-15,48.86000061035156,51.810001373291016,2.9809999465942383,30.947999954223633,100.73999786376953,9740.302734375,25.500211715698242,0,0,0,0,0
2017-03-16,48.75,51.7400016784668,2.9019999504089355,30.5049991607666,100.2699966430664,9837.8232421875,25.899776458740234,0,0,0,0,0
2017-03-17,48.779998779296875,51.7599983215332,2.947999954223633,30.65399932861328,100.30000305175781,9908.68359375,26.043621063232422,0,0,0,0,0
2017-03-18,48.779998779296875,51.7599983215332,2.947999954223633,30.65399932861328,100.30000305175781,9908.68359375,26.043621063232422,0,0,0,0,0
2017-03-19,48.779998779296875,51.7599983215332,2.947999954223633,30.65399932861328,100.30000305175781,9908.68359375,26.043621063232422,0,0,0,0,0
2017-03-20,48.220001220703125,51.619998931884766,3.0409998893737793,30.51799964904785,100.41000366210938,9912.962890625,26.251388549804688,0,0,0,0,0
2017-03-21,47.34000015258789,50.959999084472656,3.0929999351501465,30.506999969482422,99.80999755859375,9972.4833984375,25.955707550048828,0,0,0,0,0
2017-03-22,48.040000915527344,50.63999938964844,3.010999917984009,30.43600082397461,99.68000030517578,9922.6533203125,26.1235294342041,0,0,0,0,0
2017-03-23,47.70000076293945,50.560001373291016,3.0510001182556152,30.490999221801758,99.76000213623047,9930.7333984375,26.019641876220703,0,0,0,0,0
2017-03-24,47.970001220703125,50.79999923706055,3.0759999752044678,30.461000442504883,99.62999725341797,9902.9736328125,26.21942710876465,0,0,0,0,0
2017-03-25,47.970001220703125,50.79999923706055,3.0759999752044678,30.461000442504883,99.62999725341797,9902.9736328125,26.21942710876465,0,0,0,0,0
2017-03-26,47.970001220703125,50.79999923706055,3.0759999752044678,30.461000442504883,99.62999725341797,9902.9736328125,26.21942710876465,0,0,0,0,0
2017-03-27,47.72999954223633,50.75,3.052000045776367,30.325000762939453,99.16999816894531,9876.7626953125,26.507112503051758,0,0,0,0,0
2017-03-28,48.369998931884766,51.33000183105469,3.0959999561309814,30.229999542236328,99.70999908447266,9876.443359375,26.650955200195312,0,0,0,0,0
2017-03-29,49.5099983215332,52.41999816894531,3.174999952316284,30.163000106811523,100.0,9856.2431640625,26.315319061279297,0,0,0,0,0
2017-03-30,50.349998474121094,52.959999084472656,3.190999984741211,30.26300048828125,100.41000366210938,9848.1435546875,26.42719268798828,0,0,0,0,0
2017-03-31,50.599998474121094,52.83000183105469,3.190000057220459,30.29800033569336,100.3499984741211,9811.5126953125,26.24339485168457,0,0,0,0,0
2017-04-01,50.599998474121094,52.83000183105469,3.190000057220459,30.29800033569336,100.3499984741211,9811.5126953125,26.24339485168457,0,0,0,0,0
2017-04-02,50.599998474121094,52.83000183105469,3.190000057220459,30.29800033569336,100.3499984741211,9811.5126953125,26.24339485168457,0,0,0,0,0
2017-04-03,50.2400016784668,53.119998931884766,3.128000020980835,30.31800079345703,100.54000091552734,9811.5126953125,26.283355712890625,0,0,0,0,0
2017-04-04,51.029998779296875,54.16999816894531,3.2929999828338623,30.3700008392334,100.54000091552734,9811.5126953125,26.259380340576172,0,0,0,0,0
2017-04-05,51.150001525878906,54.36000061035156,3.2660000324249268,30.46299934387207,100.55999755859375,9949.4736328125,26.29134750366211,0,0,0,0,0
2017-04-06,51.70000076293945,54.88999938964844,3.3310000896453857,30.375,100.66999816894531,9897.79296875,26.259380340576172,0,0,0,0,0
2017-04-07,52.2400016784668,55.2400016784668,3.260999917984009,30.551000595092773,101.18000030517578,9873.36328125,26.267370223999023,0,0,0,0,0
2017-04-08,52.2400016784668,55.2400016784668,3.260999917984009,30.551000595092773,101.18000030517578,9873.36328125,26.267370223999023,0,0,0,0,0
2017-04-09,52.2400016784668,55.2400016784668,3.260999917984009,30.551000595092773,101.18000030517578,9873.36328125,26.267370223999023,0,0,0,0,0
2017-04-10,53.08000183105469,55.97999954223633,3.23799991607666,30.59600067138672,101.0199966430664,9882.533203125,25.987672805786133,0,0,0,0,0
2017-04-11,53.400001525878906,56.22999954223633,3.1500000953674316,30.628999710083008,100.70999908447266,9832.4130859375,25.89178466796875,0,0,0,0,0
2017-04-12,53.11000061035156,55.86000061035156,3.187000036239624,30.62700080871582,100.77999877929688,9817.6728515625,25.795883178710938,0,0,0,0,0
2017-04-13,53.18000030517578,55.88999938964844,3.2269999980926514,30.371000289916992,100.55999755859375,9836.6728515625,25.436277389526367,0,0,0,0,0
2017-04-14,53.18000030517578,55.88999938964844,3.2269999980926514,30.308000564575195,100.55999755859375,9732.9228515625,25.436277389526367,0,0,0,0,0
2017-04-15,53.18000030517578,55.88999938964844,3.2269999980926514,30.308000564575195,100.55999755859375,9732.9228515625,25.436277389526367,0,0,0,0,0
2017-04-16,53.18000030517578,55.88999938964844,3.2269999980926514,30.308000564575195,100.55999755859375,9732.9228515625,25.436277389526367,0,0,0,0,0
2017-04-17,52.650001525878906,55.36000061035156,3.1630001068115234,30.384000778198242,100.30000305175781,9716.3935546875,25.596107482910156,0,0,0,0,0
2017-04-18,52.40999984741211,54.88999938964844,3.1449999809265137,30.329999923706055,99.5,9746.552734375,25.404312133789062,0,0,0,0,0
2017-04-19,50.439998626708984,52.93000030517578,3.184999942779541,30.382999420166016,99.73999786376953,9639.93359375,25.260473251342773,0,0,0,0,0
2017-04-20,50.27000045776367,52.9900016784668,3.1589999198913574,30.399999618530273,99.77999877929688,9632.68359375,25.404312133789062,0,0,0,0,0
2017-04-21,49.619998931884766,51.959999084472656,3.1010000705718994,30.389999389648438,99.9800033569336,9717.4033203125,25.63605308532715,0,0,0,0,0
2017-04-22,49.619998931884766,51.959999084472656,3.1010000705718994,30.389999389648438,99.9800033569336,9717.4033203125,25.63605308532715,0,0,0,0,0
2017-04-23,49.619998931884766,51.959999084472656,3.1010000705718994,30.389999389648438,99.9800033569336,9717.4033203125,25.63605308532715,0,0,0,0,0
2017-04-24,49.22999954223633,51.599998474121094,3.065999984741211,30.341999053955078,99.08999633789062,9717.943359375,26.13151741027832,0,0,0,0,0
2017-04-25,49.560001373291016,52.099998474121094,3.0429999828338623,30.253000259399414,98.81999969482422,9841.703125,26.42719268798828,0,0,0,0,0
2017-04-26,49.619998931884766,51.81999969482422,3.1419999599456787,30.128000259399414,98.95999908447266,9856.443359375,26.371257781982422,0,0,0,0,0
2017-04-27,48.970001220703125,51.439998626708984,3.239000082015991,30.111000061035156,99.08000183105469,9860.61328125,26.387243270874023,0,0,0,0,0
2017-04-28,49.33000183105469,51.72999954223633,3.2760000228881836,30.145999908447266,99.05000305175781,9871.9931640625,26.42719268798828,0,0,0,0,0
2017-04-29,49.33000183105469,51.72999954223633,3.2760000228881836,30.145999908447266,99.05000305175781,9871.9931640625,26.42719268798828,0,0,0,0,0
2017-04-30,49.33000183105469,51.72999954223633,3.2760000228881836,30.145999908447266,99.05000305175781,9871.9931640625,26.42719268798828,0,0,0,0,0
2017-05-01,48.84000015258789,51.52000045776367,3.2149999141693115,30.18899917602539,99.13999938964844,9871.9931640625,26.690916061401367,0,0,0,0,0
2017-05-02,47.65999984741211,50.459999084472656,3.194999933242798,30.19499969482422,98.9800033569336,9941.2626953125,27.11444664001465,0,0,0,0,0
2017-05-03,47.81999969482422,50.790000915527344,3.2279999256134033,30.038000106811523,99.20999908447266,9955.3232421875,27.40213394165039,0,0,0,0,0
2017-05-04,45.52000045776367,48.380001068115234,3.186000108718872,30.042999267578125,98.76000213623047,9967.6396484375,27.282264709472656,0,0,0,0,0
2017-05-05,46.220001220703125,49.099998474121094,3.2660000324249268,30.118999481201172,98.6500015258789,9899.9404296875,27.506013870239258,0,0,0,0,0
2017-05-06,46.220001220703125,49.099998474121094,3.2660000324249268,30.118999481201172,98.6500015258789,9899.9404296875,27.506013870239258,0,0,0,0,0
2017-05-07,46.220001220703125,49.099998474121094,3.2660000324249268,30.118999481201172,98.6500015258789,9899.9404296875,27.506013870239258,0,0,0,0,0
2017-05-08,46.43000030517578,49.34000015258789,3.171999931335449,30.160999298095703,99.1500015258789,9937.25,27.953536987304688,0,0,0,0,0
2017-05-09,45.880001068115234,48.72999954223633,3.2269999980926514,30.145999908447266,99.58999633789062,9915.48046875,28.297161102294922,0,0,0,0,0
2017-05-10,47.33000183105469,50.220001220703125,3.2920000553131104,30.23200035095215,99.66999816894531,9968.3203125,28.297161102294922,0,0,0,0,0
2017-05-11,47.83000183105469,50.77000045776367,3.375999927520752,30.243999481201172,99.62000274658203,10001.48046875,28.417030334472656,0,0,0,0,0
2017-05-12,47.84000015258789,50.84000015258789,3.4240000247955322,30.190000534057617,99.25,9986.8203125,28.265195846557617,0,0,0,0,0
2017-05-13,47.84000015258789,50.84000015258789,3.4240000247955322,30.190000534057617,99.25,9986.8203125,28.265195846557617,0,0,0,0,0
2017-05-14,47.84000015258789,50.84000015258789,3.4240000247955322,30.190000534057617,99.25,9986.8203125,28.265195846557617,0,0,0,0,0
2017-05-15,48.849998474121094,51.81999969482422,3.3489999771118164,30.139999389648438,98.91000366210938,10036.8203125,28.01746940612793,0,0,0,0,0
2017-05-16,48.65999984741211,51.650001525878906,3.2300000190734863,30.040000915527344,98.11000061035156,10031.490234375,27.99349021911621,0,0,0,0,0
2017-05-17,49.06999969482422,52.209999084472656,3.191999912261963,30.097999572753906,97.41999816894531,10013.669921875,27.506013870239258,0,0,0,0,0
2017-05-18,49.349998474121094,52.5099983215332,3.181999921798706,30.115999221801758,97.87999725341797,9969.4501953125,27.889604568481445,0,0,0,0,0
2017-05-19,50.33000183105469,53.61000061035156,3.25600004196167,30.197999954223633,97.1500015258789,9947.6201171875,28.129343032836914,0,0,0,0,0
2017-05-20,50.33000183105469,53.61000061035156,3.25600004196167,30.197999954223633,97.1500015258789,9947.6201171875,28.129343032836914,0,0,0,0,0
2017-05-21,50.33000183105469,53.61000061035156,3.25600004196167,30.197999954223633,97.1500015258789,9947.6201171875,28.129343032836914,0,0,0,0,0
2017-05-22,50.72999954223633,53.869998931884766,3.3299999237060547,29.9950008392334,96.9800033569336,9997.259765625,28.289169311523438,0,0,0,0,0
2017-05-23,51.470001220703125,54.150001525878906,3.2190001010894775,30.034000396728516,97.3499984741211,10007.83984375,28.289169311523438,0,0,0,0,0
2017-05-24,51.36000061035156,53.959999084472656,3.2090001106262207,30.134000778198242,97.23999786376953,10044.419921875,28.38506317138672,0,0,0,0,0
2017-05-25,48.900001525878906,51.459999084472656,3.184000015258789,30.156999588012695,97.25,10108.490234375,28.425020217895508,0,0,0,0,0
2017-05-26,49.79999923706055,52.150001525878906,3.2360000610351562,30.06100082397461,97.4000015258789,10101.9501953125,28.3770694732666,0,0,0,0,0
2017-05-27,49.79999923706055,52.150001525878906,3.2360000610351562,30.06100082397461,97.4000015258789,10101.9501953125,28.3770694732666,0,0,0,0,0
2017-05-28,49.79999923706055,52.150001525878906,3.2360000610351562,30.06100082397461,97.4000015258789,10101.9501953125,28.3770694732666,0,0,0,0,0
2017-05-29,49.79999923706055,52.150001525878906,3.2360000610351562,30.099000930786133,97.4000015258789,10101.9501953125,28.3770694732666,0,0,0,0,0
2017-05-30,49.65999984741211,51.84000015258789,3.1449999809265137,30.093000411987305,97.27999877929688,10101.9501953125,28.592836380004883,0,0,0,0,0
2017-05-31,48.31999969482422,50.310001373291016,3.071000099182129,30.097999572753906,96.91999816894531,10040.7197265625,28.2572021484375,0,0,0,0,0
2017-06-01,48.36000061035156,50.33000183105469,3.007999897003174,30.08099937438965,97.19999694824219,10087.419921875,28.680744171142578,0,0,0,0,0
2017-06-02,47.65999984741211,49.95000076293945,2.999000072479248,30.091999053955078,96.72000122070312,10152.5302734375,28.91248893737793,0,0,0,0,0
2017-06-03,47.65999984741211,49.95000076293945,2.999000072479248,30.091999053955078,96.72000122070312,10152.5302734375,28.91248893737793,0,0,0,0,0
2017-06-04,47.65999984741211,49.95000076293945,2.999000072479248,30.091999053955078,96.72000122070312,10152.5302734375,28.91248893737793,0,0,0,0,0
2017-06-05,47.400001525878906,49.470001220703125,2.9820001125335693,30.093000411987305,96.80000305175781,10226.83984375,29.080307006835938,0,0,0,0,0
2017-06-06,48.189998626708984,50.119998931884766,3.0420000553131104,30.06800079345703,96.63999938964844,10206.1796875,29.112279891967773,0,0,0,0,0
2017-06-07,45.720001220703125,48.060001373291016,3.0199999809265137,30.073999404907227,96.75,10209.990234375,29.136247634887695,0,0,0,0,0
2017-06-08,45.63999938964844,47.86000061035156,3.0280001163482666,30.165000915527344,96.91999816894531,10225.7802734375,29.43191909790039,0,0,0,0,0
2017-06-09,45.83000183105469,48.150001525878906,3.0390000343322754,30.086000442504883,97.2699966430664,10199.650390625,28.600831985473633,0,0,0,0,0
2017-06-10,45.83000183105469,48.150001525878906,3.0390000343322754,30.086000442504883,97.2699966430664,10199.650390625,28.600831985473633,0,0,0,0,0
2017-06-11,45.83000183105469,48.150001525878906,3.0390000343322754,30.086000442504883,97.2699966430664,10199.650390625,28.600831985473633,0,0,0,0,0
2017-06-12,46.08000183105469,48.290000915527344,3.0239999294281006,30.17300033569336,97.13999938964844,10109.9599609375,28.161312103271484,0,0,0,0,0
2017-06-13,46.459999084472656,48.720001220703125,2.9660000801086426,30.155000686645508,96.9800033569336,10128.150390625,28.417030334472656,0,0,0,0,0
2017-06-14,44.72999954223633,47.0,2.933000087738037,30.204999923706055,96.94000244140625,10072.4599609375,28.488948822021484,0,0,0,0,0
2017-06-15,44.459999084472656,46.91999816894531,3.055999994277954,30.197999954223633,97.43000030517578,10088.349609375,28.321134567260742,0,0,0,0,0
2017-06-16,44.7400016784668,47.369998931884766,3.0369999408721924,30.229000091552734,97.16000366210938,10156.73046875,28.66476058959961,0,0,0,0,0
2017-06-17,44.7400016784668,47.369998931884766,3.0369999408721924,30.229000091552734,97.16000366210938,10156.73046875,28.66476058959961,0,0,0,0,0
2017-06-18,44.7400016784668,47.369998931884766,3.0369999408721924,30.229000091552734,97.16000366210938,10156.73046875,28.66476058959961,0,0,0,0,0
2017-06-19,44.20000076293945,46.90999984741211,2.8940000534057617,30.32200050354004,97.52999877929688,10250.599609375,28.93646812438965,0,0,0,0,0
2017-06-20,43.22999954223633,46.02000045776367,2.9070000648498535,30.356000900268555,97.75,10324.4599609375,28.87253189086914,0,0,0,0,0
2017-06-21,42.529998779296875,44.81999969482422,2.8929998874664307,30.469999313354492,97.55999755859375,10349.7197265625,29.336030960083008,0,0,0,0,0
2017-06-22,42.7400016784668,45.220001220703125,2.8940000534057617,30.441999435424805,97.54000091552734,10399.0595703125,29.336030960083008,0,0,0,0,0
2017-06-23,43.0099983215332,45.540000915527344,2.928999900817871,30.427000045776367,97.30000305175781,10377.7001953125,29.352008819580078,0,0,0,0,0
2017-06-24,43.0099983215332,45.540000915527344,2.928999900817871,30.427000045776367,97.30000305175781,10377.7001953125,29.352008819580078,0,0,0,0,0
2017-06-25,43.0099983215332,45.540000915527344,2.928999900817871,30.427000045776367,97.30000305175781,10377.7001953125,29.352008819580078,0,0,0,0,0
2017-06-26,43.380001068115234,45.83000183105469,3.0269999504089355,30.243999481201172,97.43000030517578,10513.9599609375,29.813278198242188,0,0,0,0,0
2017-06-27,44.2400016784668,46.650001525878906,3.0369999408721924,30.312999725341797,96.47000122070312,10512.0595703125,28.955101013183594,0,0,0,0,0
2017-06-28,44.7400016784668,47.310001373291016,3.066999912261963,30.3799991607666,96.05000305175781,10390.5498046875,29.169647216796875,0,0,0,0,0
2017-06-29,44.93000030517578,47.41999816894531,3.0420000553131104,30.416000366210938,95.62999725341797,10421.650390625,28.724056243896484,0,0,0,0,0
2017-06-30,46.040000915527344,47.91999816894531,3.0350000858306885,30.35300064086914,95.66000366210938,10395.0703125,28.847827911376953,0,0,0,0,0
2017-07-01,46.040000915527344,47.91999816894531,3.0350000858306885,30.35300064086914,95.66000366210938,10395.0703125,28.847827911376953,0,0,0,0,0
2017-07-02,46.040000915527344,47.91999816894531,3.0350000858306885,30.35300064086914,95.66000366210938,10395.0703125,28.847827911376953,0,0,0,0,0
2017-07-03,47.06999969482422,49.68000030517578,2.9509999752044678,30.41699981689453,96.19999694824219,10412.7900390625,28.78182029724121,0,0,0,0,0
2017-07-04,47.06999969482422,49.68000030517578,2.9509999752044678,30.41699981689453,96.19999694824219,10347.7802734375,28.78182029724121,0,0,0,0,0
2017-07-05,45.130001068115234,47.790000915527344,2.8399999141693115,30.51099967956543,96.29000091552734,10404.7900390625,28.732311248779297,0,0,0,0,0
2017-07-06,45.52000045776367,48.11000061035156,2.888000011444092,30.485000610351562,95.81999969482422,10368.2001953125,28.46825408935547,0,0,0,0,0
2017-07-07,44.22999954223633,46.709999084472656,2.864000082015991,30.577999114990234,96.01000213623047,10297.25,28.57552719116211,0,0,0,0,0
2017-07-08,44.22999954223633,46.709999084472656,2.864000082015991,30.577999114990234,96.01000213623047,10297.25,28.57552719116211,0,0,0,0,0
2017-07-09,44.22999954223633,46.709999084472656,2.864000082015991,30.577999114990234,96.01000213623047,10297.25,28.57552719116211,0,0,0,0,0
2017-07-10,44.400001525878906,46.880001068115234,2.928999900817871,30.58799934387207,96.05000305175781,10289.91015625,28.880840301513672,0,0,0,0,0
2017-07-11,45.040000915527344,47.52000045776367,3.046999931335449,30.58799934387207,95.73999786376953,10415.5703125,29.194400787353516,0,0,0,0,0
2017-07-12,45.4900016784668,47.7400016784668,2.984999895095825,30.56999969482422,95.79000091552734,10420.6796875,29.450197219848633,0,0,0,0,0
2017-07-13,46.08000183105469,48.41999816894531,2.9609999656677246,30.46500015258789,95.7300033569336,10460.150390625,29.829784393310547,0,0,0,0,0
2017-07-14,46.540000915527344,48.90999984741211,2.9800000190734863,30.361000061035156,95.11000061035156,10443.91015625,29.91230010986328,0,0,0,0,0
2017-07-15,46.540000915527344,48.90999984741211,2.9800000190734863,30.361000061035156,95.11000061035156,10443.91015625,29.91230010986328,0,0,0,0,0
2017-07-16,46.540000915527344,48.90999984741211,2.9800000190734863,30.361000061035156,95.11000061035156,10443.91015625,29.91230010986328,0,0,0,0,0
2017-07-17,46.02000045776367,48.41999816894531,3.0199999809265137,30.3439998626709,95.12999725341797,10457.5400390625,29.63174057006836,0,0,0,0,0
2017-07-18,46.400001525878906,48.84000015258789,3.0880000591278076,30.39699935913086,94.66000366210938,10481.259765625,29.598739624023438,0,0,0,0,0
2017-07-19,47.119998931884766,49.70000076293945,3.065999984741211,30.35099983215332,94.80000305175781,10506.099609375,30.044326782226562,0,0,0,0,0
2017-07-20,46.790000915527344,49.29999923706055,3.0429999828338623,30.37700080871582,94.2699966430664,10499.3603515625,29.788522720336914,0,0,0,0,0
2017-07-21,45.77000045776367,48.060001373291016,2.9700000286102295,30.42300033569336,93.94000244140625,10436.7001953125,29.582239151000977,0,0,0,0,0
2017-07-22,45.77000045776367,48.060001373291016,2.9700000286102295,30.42300033569336,93.94000244140625,10436.7001953125,29.582239151000977,0,0,0,0,0
2017-07-23,45.77000045776367,48.060001373291016,2.9700000286102295,30.42300033569336,93.94000244140625,10436.7001953125,29.582239151000977,0,0,0,0,0
2017-07-24,46.34000015258789,48.599998474121094,2.8989999294281006,30.430999755859375,93.9800033569336,10461.2802734375,29.887542724609375,0,0,0,0,0
2017-07-25,47.88999938964844,50.20000076293945,2.944000005722046,30.339000701904297,94.05000305175781,10463.150390625,29.788522720336914,0,0,0,0,0
2017-07-26,48.75,50.970001220703125,2.9240000247955322,30.343000411987305,93.66999816894531,10419.1103515625,29.887542724609375,0,0,0,0,0
2017-07-27,49.040000915527344,51.4900016784668,2.9690001010894775,30.246999740600586,93.86000061035156,10508.3701171875,29.854530334472656,0,0,0,0,0
2017-07-28,49.709999084472656,52.52000045776367,2.940999984741211,30.23200035095215,93.26000213623047,10423.0498046875,29.59048843383789,0,0,0,0,0
2017-07-29,49.709999084472656,52.52000045776367,2.940999984741211,30.23200035095215,93.26000213623047,10423.0498046875,29.59048843383789,0,0,0,0,0
2017-07-30,49.709999084472656,52.52000045776367,2.940999984741211,30.23200035095215,93.26000213623047,10423.0498046875,29.59048843383789,0,0,0,0,0
2017-07-31,50.16999816894531,52.650001525878906,2.7939999103546143,30.242000579833984,92.86000061035156,10427.330078125,29.67300033569336,0,0,0,0,0
2017-08-01,49.15999984741211,52.630001068115234,2.819000005722046,30.200000762939453,93.02999877929688,10437.2900390625,29.573972702026367,0,0,0,0,0
2017-08-02,49.59000015258789,52.36000061035156,2.811000108718872,30.236000061035156,92.83000183105469,10519.26953125,29.763765335083008,0,0,0,0,0
2017-08-03,49.029998779296875,52.0099983215332,2.799999952316284,30.23200035095215,92.80999755859375,10469.8798828125,29.532724380493164,0,0,0,0,0
2017-08-04,49.58000183105469,52.41999816894531,2.7739999294281006,30.20400047302246,93.54000091552734,10506.5595703125,29.730754852294922,0,0,0,0,0
2017-08-05,49.58000183105469,52.41999816894531,2.7739999294281006,30.20400047302246,93.54000091552734,10506.5595703125,29.730754852294922,0,0,0,0,0
2017-08-06,49.58000183105469,52.41999816894531,2.7739999294281006,30.20400047302246,93.54000091552734,10506.5595703125,29.730754852294922,0,0,0,0,0
2017-08-07,49.38999938964844,52.369998931884766,2.8010001182556152,30.202999114990234,93.43000030517578,10579.3798828125,30.35788345336914,0,0,0,0,0
2017-08-08,49.16999816894531,52.13999938964844,2.822000026702881,30.214000701904297,93.63999938964844,10568.9697265625,30.28362274169922,0,0,0,0,0
2017-08-09,49.560001373291016,52.70000076293945,2.882999897003174,30.180999755859375,93.5199966430664,10470.3798828125,30.085582733154297,0,0,0,0,0
2017-08-10,48.59000015258789,51.900001525878906,2.984999895095825,30.20199966430664,93.4000015258789,10329.740234375,29.161392211914062,0,0,0,0,0
2017-08-11,48.81999969482422,52.099998474121094,2.9830000400543213,30.290000915527344,93.06999969482422,10329.5703125,29.821531295776367,0,0,0,0,0
2017-08-12,48.81999969482422,52.099998474121094,2.9830000400543213,30.290000915527344,93.06999969482422,10329.5703125,29.821531295776367,0,0,0,0,0
2017-08-13,48.81999969482422,52.099998474121094,2.9830000400543213,30.290000915527344,93.06999969482422,10329.5703125,29.821531295776367,0,0,0,0,0
2017-08-14,47.59000015258789,50.72999954223633,2.9590001106262207,30.332000732421875,93.45999908447266,10225.2802734375,29.74726104736328,0,0,0,0,0
2017-08-15,47.54999923706055,50.79999923706055,2.934999942779541,30.281999588012695,93.8499984741211,10311.16015625,30.052574157714844,0,0,0,0,0
2017-08-16,46.779998779296875,50.27000045776367,2.890000104904175,30.284000396728516,93.48999786376953,10290.3896484375,29.98656463623047,0,0,0,0,0
2017-08-17,47.09000015258789,51.029998779296875,2.928999900817871,30.343000411987305,93.62000274658203,10369.3701171875,29.532724380493164,0,0,0,0,0
2017-08-18,48.5099983215332,52.720001220703125,2.8929998874664307,30.29400062561035,93.43000030517578,10321.330078125,29.59048843383789,0,0,0,0,0
2017-08-19,48.5099983215332,52.720001220703125,2.8929998874664307,30.29400062561035,93.43000030517578,10321.330078125,29.59048843383789,0,0,0,0,0
2017-08-20,48.5099983215332,52.720001220703125,2.8929998874664307,30.29400062561035,93.43000030517578,10321.330078125,29.59048843383789,0,0,0,0,0
2017-08-21,47.369998931884766,51.65999984741211,2.9619998931884766,30.30900001525879,93.0999984741211,10326.3896484375,29.689498901367188,0,0,0,0,0
2017-08-22,47.63999938964844,51.869998931884766,2.938999891281128,30.308000564575195,93.55000305175781,10392.0703125,30.13509750366211,0,0,0,0,0
2017-08-23,48.40999984741211,52.56999969482422,2.927999973297119,30.280000686645508,93.1500015258789,10406.8095703125,30.18460464477539,0,0,0,0,0
2017-08-24,47.43000030517578,52.040000915527344,2.9489998817443848,30.270999908447266,93.27999877929688,10488.9599609375,30.39089584350586,0,0,0,0,0
2017-08-25,47.869998931884766,52.40999984741211,2.8919999599456787,30.243999481201172,92.73999786376953,10515.509765625,30.407390594482422,0,0,0,0,0
2017-08-26,47.869998931884766,52.40999984741211,2.8919999599456787,30.243999481201172,92.73999786376953,10515.509765625,30.407390594482422,0,0,0,0,0
2017-08-27,47.869998931884766,52.40999984741211,2.8919999599456787,30.243999481201172,92.73999786376953,10515.509765625,30.407390594482422,0,0,0,0,0
2017-08-28,46.56999969482422,51.88999938964844,2.924999952316284,30.106000900268555,92.20999908447266,10525.98046875,30.341386795043945,0,0,0,0,0
2017-08-29,46.439998626708984,52.0,2.9609999656677246,30.141000747680664,92.3499984741211,10496.5703125,30.432153701782227,0,0,0,0,0
2017-08-30,45.959999084472656,50.86000061035156,2.938999891281128,30.180999755859375,92.87999725341797,10569.400390625,30.473413467407227,0,0,0,0,0
2017-08-31,47.22999954223633,52.380001068115234,3.0399999618530273,30.13599967956543,92.66999816894531,10585.7802734375,30.506425857543945,0,0,0,0,0
2017-09-01,47.290000915527344,52.31999969482422,3.069999933242798,30.180999755859375,92.80999755859375,10594.8203125,30.71270751953125,0,0,0,0,0
2017-09-02,47.290000915527344,52.31999969482422,3.069999933242798,30.180999755859375,92.80999755859375,10594.8203125,30.71270751953125,0,0,0,0,0
2017-09-03,47.290000915527344,52.31999969482422,3.069999933242798,30.180999755859375,92.80999755859375,10594.8203125,30.71270751953125,0,0,0,0,0
2017-09-04,47.290000915527344,52.31999969482422,3.069999933242798,30.128000259399414,92.80999755859375,10569.8701171875,30.71270751953125,0,0,0,0,0
2017-09-05,48.65999984741211,53.380001068115234,2.9719998836517334,30.073999404907227,92.30999755859375,10617.83984375,30.407390594482422,0,0,0,0,0
2017-09-06,49.15999984741211,54.20000076293945,3.0,30.048999786376953,92.29000091552734,10547.8603515625,30.753978729248047,0,0,0,0,0
2017-09-07,49.09000015258789,54.4900016784668,2.9809999465942383,30.076000213623047,91.52999877929688,10538.509765625,30.97676658630371,0,0,0,0,0
2017-09-08,47.47999954223633,53.779998779296875,2.890000104904175,30.03700065612793,91.33000183105469,10609.9501953125,30.94375991821289,0,0,0,0,0
2017-09-09,47.47999954223633,53.779998779296875,2.890000104904175,30.03700065612793,91.33000183105469,10609.9501953125,30.94375991821289,0,0,0,0,0
2017-09-10,47.47999954223633,53.779998779296875,2.890000104904175,30.03700065612793,91.33000183105469,10609.9501953125,30.94375991821289,0,0,0,0,0
2017-09-11,48.06999969482422,53.84000015258789,2.950000047683716,29.988000869750977,91.86000061035156,10572.16015625,31.224319458007812,0,0,0,0,0
2017-09-12,48.22999954223633,54.27000045776367,3.000999927520752,30.0049991607666,91.91000366210938,10610.349609375,31.240812301635742,0,0,0,0,0
2017-09-13,49.29999923706055,55.15999984741211,3.058000087738037,30.009000778198242,92.5199966430664,10532.8798828125,30.9685001373291,0,0,0,0,0
2017-09-14,49.88999938964844,55.470001220703125,3.069999933242798,30.03700065612793,92.12000274658203,10553.5703125,30.8447322845459,0,0,0,0,0
2017-09-15,49.88999938964844,55.619998931884766,3.0239999294281006,30.086999893188477,91.87000274658203,10580.41015625,31.067543029785156,0,0,0,0,0
2017-09-16,49.88999938964844,55.619998931884766,3.0239999294281006,30.086999893188477,91.87000274658203,10580.41015625,31.067543029785156,0,0,0,0,0
2017-09-17,49.88999938964844,55.619998931884766,3.0239999294281006,30.086999893188477,91.87000274658203,10580.41015625,31.067543029785156,0,0,0,0,0
2017-09-18,49.90999984741211,55.47999954223633,3.1459999084472656,30.054000854492188,92.05000305175781,10631.5703125,31.41410255432129,0,0,0,0,0
2017-09-19,49.47999954223633,55.13999938964844,3.121999979019165,30.091999053955078,91.79000091552734,10576.1396484375,31.6038875579834,0,0,0,0,0
2017-09-20,50.40999984741211,56.290000915527344,3.0940001010894775,30.11400032043457,92.51000213623047,10519.169921875,31.207813262939453,0,0,0,0,0
2017-09-21,50.54999923706055,56.43000030517578,2.946000099182129,30.121000289916992,92.26000213623047,10578.4404296875,31.554372787475586,0,0,0,0,0
2017-09-22,50.65999984741211,56.86000061035156,2.9590001106262207,30.18899917602539,92.16999816894531,10449.6796875,31.166545867919922,0,0,0,0,0
2017-09-23,50.65999984741211,56.86000061035156,2.9590001106262207,30.18899917602539,92.16999816894531,10449.6796875,31.166545867919922,0,0,0,0,0
2017-09-24,50.65999984741211,56.86000061035156,2.9590001106262207,30.18899917602539,92.16999816894531,10449.6796875,31.166545867919922,0,0,0,0,0
2017-09-25,52.220001220703125,59.02000045776367,2.9189999103546143,30.163000106811523,92.6500015258789,10335.8896484375,30.588945388793945,0,0,0,0,0
2017-09-26,51.880001068115234,58.439998626708984,2.9179999828338623,30.20400047302246,92.97000122070312,10257.01953125,30.64669418334961,0,0,0,0,0
2017-09-27,52.13999938964844,57.900001525878906,2.9739999771118164,30.19700050354004,93.36000061035156,10326.6796875,30.73747444152832,0,0,0,0,0
2017-09-28,51.560001373291016,57.40999984741211,3.0169999599456787,30.284000396728516,93.08999633789062,10296.4501953125,30.572423934936523,0,0,0,0,0
2017-09-29,51.66999816894531,57.540000915527344,3.006999969482422,30.365999221801758,93.08000183105469,10329.9404296875,30.985013961791992,0,0,0,0,0
2017-09-30,51.66999816894531,57.540000915527344,3.006999969482422,30.365999221801758,93.08000183105469,10329.9404296875,30.985013961791992,0,0,0,0,0
2017-10-01,51.66999816894531,57.540000915527344,3.006999969482422,30.365999221801758,93.08000183105469,10329.9404296875,30.985013961791992,0,0,0,0,0
2017-10-02,50.58000183105469,56.119998931884766,2.9159998893737793,30.312999725341797,93.55999755859375,10465.16015625,31.46360969543457,0,0,0,0,0
2017-10-03,50.41999816894531,56.0,2.8949999809265137,30.441999435424805,93.56999969482422,10469.349609375,31.71942138671875,0,0,0,0,0
2017-10-04,49.97999954223633,55.79999923706055,2.940000057220459,30.427000045776367,93.45999908447266,10469.349609375,31.579124450683594,0,0,0,0,0
2017-10-05,50.790000915527344,57.0,2.9230000972747803,30.426000595092773,93.95999908447266,10518.26953125,31.73592758178711,0,0,0,0,0
2017-10-06,49.290000915527344,55.619998931884766,2.86299991607666,30.332000732421875,93.80000305175781,10532.8095703125,31.73592758178711,0,0,0,0,0
2017-10-07,49.290000915527344,55.619998931884766,2.86299991607666,30.332000732421875,93.80000305175781,10532.8095703125,31.73592758178711,0,0,0,0,0
2017-10-08,49.290000915527344,55.619998931884766,2.86299991607666,30.332000732421875,93.80000305175781,10532.8095703125,31.73592758178711,0,0,0,0,0
2017-10-09,49.58000183105469,55.790000915527344,2.8329999446868896,30.358999252319336,93.73999786376953,10532.8095703125,31.991716384887695,0,0,0,0,0
2017-10-10,50.91999816894531,56.61000061035156,2.8910000324249268,30.371999740600586,93.29000091552734,10532.8095703125,32.1567497253418,0,0,0,0,0
2017-10-11,51.29999923706055,56.939998626708984,2.8889999389648438,30.35700035095215,92.95999908447266,10641.1904296875,33.295475006103516,0,0,0,0,0
2017-10-12,50.599998474121094,56.25,2.989000082015991,30.211999893188477,93.12000274658203,10711.4404296875,33.3697395324707,0,0,0,0,0
2017-10-13,51.45000076293945,57.16999816894531,3.0,30.191999435424805,93.08999633789062,10724.08984375,33.68330764770508,0,0,0,0,0
2017-10-14,51.45000076293945,57.16999816894531,3.0,30.191999435424805,93.08999633789062,10724.08984375,33.68330764770508,0,0,0,0,0
2017-10-15,51.45000076293945,57.16999816894531,3.0,30.191999435424805,93.08999633789062,10724.08984375,33.68330764770508,0,0,0,0,0
2017-10-16,51.869998931884766,57.81999969482422,2.946000099182129,30.143999099731445,93.27999877929688,10774.2099609375,33.74106979370117,0,0,0,0,0
2017-10-17,51.880001068115234,57.880001068115234,2.9619998931884766,30.142000198364258,93.48999786376953,10723.150390625,34.03813171386719,0,0,0,0,0
2017-10-18,52.040000915527344,58.150001525878906,2.8540000915527344,30.180999755859375,93.36000061035156,10720.2802734375,34.24443054199219,0,0,0,0,0
2017-10-19,51.290000915527344,57.22999954223633,2.872999906539917,30.197999954223633,93.2699966430664,10760.2900390625,33.88960266113281,0,0,0,0,0
2017-10-20,51.470001220703125,57.75,2.9149999618530273,30.209999084472656,93.69999694824219,10728.8798828125,33.93085479736328,0,0,0,0,0
2017-10-21,51.470001220703125,57.75,2.9149999618530273,30.209999084472656,93.69999694824219,10728.8798828125,33.93085479736328,0,0,0,0,0
2017-10-22,51.470001220703125,57.75,2.9149999618530273,30.209999084472656,93.69999694824219,10728.8798828125,33.93085479736328,0,0,0,0,0
2017-10-23,51.900001525878906,57.369998931884766,2.990999937057495,30.222000122070312,93.94000244140625,10735.2099609375,34.005123138427734,0,0,0,0,0
2017-10-24,52.470001220703125,58.33000183105469,2.9739999771118164,30.246000289916992,93.95999908447266,10743.7802734375,34.09589767456055,0,0,0,0,0
2017-10-25,52.18000030517578,58.439998626708984,2.9189999103546143,30.257999420166016,93.70999908447266,10750.5703125,33.9638671875,0,0,0,0,0
2017-10-26,52.63999938964844,59.29999923706055,2.890000104904175,30.24799919128418,94.61000061035156,10734.759765625,33.99687957763672,0,0,0,0,0
2017-10-27,53.900001525878906,60.439998626708984,2.752000093460083,30.211999893188477,94.91999816894531,10709.1103515625,34.78078842163086,0,0,0,0,0
2017-10-28,53.900001525878906,60.439998626708984,2.752000093460083,30.211999893188477,94.91999816894531,10709.1103515625,34.78078842163086,0,0,0,0,0
2017-10-29,53.900001525878906,60.439998626708984,2.752000093460083,30.211999893188477,94.91999816894531,10709.1103515625,34.78078842163086,0,0,0,0,0
2017-10-30,54.150001525878906,60.900001525878906,2.9660000801086426,30.136999130249023,94.48999786376953,10756.8701171875,34.7642822265625,0,0,0,0,0
2017-10-31,54.380001068115234,61.369998931884766,2.8959999084472656,30.183000564575195,94.55000305175781,10793.7998046875,34.929317474365234,0,0,0,0,0
2017-11-01,54.29999923706055,61.290000915527344,2.8929998874664307,30.16699981689453,94.81999969482422,10806.3603515625,34.739524841308594,0,0,0,0,0
2017-11-02,54.540000915527344,60.619998931884766,2.934999942779541,30.128000259399414,94.69000244140625,10788.509765625,34.78078842163086,0,0,0,0,0
2017-11-03,55.63999938964844,62.06999969482422,2.9839999675750732,30.179000854492188,94.94000244140625,10800.76953125,34.813785552978516,0,0,0,0,0
2017-11-04,55.63999938964844,62.06999969482422,2.9839999675750732,30.179000854492188,94.94000244140625,10800.76953125,34.813785552978516,0,0,0,0,0
2017-11-05,55.63999938964844,62.06999969482422,2.9839999675750732,30.179000854492188,94.94000244140625,10800.76953125,34.813785552978516,0,0,0,0,0
2017-11-06,57.349998474121094,64.2699966430664,3.134000062942505,30.155000686645508,94.72000122070312,10786.1904296875,35.01182556152344,0,0,0,0,0
2017-11-07,57.20000076293945,63.689998626708984,3.1519999504089355,30.197999954223633,94.91000366210938,10840.33984375,35.07784652709961,0,0,0,0,0
2017-11-08,56.810001373291016,63.4900016784668,3.174999952316284,30.172000885009766,94.87000274658203,10818.990234375,35.01182556152344,0,0,0,0,0
2017-11-09,57.16999816894531,63.93000030517578,3.200000047683716,30.16900062561035,94.44000244140625,10743.26953125,34.359947204589844,0,0,0,0,0
2017-11-10,56.7400016784668,63.52000045776367,3.2130000591278076,30.179000854492188,94.38999938964844,10732.669921875,34.425960540771484,0,0,0,0,0
2017-11-11,56.7400016784668,63.52000045776367,3.2130000591278076,30.179000854492188,94.38999938964844,10732.669921875,34.425960540771484,0,0,0,0,0
2017-11-12,56.7400016784668,63.52000045776367,3.2130000591278076,30.179000854492188,94.38999938964844,10732.669921875,34.425960540771484,0,0,0,0,0
2017-11-13,56.7599983215332,63.15999984741211,3.1670000553131104,30.107999801635742,94.48999786376953,10683.919921875,34.665260314941406,0,0,0,0,0
2017-11-14,55.70000076293945,62.209999084472656,3.1019999980926514,30.149999618530273,93.83000183105469,10687.1796875,34.541481018066406,0,0,0,0,0
2017-11-15,55.33000183105469,61.869998931884766,3.0799999237060547,30.174999237060547,93.80999755859375,10630.650390625,34.277427673339844,0,0,0,0,0
2017-11-16,55.13999938964844,61.36000061035156,3.052999973297119,30.174999237060547,93.93000030517578,10625.0400390625,34.739524841308594,0,0,0,0,0
2017-11-17,56.54999923706055,62.720001220703125,3.0969998836517334,30.128000259399414,93.66000366210938,10701.6396484375,34.71476364135742,0,0,0,0,0
2017-11-18,56.54999923706055,62.720001220703125,3.0969998836517334,30.128000259399414,93.66000366210938,10701.6396484375,34.71476364135742,0,0,0,0,0
2017-11-19,56.54999923706055,62.720001220703125,3.0969998836517334,30.128000259399414,93.66000366210938,10701.6396484375,34.71476364135742,0,0,0,0,0
2017-11-20,56.09000015258789,62.220001220703125,3.046999931335449,30.070999145507812,94.08000183105469,10664.5498046875,34.830291748046875,0,0,0,0,0
2017-11-21,56.83000183105469,62.56999969482422,3.0169999599456787,30.077999114990234,93.94999694824219,10779.240234375,35.135597229003906,0,0,0,0,0
2017-11-22,58.02000045776367,63.31999969482422,2.9679999351501465,29.99799919128418,93.22000122070312,10822.58984375,34.995330810546875,0,0,0,0,0
2017-11-23,58.02000045776367,63.31999969482422,2.9679999351501465,29.993999481201172,93.22000122070312,10854.5703125,34.995330810546875,0,0,0,0,0
2017-11-24,58.95000076293945,63.86000061035156,2.812999963760376,30.003999710083008,92.76000213623047,10854.08984375,35.47393035888672,0,0,0,0,0
2017-11-25,58.95000076293945,63.86000061035156,2.812999963760376,30.003999710083008,92.76000213623047,10854.08984375,35.47393035888672,0,0,0,0,0
2017-11-26,58.95000076293945,63.86000061035156,2.812999963760376,30.003999710083008,92.76000213623047,10854.08984375,35.47393035888672,0,0,0,0,0
2017-11-27,58.11000061035156,63.84000015258789,2.927999973297119,29.976999282836914,92.9000015258789,10750.9296875,33.90610122680664,0,0,0,0,0
2017-11-28,57.9900016784668,63.61000061035156,3.0739998817443848,29.986000061035156,93.26000213623047,10707.0703125,33.774085998535156,0,0,0,0,0
2017-11-29,57.29999923706055,63.11000061035156,3.178999900817871,29.979999542236328,93.26000213623047,10713.5498046875,32.519832611083984,0,0,0,0,0
2017-11-30,57.400001525878906,63.56999969482422,3.0250000953674316,29.97100067138672,93.01000213623047,10560.4404296875,32.676605224609375,0,0,0,0,0
2017-12-01,58.36000061035156,63.4900016784668,3.061000108718872,29.982999801635742,92.9000015258789,10600.3701171875,32.75912094116211,0,0,0,0,0
2017-12-02,58.36000061035156,63.4900016784668,3.061000108718872,29.982999801635742,92.9000015258789,10600.3701171875,32.75912094116211,0,0,0,0,0
2017-12-03,58.36000061035156,63.4900016784668,3.061000108718872,29.982999801635742,92.9000015258789,10600.3701171875,32.75912094116211,0,0,0,0,0
2017-12-04,57.470001220703125,62.45000076293945,2.984999895095825,29.992000579833984,93.19000244140625,10651.1103515625,32.503318786621094,0,0,0,0,0
2017-12-05,57.619998931884766,62.86000061035156,2.9140000343322754,30.031999588012695,93.37999725341797,10566.849609375,32.34654235839844,0,0,0,0,0
2017-12-06,55.959999084472656,61.220001220703125,2.921999931335449,29.972999572753906,93.61000061035156,10393.919921875,31.917451858520508,0,0,0,0,0
2017-12-07,56.689998626708984,62.20000076293945,2.763000011444092,29.992000579833984,93.80000305175781,10355.759765625,32.18975067138672,0,0,0,0,0
2017-12-08,57.36000061035156,63.400001525878906,2.7720000743865967,30.009000778198242,93.9000015258789,10398.6201171875,32.181514739990234,0,0,0,0,0
2017-12-09,57.36000061035156,63.400001525878906,2.7720000743865967,30.009000778198242,93.9000015258789,10398.6201171875,32.181514739990234,0,0,0,0,0
2017-12-10,57.36000061035156,63.400001525878906,2.7720000743865967,30.009000778198242,93.9000015258789,10398.6201171875,32.181514739990234,0,0,0,0,0
2017-12-11,57.9900016784668,64.69000244140625,2.828000068664551,30.003000259399414,93.87000274658203,10473.08984375,32.486820220947266,0,0,0,0,0
2017-12-12,57.13999938964844,63.34000015258789,2.677999973297119,30.006999969482422,94.0999984741211,10443.2802734375,32.42906188964844,0,0,0,0,0
2017-12-13,56.599998474121094,62.439998626708984,2.7149999141693115,30.000999450683594,93.43000030517578,10470.7001953125,32.420814514160156,0,0,0,0,0
2017-12-14,57.040000915527344,63.310001373291016,2.684000015258789,30.023000717163086,93.48999786376953,10538.009765625,32.51156997680664,0,0,0,0,0
2017-12-15,57.29999923706055,63.22999954223633,2.611999988555908,30.003999710083008,93.93000030517578,10491.4404296875,32.59408950805664,0,0,0,0,0
2017-12-16,57.29999923706055,63.22999954223633,2.611999988555908,30.003999710083008,93.93000030517578,10491.4404296875,32.59408950805664,0,0,0,0,0
2017-12-17,57.29999923706055,63.22999954223633,2.611999988555908,30.003999710083008,93.93000030517578,10491.4404296875,32.59408950805664,0,0,0,0,0
2017-12-18,57.15999984741211,63.40999984741211,2.744999885559082,29.961000442504883,93.69999694824219,10506.51953125,32.51156997680664,0,0,0,0,0
2017-12-19,57.459999084472656,63.79999923706055,2.691999912261963,29.992000579833984,93.47000122070312,10467.33984375,32.46207046508789,0,0,0,0,0
2017-12-20,58.09000015258789,64.55999755859375,2.63700008392334,29.985000610351562,93.3499984741211,10504.51953125,32.544586181640625,0,0,0,0,0
2017-12-21,58.36000061035156,64.9000015258789,2.5980000495910645,29.97800064086914,93.27999877929688,10488.9697265625,32.37130355834961,0,0,0,0,0
2017-12-22,58.470001220703125,65.25,2.6670000553131104,29.965999603271484,93.3499984741211,10537.26953125,32.70136260986328,0,0,0,0,0
2017-12-23,58.470001220703125,65.25,2.6670000553131104,29.965999603271484,93.3499984741211,10537.26953125,32.70136260986328,0,0,0,0,0
2017-12-24,58.470001220703125,65.25,2.6670000553131104,29.965999603271484,93.3499984741211,10537.26953125,32.70136260986328,0,0,0,0,0
2017-12-25,58.470001220703125,65.25,2.6670000553131104,29.878999710083008,93.3499984741211,10522.490234375,32.70136260986328,0,0,0,0,0
2017-12-26,59.970001220703125,67.0199966430664,2.6429998874664307,29.900999069213867,93.26000213623047,10421.91015625,32.1402473449707,0,0,0,0,0
2017-12-27,59.63999938964844,66.44000244140625,2.73799991607666,29.934999465942383,93.02999877929688,10486.669921875,32.247520446777344,0,0,0,0,0
2017-12-28,59.84000015258789,66.72000122070312,2.9140000343322754,29.934999465942383,92.5999984741211,10567.6396484375,32.79212951660156,0,0,0,0,0
2017-12-29,60.41999816894531,66.5999984741211,2.953000068664551,29.80900001525879,92.12000274658203,10642.8603515625,32.717864990234375,0,0,0,0,0
2017-12-30,60.41999816894531,66.5999984741211,2.953000068664551,29.80900001525879,92.12000274658203,10642.8603515625,32.717864990234375,0,0,0,0,0
2017-12-31,60.41999816894531,66.5999984741211,2.953000068664551,29.80900001525879,92.12000274658203,10642.8603515625,32.717864990234375,0,0,0,0,0
2018-01-01,60.41999816894531,66.5999984741211,2.953000068664551,29.650999069213867,92.12000274658203,10642.8603515625,32.717864990234375,0,0,0,0,0
2018-01-02,60.369998931884766,66.56999969482422,3.055999994277954,29.773000717163086,91.8499984741211,10710.73046875,33.84833526611328,0,0,0,0,0
2018-01-03,61.630001068115234,67.83999633789062,3.007999897003174,29.621999740600586,92.16000366210938,10801.5703125,34.4177131652832,0,0,0,0,0
2018-01-04,62.0099983215332,68.06999969482422,2.880000114440918,29.593000411987305,91.8499984741211,10848.6298828125,34.23617172241211,0,0,0,0,0
2018-01-05,61.439998626708984,67.62000274658203,2.7950000762939453,29.56999969482422,91.94999694824219,10879.7998046875,35.03657913208008,0,0,0,0,0
2018-01-06,61.439998626708984,67.62000274658203,2.7950000762939453,29.56999969482422,91.94999694824219,10879.7998046875,35.03657913208008,0,0,0,0,0
2018-01-07,61.439998626708984,67.62000274658203,2.7950000762939453,29.56999969482422,91.94999694824219,10879.7998046875,35.03657913208008,0,0,0,0,0
2018-01-08,61.72999954223633,67.77999877929688,2.8350000381469727,29.466999053955078,92.33000183105469,10915.75,35.020076751708984,0,0,0,0,0
2018-01-09,62.959999084472656,68.81999969482422,2.9230000972747803,29.503000259399414,92.52999877929688,10914.8896484375,34.8055419921875,0,0,0,0,0
2018-01-10,63.56999969482422,69.19999694824219,2.9059998989105225,29.51799964904785,92.33000183105469,10831.08984375,34.07939529418945,0,0,0,0,0
2018-01-11,63.79999923706055,69.26000213623047,3.0840001106262207,29.59600067138672,91.8499984741211,10810.0595703125,33.85660171508789,0,0,0,0,0
2018-01-12,64.30000305175781,69.87000274658203,3.200000047683716,29.58799934387207,90.97000122070312,10883.9599609375,33.98862075805664,0,0,0,0,0
2018-01-13,64.30000305175781,69.87000274658203,3.200000047683716,29.58799934387207,90.97000122070312,10883.9599609375,33.98862075805664,0,0,0,0,0
2018-01-14,64.30000305175781,69.87000274658203,3.200000047683716,29.58799934387207,90.97000122070312,10883.9599609375,33.98862075805664,0,0,0,0,0
2018-01-15,64.30000305175781,69.87000274658203,3.200000047683716,29.58300018310547,90.97000122070312,10956.3095703125,33.98862075805664,0,0,0,0,0
2018-01-16,63.72999954223633,69.1500015258789,3.128999948501587,29.523000717163086,90.38999938964844,10986.1103515625,34.846805572509766,0,0,0,0,0
2018-01-17,63.970001220703125,69.37999725341797,3.2320001125335693,29.549999237060547,90.54000091552734,11004.7998046875,35.58945083618164,0,0,0,0,0
2018-01-18,63.95000076293945,69.30999755859375,3.188999891281128,29.555999755859375,90.5,11071.5703125,36.77768325805664,0,0,0,0,0
2018-01-19,63.369998931884766,68.61000061035156,3.184999942779541,29.542999267578125,90.56999969482422,11150.849609375,36.86019515991211,0,0,0,0,0
2018-01-20,63.369998931884766,68.61000061035156,3.184999942779541,29.542999267578125,90.56999969482422,11150.849609375,36.86019515991211,0,0,0,0,0
2018-01-21,63.369998931884766,68.61000061035156,3.184999942779541,29.542999267578125,90.56999969482422,11150.849609375,36.86019515991211,0,0,0,0,0
2018-01-22,63.4900016784668,69.02999877929688,3.2239999771118164,29.36400032043457,90.4000015258789,11231.4599609375,38.271244049072266,0,0,0,0,0
2018-01-23,64.47000122070312,69.95999908447266,3.444000005722046,29.261999130249023,90.12000274658203,11253.1103515625,38.188720703125,0,0,0,0,0
2018-01-24,65.61000061035156,70.52999877929688,3.509000062942505,29.26799964904785,89.20999908447266,11152.16015625,37.404823303222656,0,0,0,0,0
2018-01-25,65.51000213623047,70.41999816894531,3.447000026702881,29.08799934387207,89.38999938964844,11165.9501953125,37.21502685546875,0,0,0,0,0
2018-01-26,66.13999938964844,70.5199966430664,3.505000114440918,29.06399917602539,89.06999969482422,11147.099609375,37.726627349853516,0,0,0,0,0
2018-01-27,66.13999938964844,70.5199966430664,3.505000114440918,29.06399917602539,89.06999969482422,11147.099609375,37.726627349853516,0,0,0,0,0
2018-01-28,66.13999938964844,70.5199966430664,3.505000114440918,29.06399917602539,89.06999969482422,11147.099609375,37.726627349853516,0,0,0,0,0
2018-01-29,65.55999755859375,69.45999908447266,3.63100004196167,29.097999572753906,89.30999755859375,11221.8095703125,37.46257781982422,0,0,0,0,0
2018-01-30,64.5,69.0199966430664,3.194999933242798,29.131000518798828,89.19000244140625,11076.7802734375,37.03349304199219,0,0,0,0,0
2018-01-31,64.7300033569336,69.05000305175781,2.994999885559082,29.219999313354492,89.12999725341797,11103.7900390625,37.388309478759766,0,0,0,0,0
2018-02-01,65.80000305175781,69.08000183105469,2.8559999465942383,29.142000198364258,88.66999816894531,11160.25,37.503841400146484,0,0,0,0,0
2018-02-02,65.44999694824219,68.58000183105469,2.8459999561309814,29.187000274658203,89.19999694824219,11126.23046875,36.72817611694336,0,0,0,0,0
2018-02-03,65.44999694824219,68.58000183105469,2.8459999561309814,29.187000274658203,89.19999694824219,11126.23046875,36.72817611694336,0,0,0,0,0
2018-02-04,65.44999694824219,68.58000183105469,2.8459999561309814,29.187000274658203,89.19999694824219,11126.23046875,36.72817611694336,0,0,0,0,0
2018-02-05,64.1500015258789,67.62000274658203,2.746999979019165,29.34600067138672,89.55000305175781,10946.25,35.44091796875,0,0,0,0,0
2018-02-06,63.38999938964844,66.86000061035156,2.759000062942505,29.301000595092773,89.58999633789062,10404.0,35.96900939941406,0,0,0,0,0
2018-02-07,61.790000915527344,65.51000213623047,2.7019999027252197,29.375,90.26000213623047,10551.5400390625,34.557987213134766,0,0,0,0,0
2018-02-08,61.150001525878906,64.80999755859375,2.697000026702881,29.263999938964844,90.2300033569336,10528.51953125,33.30373764038086,0,0,0,0,0
2018-02-09,59.20000076293945,62.790000915527344,2.5840001106262207,29.368999481201172,90.44000244140625,10371.75,34.21968078613281,0,0,0,0,0
2018-02-10,59.20000076293945,62.790000915527344,2.5840001106262207,29.368999481201172,90.44000244140625,10371.75,34.21968078613281,0,0,0,0,0
2018-02-11,59.20000076293945,62.790000915527344,2.5840001106262207,29.368999481201172,90.44000244140625,10371.75,34.21968078613281,0,0,0,0,0
2018-02-12,59.290000915527344,62.59000015258789,2.552000045776367,29.305999755859375,90.20999908447266,10421.08984375,35.09435272216797,0,0,0,0,0
2018-02-13,59.189998626708984,62.720001220703125,2.5940001010894775,29.395999908447266,89.69999694824219,10421.08984375,34.97056579589844,0,0,0,0,0
2018-02-14,60.599998474121094,64.36000061035156,2.5869998931884766,29.339000701904297,89.12000274658203,10421.08984375,35.52342987060547,0,0,0,0,0
2018-02-15,61.34000015258789,64.33000183105469,2.5799999237060547,29.13599967956543,88.58999633789062,10421.08984375,35.9112548828125,0,0,0,0,0
2018-02-16,61.68000030517578,64.83999633789062,2.558000087738037,28.941999435424805,89.0999984741211,10421.08984375,35.87825393676758,0,0,0,0,0
2018-02-17,61.68000030517578,64.83999633789062,2.558000087738037,28.941999435424805,89.0999984741211,10421.08984375,35.87825393676758,0,0,0,0,0
2018-02-18,61.68000030517578,64.83999633789062,2.558000087738037,28.941999435424805,89.0999984741211,10421.08984375,35.87825393676758,0,0,0,0,0
2018-02-19,61.68000030517578,64.83999633789062,2.558000087738037,29.06100082397461,89.0999984741211,10421.08984375,35.87825393676758,0,0,0,0,0
2018-02-20,61.900001525878906,65.25,2.615999937057495,29.02199935913086,89.72000122070312,10421.08984375,36.092796325683594,0,0,0,0,0
2018-02-21,61.68000030517578,65.41999816894531,2.6589999198913574,29.319000244140625,90.08000183105469,10714.4404296875,35.39141082763672,0,0,0,0,0
2018-02-22,62.77000045776367,66.38999938964844,2.634000062942505,29.218000411987305,89.75,10662.3798828125,34.97882080078125,0,0,0,0,0
2018-02-23,63.54999923706055,67.30999755859375,2.625,29.2810001373291,89.87999725341797,10794.5498046875,36.224830627441406,0,0,0,0,0
2018-02-24,63.54999923706055,67.30999755859375,2.625,29.2810001373291,89.87999725341797,10794.5498046875,36.224830627441406,0,0,0,0,0
2018-02-25,63.54999923706055,67.30999755859375,2.625,29.2810001373291,89.87999725341797,10794.5498046875,36.224830627441406,0,0,0,0,0
2018-02-26,63.90999984741211,67.5,2.6389999389648438,28.479000091552734,89.81999969482422,10836.7001953125,36.64566421508789,0,0,0,0,0
2018-02-27,63.0099983215332,66.62999725341797,2.683000087738037,29.20199966430664,90.36000061035156,10815.4697265625,35.9937744140625,0,0,0,0,0
2018-02-28,61.63999938964844,65.77999877929688,2.6670000553131104,29.27400016784668,90.61000061035156,10815.4697265625,35.77098083496094,0,0,0,0,0
2018-03-01,60.9900016784668,65.70999908447266,2.697999954223633,29.33300018310547,90.31999969482422,10785.7900390625,35.251129150390625,0,0,0,1,0
2018-03-02,61.25,64.37000274658203,2.694999933242798,29.288999557495117,89.94000244140625,10698.169921875,35.49042510986328,0,0,0,1,0
2018-03-03,61.25,64.37000274658203,2.694999933242798,29.288999557495117,89.94000244140625,10698.169921875,35.49042510986328,0,0,0,1,0
2018-03-04,61.25,64.37000274658203,2.694999933242798,29.288999557495117,89.94000244140625,10698.169921875,35.49042510986328,0,0,0,1,0
2018-03-05,62.56999969482422,65.54000091552734,2.7039999961853027,29.26799964904785,90.08000183105469,10642.900390625,35.886505126953125,0,0,0,1,0
2018-03-06,62.599998474121094,65.79000091552734,2.749000072479248,29.256999969482422,89.62000274658203,10784.33984375,35.92776107788086,0,0,0,1,0
2018-03-07,61.150001525878906,64.33999633789062,2.7769999504089355,29.198999404907227,89.63999938964844,10745.3203125,36.47237777709961,0,0,0,1,0
2018-03-08,60.119998931884766,63.61000061035156,2.75600004196167,29.256999969482422,90.12000274658203,10823.240234375,36.142311096191406,0,0,0,1,0
2018-03-09,62.040000915527344,65.48999786376953,2.7320001125335693,29.32900047302246,90.08999633789062,10864.8203125,36.794193267822266,0,0,0,1,0
2018-03-10,62.040000915527344,65.48999786376953,2.7320001125335693,29.32900047302246,90.08999633789062,10864.8203125,36.794193267822266,0,0,0,1,0
2018-03-11,62.040000915527344,65.48999786376953,2.7320001125335693,29.32900047302246,90.08999633789062,10864.8203125,36.794193267822266,0,0,0,1,0
2018-03-12,61.36000061035156,64.94999694824219,2.7780001163482666,29.24799919128418,89.9000015258789,11002.099609375,37.31404495239258,0,0,0,1,0
2018-03-13,60.709999084472656,64.63999938964844,2.7860000133514404,29.256000518798828,89.66000366210938,11095.6298828125,37.124263763427734,0,0,0,1,0
2018-03-14,60.959999084472656,64.88999938964844,2.7309999465942383,29.256999969482422,89.69999694824219,11038.7998046875,37.25628662109375,0,0,0,1,0
2018-03-15,61.189998626708984,65.12000274658203,2.680999994277954,29.17300033569336,90.13999938964844,11018.4501953125,37.388309478759766,0,0,0,1,0
2018-03-16,62.34000015258789,66.20999908447266,2.687999963760376,29.128000259399414,90.2300033569336,11027.7001953125,37.107757568359375,0,0,0,1,0
2018-03-17,62.34000015258789,66.20999908447266,2.687999963760376,29.128000259399414,90.2300033569336,11027.7001953125,37.107757568359375,0,0,0,1,0
2018-03-18,62.34000015258789,66.20999908447266,2.687999963760376,29.128000259399414,90.2300033569336,11027.7001953125,37.107757568359375,0,0,0,1,0
2018-03-19,62.060001373291016,66.05000305175781,2.6510000228881836,29.113000869750977,89.9000015258789,11046.900390625,36.80242919921875,0,0,0,1,0
2018-03-20,63.400001525878906,67.41999816894531,2.674999952316284,29.156999588012695,90.37000274658203,11010.83984375,36.99222946166992,0,0,0,1,0
2018-03-21,65.16999816894531,69.47000122070312,2.638000011444092,29.145000457763672,89.77999877929688,11011.0703125,36.884952545166016,0,0,0,1,0
2018-03-22,64.30000305175781,68.91000366210938,2.617000102996826,29.07200050354004,89.86000061035156,11005.83984375,36.05154037475586,0,0,0,1,0
2018-03-23,65.87999725341797,70.44999694824219,2.5910000801086426,29.177000045776367,89.44000244140625,10823.330078125,35.135597229003906,0,0,0,1,0
2018-03-24,65.87999725341797,70.44999694824219,2.5910000801086426,29.177000045776367,89.44000244140625,10823.330078125,35.135597229003906,0,0,0,1,0
2018-03-25,65.87999725341797,70.44999694824219,2.5910000801086426,29.177000045776367,89.44000244140625,10823.330078125,35.135597229003906,0,0,0,1,0
2018-03-26,65.55000305175781,70.12000274658203,2.618000030517578,29.177000045776367,89.02999877929688,10840.0498046875,36.53014373779297,0,0,0,1,0
2018-03-27,65.25,70.11000061035156,2.690999984741211,29.075000762939453,89.37000274658203,10986.7900390625,35.721466064453125,0,0,0,1,0
2018-03-28,64.37999725341797,69.52999877929688,2.697999954223633,29.177000045776367,90.05999755859375,10865.66015625,35.226375579833984,0,0,0,1,0
2018-03-29,64.94000244140625,70.2699966430664,2.7330000400543213,29.136999130249023,90.1500015258789,10845.919921875,36.10930252075195,0,0,0,1,0
2018-03-30,64.94000244140625,70.2699966430664,2.7330000400543213,29.101999282836914,90.1500015258789,10906.2197265625,36.10930252075195,0,0,0,1,0
2018-03-31,64.94000244140625,70.2699966430664,2.7330000400543213,29.101999282836914,90.1500015258789,10906.2197265625,36.10930252075195,0,0,0,1,0
2018-04-01,64.94000244140625,70.2699966430664,2.7330000400543213,29.101999282836914,90.1500015258789,10906.2197265625,36.10930252075195,0,0,0,1,0
2018-04-02,63.0099983215332,67.63999938964844,2.683000087738037,28.974000930786133,90.05000305175781,10888.26953125,35.06959533691406,0,0,0,1,0
2018-04-03,63.5099983215332,68.12000274658203,2.697000026702881,29.142000198364258,90.19999694824219,10821.5302734375,35.87825393676758,0,0,0,1,0
2018-04-04,63.369998931884766,68.0199966430664,2.7179999351501465,29.12299919128418,90.13999938964844,10821.5302734375,36.257835388183594,0,0,0,1,0
2018-04-05,63.540000915527344,68.33000183105469,2.674999952316284,29.211999893188477,90.45999908447266,10821.5302734375,35.74623489379883,0,0,0,1,0
2018-04-06,62.060001373291016,67.11000061035156,2.7009999752044678,29.238000869750977,90.11000061035156,10821.5302734375,35.003570556640625,0,0,0,1,0
2018-04-07,62.060001373291016,67.11000061035156,2.7009999752044678,29.238000869750977,90.11000061035156,10821.5302734375,35.003570556640625,0,0,0,1,0
2018-04-08,62.060001373291016,67.11000061035156,2.7009999752044678,29.238000869750977,90.11000061035156,10821.5302734375,35.003570556640625,0,0,0,1,0
2018-04-09,63.41999816894531,68.6500015258789,2.693000078201294,29.309999465942383,89.83999633789062,10893.5302734375,35.53994369506836,0,0,0,1,0
2018-04-10,65.51000213623047,71.04000091552734,2.6559998989105225,29.242000579833984,89.58999633789062,10927.1796875,35.96077346801758,0,0,0,1,0
2018-04-11,66.81999969482422,72.05999755859375,2.674999952316284,29.190000534057617,89.56999969482422,10974.01953125,35.795738220214844,0,0,0,1,0
2018-04-12,67.06999969482422,72.0199966430664,2.686000108718872,29.18600082397461,89.75,10955.2900390625,36.183563232421875,0,0,0,1,0
2018-04-13,67.38999938964844,72.58000183105469,2.734999895095825,29.284000396728516,89.80000305175781,10965.3896484375,35.193363189697266,0,0,0,1,0
2018-04-14,67.38999938964844,72.58000183105469,2.734999895095825,29.284000396728516,89.80000305175781,10965.3896484375,35.193363189697266,0,0,0,1,0
2018-04-15,67.38999938964844,72.58000183105469,2.734999895095825,29.284000396728516,89.80000305175781,10965.3896484375,35.193363189697266,0,0,0,1,0
2018-04-16,66.22000122070312,71.41999816894531,2.752000093460083,29.30900001525879,89.43000030517578,10954.5498046875,35.37489700317383,0,0,0,1,0
2018-04-17,66.5199966430664,71.58000183105469,2.73799991607666,29.34600067138672,89.5199966430664,10810.4501953125,34.91281509399414,0,0,0,1,0
2018-04-18,68.47000122070312,73.4800033569336,2.739000082015991,29.374000549316406,89.62000274658203,10847.8896484375,34.59098815917969,0,0,0,1,0
2018-04-19,68.29000091552734,73.77999877929688,2.6600000858306885,29.280000686645508,89.94000244140625,10971.2197265625,32.61884689331055,0,0,0,1,0
2018-04-20,68.37999725341797,74.05999755859375,2.739000082015991,29.382999420166016,90.31999969482422,10779.3798828125,32.1402473449707,0,0,0,1,0
2018-04-21,68.37999725341797,74.05999755859375,2.739000082015991,29.382999420166016,90.31999969482422,10779.3798828125,32.1402473449707,0,0,0,1,0
2018-04-22,68.37999725341797,74.05999755859375,2.739000082015991,29.382999420166016,90.31999969482422,10779.3798828125,32.1402473449707,0,0,0,1,0
2018-04-23,68.63999938964844,74.70999908447266,2.740000009536743,29.468000411987305,90.94000244140625,10697.1298828125,31.9752254486084,0,0,0,1,0
2018-04-24,67.69999694824219,73.86000061035156,2.7809998989105225,29.597999572753906,90.7699966430664,10579.5,31.9752254486084,0,0,0,1,0
2018-04-25,68.05000305175781,74.0,2.7860000133514404,29.61199951171875,91.16999816894531,10559.9697265625,31.496620178222656,0,0,0,1,0
2018-04-26,68.19000244140625,74.73999786376953,2.821000099182129,29.67799949645996,91.55999755859375,10488.580078125,31.496620178222656,0,0,0,1,0
2018-04-27,68.0999984741211,74.63999938964844,2.7709999084472656,29.632999420166016,91.54000091552734,10553.4296875,31.496620178222656,0,0,0,1,0
2018-04-28,68.0999984741211,74.63999938964844,2.7709999084472656,29.632999420166016,91.54000091552734,10553.4296875,31.496620178222656,0,0,0,1,0
2018-04-29,68.0999984741211,74.63999938964844,2.7709999084472656,29.632999420166016,91.54000091552734,10553.4296875,31.496620178222656,0,0,0,1,0
2018-04-30,68.56999969482422,75.16999816894531,2.763000011444092,29.540000915527344,91.83999633789062,10657.8798828125,31.727664947509766,0,0,0,1,0
2018-05-01,67.25,75.16999816894531,2.802000045776367,29.625999450683594,92.44999694824219,10657.8798828125,32.12376022338867,0,0,0,1,0
2018-05-02,67.93000030517578,73.36000061035156,2.753999948501587,29.69700050354004,92.51000213623047,10618.8095703125,31.150054931640625,0,0,0,1,0
2018-05-03,68.43000030517578,73.62000274658203,2.7260000705718994,29.773000717163086,92.41000366210938,10514.1796875,31.438858032226562,0,0,0,1,0
2018-05-04,69.72000122070312,74.87000274658203,2.7109999656677246,29.667999267578125,92.56999969482422,10529.3701171875,31.843191146850586,0,0,0,1,0
2018-05-05,69.72000122070312,74.87000274658203,2.7109999656677246,29.667999267578125,92.56999969482422,10529.3701171875,31.843191146850586,0,0,0,1,0
2018-05-06,69.72000122070312,74.87000274658203,2.7109999656677246,29.667999267578125,92.56999969482422,10529.3701171875,31.843191146850586,0,0,0,1,0
2018-05-07,70.7300033569336,76.16999816894531,2.740999937057495,29.673999786376953,92.75,10604.91015625,31.727664947509766,0,0,0,1,0
2018-05-08,69.05999755859375,74.8499984741211,2.7320001125335693,29.812999725341797,93.12000274658203,10691.3798828125,32.330039978027344,0,0,0,1,0
2018-05-09,71.13999938964844,77.20999908447266,2.736999988555908,29.804000854492188,93.04000091552734,10703.349609375,32.47031784057617,0,0,0,1,0
2018-05-10,71.36000061035156,77.47000122070312,2.813999891281128,29.884000778198242,92.6500015258789,10760.2099609375,32.816890716552734,0,0,0,1,0
2018-05-11,70.69999694824219,77.12000274658203,2.805999994277954,29.70199966430664,92.54000091552734,10858.98046875,32.932403564453125,0,0,0,1,0
2018-05-12,70.69999694824219,77.12000274658203,2.805999994277954,29.70199966430664,92.54000091552734,10858.98046875,32.932403564453125,0,0,0,1,0
2018-05-13,70.69999694824219,77.12000274658203,2.805999994277954,29.70199966430664,92.54000091552734,10858.98046875,32.932403564453125,0,0,0,1,0
2018-05-14,70.95999908447266,78.2300033569336,2.8420000076293945,29.667999267578125,92.58999633789062,10952.3896484375,32.965415954589844,0,0,0,1,0
2018-05-15,71.30999755859375,78.43000030517578,2.8359999656677246,29.79400062561035,93.22000122070312,10874.73046875,32.42906188964844,0,0,0,1,0
2018-05-16,71.48999786376953,79.27999877929688,2.815000057220459,29.885000228881836,93.38999938964844,10897.5703125,32.83338165283203,0,0,0,1,0
2018-05-17,71.48999786376953,79.30000305175781,2.8589999675750732,29.80900001525879,93.47000122070312,10833.8095703125,32.14849853515625,0,0,0,1,0
2018-05-18,71.27999877929688,78.51000213623047,2.8469998836517334,29.895000457763672,93.63999938964844,10830.83984375,31.702909469604492,0,0,0,1,0
2018-05-19,71.27999877929688,78.51000213623047,2.8469998836517334,29.895000457763672,93.63999938964844,10830.83984375,31.702909469604492,0,0,0,1,0
2018-05-20,71.27999877929688,78.51000213623047,2.8469998836517334,29.895000457763672,93.63999938964844,10830.83984375,31.702909469604492,0,0,0,1,0
2018-05-21,72.23999786376953,79.22000122070312,2.809999942779541,29.926000595092773,93.68000030517578,10966.2001953125,32.569339752197266,0,0,0,1,0
2018-05-22,72.12999725341797,79.56999969482422,2.9079999923706055,29.91900062561035,93.61000061035156,10938.73046875,32.7096061706543,0,0,0,1,0
2018-05-23,71.83999633789062,79.80000305175781,2.9140000343322754,29.83300018310547,94.01000213623047,10886.1796875,32.717864990234375,0,0,0,1,0
2018-05-24,70.70999908447266,78.79000091552734,2.940000057220459,29.913999557495117,93.77999877929688,10936.9296875,32.40430450439453,0,0,0,1,0
2018-05-25,67.87999725341797,76.44000244140625,2.938999891281128,29.91200065612793,94.19000244140625,10942.2998046875,32.42906188964844,0,0,0,1,0
2018-05-26,67.87999725341797,76.44000244140625,2.938999891281128,29.91200065612793,94.19000244140625,10942.2998046875,32.42906188964844,0,0,0,1,0
2018-05-27,67.87999725341797,76.44000244140625,2.938999891281128,29.91200065612793,94.19000244140625,10942.2998046875,32.42906188964844,0,0,0,1,0
2018-05-28,67.87999725341797,76.44000244140625,2.938999891281128,29.94499969482422,94.19000244140625,10987.76953125,32.42906188964844,0,0,0,1,0
2018-05-29,66.7300033569336,75.38999938964844,2.875,29.893999099731445,94.83000183105469,10964.1201171875,31.488370895385742,0,0,0,1,0
2018-05-30,68.20999908447266,77.5,2.884999990463257,30.059999465942383,94.1500015258789,10821.169921875,31.636898040771484,0,0,0,1,0
2018-05-31,67.04000091552734,77.58999633789062,2.9519999027252197,29.895999908447266,93.98999786376953,10874.9599609375,31.933963775634766,0,0,0,1,0
2018-06-01,65.80999755859375,77.58999633789062,2.9619998931884766,29.969999313354492,94.19000244140625,10949.080078125,32.34654235839844,0,0,0,1,0
2018-06-02,65.80999755859375,77.58999633789062,2.9619998931884766,29.969999313354492,94.19000244140625,10949.080078125,32.34654235839844,0,0,0,1,0
2018-06-03,65.80999755859375,77.58999633789062,2.9619998931884766,29.969999313354492,94.19000244140625,10949.080078125,32.34654235839844,0,0,0,1,0
2018-06-04,64.75,75.29000091552734,2.930000066757202,29.804000854492188,94.0199966430664,11109.5,32.98191833496094,0,0,0,1,0
2018-06-05,65.5199966430664,75.37999725341797,2.890000104904175,29.64299964904785,93.88999938964844,11100.1103515625,32.62710189819336,0,0,0,1,0
2018-06-06,64.7300033569336,75.36000061035156,2.8959999084472656,29.799999237060547,93.66000366210938,11201.830078125,32.64360046386719,0,0,0,1,0
2018-06-07,65.94999694824219,77.31999969482422,2.930000066757202,29.677000045776367,93.4000015258789,11251.75,32.610591888427734,0,0,0,1,0
2018-06-08,65.73999786376953,76.45999908447266,2.890000104904175,29.756999969482422,93.55000305175781,11156.419921875,32.12376022338867,0,0,0,1,0
2018-06-09,65.73999786376953,76.45999908447266,2.890000104904175,29.756999969482422,93.55000305175781,11156.419921875,32.12376022338867,0,0,0,1,0
2018-06-10,65.73999786376953,76.45999908447266,2.890000104904175,29.756999969482422,93.55000305175781,11156.419921875,32.12376022338867,0,0,0,1,0
2018-06-11,66.0999984741211,76.45999908447266,2.9489998817443848,29.836000442504883,93.58000183105469,11149.23046875,31.983461380004883,0,0,0,1,0
2018-06-12,66.36000061035156,75.87999725341797,2.938999891281128,29.81599998474121,93.80000305175781,11144.7900390625,32.34654235839844,0,0,0,1,0
2018-06-13,66.63999938964844,76.73999786376953,2.9630000591278076,29.801000595092773,93.70999908447266,11173.2099609375,32.22275924682617,0,0,0,1,0
2018-06-14,66.88999938964844,75.94000244140625,2.9649999141693115,29.805999755859375,94.7699966430664,11013.98046875,31.8514347076416,0,0,0,1,0
2018-06-15,65.05999755859375,73.44000244140625,3.0220000743865967,29.878999710083008,94.79000091552734,11087.4697265625,31.925703048706055,0,0,0,1,0
2018-06-16,65.05999755859375,73.44000244140625,3.0220000743865967,29.878999710083008,94.79000091552734,11087.4697265625,31.925703048706055,0,0,0,1,0
2018-06-17,65.05999755859375,73.44000244140625,3.0220000743865967,29.878999710083008,94.79000091552734,11087.4697265625,31.925703048706055,0,0,0,1,0
2018-06-18,65.8499984741211,75.33999633789062,2.9509999752044678,30.131999969482422,94.75,11087.4697265625,31.562631607055664,0,0,0,1,0
2018-06-19,65.06999969482422,75.08000183105469,2.9000000953674316,30.159000396728516,95.08999633789062,10904.1904296875,30.993267059326172,0,0,0,1,0
2018-06-20,66.22000122070312,74.73999786376953,2.9639999866485596,30.176000595092773,95.05999755859375,10927.4404296875,31.64514923095703,0,0,0,1,0
2018-06-21,65.54000091552734,73.05000305175781,2.9749999046325684,30.16200065612793,94.87000274658203,10941.0703125,31.042768478393555,0,0,0,1,0
2018-06-22,68.58000183105469,75.55000305175781,2.944999933242798,30.319000244140625,94.5199966430664,10899.2802734375,31.455360412597656,0,0,0,1,0
2018-06-23,68.58000183105469,75.55000305175781,2.944999933242798,30.319000244140625,94.5199966430664,10899.2802734375,31.455360412597656,0,0,0,1,0
2018-06-24,68.58000183105469,75.55000305175781,2.944999933242798,30.319000244140625,94.5199966430664,10899.2802734375,31.455360412597656,0,0,0,1,0
2018-06-25,68.08000183105469,74.7300033569336,2.9230000972747803,30.29800033569336,94.27999877929688,10786.4599609375,31.228689193725586,0,0,0,1,0
2018-06-26,70.52999877929688,76.30999755859375,2.938999891281128,30.341999053955078,94.68000030517578,10742.169921875,31.18592643737793,0,0,0,1,0
2018-06-27,72.76000213623047,77.62000274658203,2.996000051498413,30.406999588012695,95.29000091552734,10701.0302734375,30.373348236083984,0,0,0,1,0
2018-06-28,73.44999694824219,77.8499984741211,2.940000057220459,30.493000030517578,95.38999938964844,10654.2802734375,30.741140365600586,0,0,0,1,0
2018-06-29,74.1500015258789,79.44000244140625,2.9240000247955322,30.569000244140625,94.62999725341797,10836.91015625,31.271467208862305,0,0,0,1,0
2018-06-30,74.1500015258789,79.44000244140625,2.9240000247955322,30.569000244140625,94.62999725341797,10836.91015625,31.271467208862305,0,0,0,1,0
2018-07-01,74.1500015258789,79.44000244140625,2.9240000247955322,30.569000244140625,94.62999725341797,10836.91015625,31.271467208862305,0,0,0,1,0
2018-07-02,73.94000244140625,77.30000305175781,2.861999988555908,30.464000701904297,94.87000274658203,10777.9404296875,31.254358291625977,0,0,0,1,0
2018-07-03,74.13999938964844,77.76000213623047,2.869999885559082,30.53499984741211,94.58999633789062,10715.7197265625,31.126049041748047,0,0,0,1,0
2018-07-04,74.13999938964844,77.76000213623047,2.869999885559082,30.51099967956543,94.58999633789062,10721.8701171875,31.126049041748047,0,0,0,1,0
2018-07-05,72.94000244140625,77.38999938964844,2.8369998931884766,30.506999969482422,94.47000122070312,10611.8095703125,31.2971248626709,0,0,0,1,0
2018-07-06,73.80000305175781,77.11000061035156,2.8580000400543213,30.509000778198242,94.04000091552734,10608.5703125,31.878767013549805,0,0,0,1,0
2018-07-07,73.80000305175781,77.11000061035156,2.8580000400543213,30.509000778198242,94.04000091552734,10608.5703125,31.878767013549805,0,0,0,1,0
2018-07-08,73.80000305175781,77.11000061035156,2.8580000400543213,30.509000778198242,94.04000091552734,10608.5703125,31.878767013549805,0,0,0,1,0
2018-07-09,73.8499984741211,78.06999969482422,2.828000068664551,30.42799949645996,94.08000183105469,10720.2802734375,32.35776138305664,0,0,0,1,0
2018-07-10,74.11000061035156,78.86000061035156,2.7880001068115234,30.30900001525879,94.11000061035156,10756.8896484375,32.443294525146484,0,0,0,1,0
2018-07-11,70.37999725341797,73.4000015258789,2.8289999961853027,30.399999618530273,94.72000122070312,10676.83984375,31.622159957885742,0,0,0,1,0
2018-07-12,70.33000183105469,74.44999694824219,2.796999931335449,30.645000457763672,94.80999755859375,10738.3798828125,31.91297149658203,0,0,0,1,0
2018-07-13,71.01000213623047,75.33000183105469,2.752000093460083,30.479000091552734,94.75,10864.5400390625,32.30642318725586,0,0,0,1,0
2018-07-14,71.01000213623047,75.33000183105469,2.752000093460083,30.479000091552734,94.75,10864.5400390625,32.30642318725586,0,0,0,1,0
2018-07-15,71.01000213623047,75.33000183105469,2.752000093460083,30.479000091552734,94.75,10864.5400390625,32.30642318725586,0,0,0,1,0
2018-07-16,68.05999755859375,71.83999633789062,2.759000062942505,30.56599998474121,94.51000213623047,10817.4501953125,32.32353210449219,0,0,0,1,0
2018-07-17,68.08000183105469,72.16000366210938,2.740000009536743,30.469999313354492,94.97000122070312,10778.990234375,32.53736877441406,0,0,0,1,0
2018-07-18,68.76000213623047,72.9000015258789,2.7209999561309814,30.485000610351562,95.08000183105469,10842.4599609375,32.85385513305664,0,0,0,1,0
2018-07-19,69.45999908447266,72.58000183105469,2.7690000534057617,30.559999465942383,95.16999816894531,10835.3798828125,34.05134201049805,0,0,0,1,0
2018-07-20,70.45999908447266,73.06999969482422,2.756999969482422,30.670000076293945,94.45999908447266,10932.1103515625,34.838253021240234,0,0,0,1,0
2018-07-21,70.45999908447266,73.06999969482422,2.756999969482422,30.670000076293945,94.45999908447266,10932.1103515625,34.838253021240234,0,0,0,1,0
2018-07-22,70.45999908447266,73.06999969482422,2.756999969482422,30.670000076293945,94.45999908447266,10932.1103515625,34.838253021240234,0,0,0,1,0
2018-07-23,67.88999938964844,73.05999755859375,2.7209999561309814,30.570999145507812,94.66999816894531,10946.8896484375,34.8468132019043,0,0,0,1,0
2018-07-24,68.5199966430664,73.44000244140625,2.7320001125335693,30.56999969482422,94.61000061035156,10995.3896484375,34.54744338989258,0,0,0,1,0
2018-07-25,69.30000305175781,73.93000030517578,2.7750000953674316,30.618999481201172,94.36000061035156,10965.7900390625,34.9751091003418,0,0,0,1,0
2018-07-26,69.61000061035156,74.54000091552734,2.7799999713897705,30.398000717163086,94.75,11010.6103515625,34.91523361206055,0,0,0,1,0
2018-07-27,68.69000244140625,74.29000091552734,2.822000026702881,30.60300064086914,94.68000030517578,11075.7802734375,35.454105377197266,0,0,0,1,0
2018-07-28,68.69000244140625,74.29000091552734,2.822000026702881,30.60300064086914,94.68000030517578,11075.7802734375,35.454105377197266,0,0,0,1,0
2018-07-29,68.69000244140625,74.29000091552734,2.822000026702881,30.60300064086914,94.68000030517578,11075.7802734375,35.454105377197266,0,0,0,1,0
2018-07-30,70.12999725341797,74.97000122070312,2.796999931335449,30.55500030517578,94.36000061035156,11033.5400390625,35.146175384521484,0,0,0,1,0
2018-07-31,68.76000213623047,74.25,2.7820000648498535,30.57200050354004,94.48999786376953,11057.509765625,35.248817443847656,0,0,0,1,0
2018-08-01,67.66000366210938,74.25,2.757999897003174,30.570999145507812,94.62000274658203,11098.1298828125,35.67649841308594,0,0,0,1,0
2018-08-02,68.95999908447266,73.44999694824219,2.815999984741211,30.621000289916992,95.16999816894531,10929.76953125,35.53963851928711,0,0,0,1,0
2018-08-03,68.48999786376953,73.20999908447266,2.8529999256134033,30.667999267578125,95.13999938964844,11012.4296875,35.65938186645508,0,0,0,1,0
2018-08-04,68.48999786376953,73.20999908447266,2.8529999256134033,30.667999267578125,95.13999938964844,11012.4296875,35.65938186645508,0,0,0,1,0
2018-08-05,68.48999786376953,73.20999908447266,2.8529999256134033,30.667999267578125,95.13999938964844,11012.4296875,35.65938186645508,0,0,0,1,0
2018-08-06,69.01000213623047,73.75,2.859999895095825,30.572999954223633,95.36000061035156,11024.099609375,35.12907409667969,0,0,0,1,0
2018-08-07,69.16999816894531,74.6500015258789,2.8970000743865967,30.57200050354004,95.22000122070312,10983.4404296875,35.27448654174805,0,0,0,1,0
2018-08-08,66.94000244140625,72.27999877929688,2.9489998817443848,30.466999053955078,95.0999984741211,11075.25,35.89888381958008,0,0,0,1,0
2018-08-09,66.80999755859375,72.06999969482422,2.9549999237060547,30.572999954223633,95.5,11028.0703125,35.787689208984375,0,0,0,1,0
2018-08-10,67.62999725341797,72.80999755859375,2.944000005722046,30.591999053955078,96.36000061035156,10983.6796875,35.09486389160156,0,0,0,1,0
2018-08-11,67.62999725341797,72.80999755859375,2.944000005722046,30.591999053955078,96.36000061035156,10983.6796875,35.09486389160156,0,0,0,1,0
2018-08-12,67.62999725341797,72.80999755859375,2.944000005722046,30.591999053955078,96.36000061035156,10983.6796875,35.09486389160156,0,0,0,1,0
2018-08-13,67.19999694824219,72.61000061035156,2.930000066757202,30.731000900268555,96.38999938964844,10748.919921875,34.821136474609375,0,0,0,1,0
2018-08-14,67.04000091552734,72.45999908447266,2.9590001106262207,30.847999572753906,96.7300033569336,10824.23046875,34.99220657348633,0,0,0,1,0
2018-08-15,65.01000213623047,70.76000213623047,2.940000057220459,30.809999465942383,96.69999694824219,10716.75,34.598751068115234,0,0,0,1,0
2018-08-16,65.45999908447266,71.43000030517578,2.9079999923706055,30.826000213623047,96.6500015258789,10683.900390625,34.56454086303711,0,0,0,1,0
2018-08-17,65.91000366210938,71.83000183105469,2.946000099182129,30.743999481201172,96.0999984741211,10690.9599609375,34.325050354003906,0,0,0,1,0
2018-08-18,65.91000366210938,71.83000183105469,2.946000099182129,30.743999481201172,96.0999984741211,10690.9599609375,34.325050354003906,0,0,0,1,0
2018-08-19,65.91000366210938,71.83000183105469,2.946000099182129,30.743999481201172,96.0999984741211,10690.9599609375,34.325050354003906,0,0,0,1,0
2018-08-20,66.43000030517578,72.20999908447266,2.940999984741211,30.655000686645508,95.9000015258789,10699.0498046875,34.299381256103516,0,0,0,1,0
2018-08-21,67.3499984741211,72.62999725341797,2.9800000190734863,30.70599937438965,95.26000213623047,10792.2001953125,34.9751091003418,0,0,0,1,0
2018-08-22,67.86000061035156,74.77999877929688,2.9560000896453857,30.631000518798828,95.1500015258789,10804.2001953125,34.98366928100586,0,0,0,1,0
2018-08-23,67.83000183105469,74.7300033569336,2.9639999866485596,30.66699981689453,95.62000274658203,10863.1298828125,34.79548645019531,0,0,0,1,0
2018-08-24,68.72000122070312,75.81999969482422,2.9170000553131104,30.812999725341797,95.1500015258789,10809.349609375,35.27448654174805,0,0,0,1,0
2018-08-25,68.72000122070312,75.81999969482422,2.9170000553131104,30.812999725341797,95.1500015258789,10809.349609375,35.27448654174805,0,0,0,1,0
2018-08-26,68.72000122070312,75.81999969482422,2.9170000553131104,30.812999725341797,95.1500015258789,10809.349609375,35.27448654174805,0,0,0,1,0
2018-08-27,68.87000274658203,76.20999908447266,2.875999927520752,30.65999984741211,94.77999877929688,10902.2099609375,35.52252960205078,0,0,0,1,0
2018-08-28,68.52999877929688,75.94999694824219,2.8519999980926514,30.677000045776367,94.72000122070312,10989.5498046875,36.223915100097656,0,0,0,1,0
2018-08-29,69.51000213623047,77.13999938964844,2.8949999809265137,30.589000701904297,94.5999984741211,11099.5703125,37.746421813964844,0,0,0,1,0
2018-08-30,70.25,77.7699966430664,2.874000072479248,30.61199951171875,94.72000122070312,11093.75,37.17335891723633,0,0,0,1,0
2018-08-31,69.80000305175781,77.41999816894531,2.9159998893737793,30.683000564575195,95.13999938964844,11063.9404296875,37.2931022644043,0,0,0,1,0
2018-09-01,69.80000305175781,77.41999816894531,2.9159998893737793,30.683000564575195,95.13999938964844,11063.9404296875,37.2931022644043,0,0,0,1,0
2018-09-02,69.80000305175781,77.41999816894531,2.9159998893737793,30.683000564575195,95.13999938964844,11063.9404296875,37.2931022644043,0,0,0,1,0
2018-09-03,69.80000305175781,77.41999816894531,2.9159998893737793,30.66900062561035,95.13999938964844,10964.2197265625,37.2931022644043,0,0,0,1,0
2018-09-04,69.87000274658203,78.16999816894531,2.822999954223633,30.729999542236328,95.41999816894531,11021.3798828125,37.72932052612305,0,0,0,1,0
2018-09-05,68.72000122070312,77.2699966430664,2.7950000762939453,30.714000701904297,95.12999725341797,10995.1298828125,37.82341766357422,0,0,0,1,0
2018-09-06,67.7699966430664,76.5,2.7720000743865967,30.72800064086914,95.0199966430664,10924.2998046875,37.678009033203125,0,0,0,1,0
2018-09-07,67.75,76.83000183105469,2.7760000228881836,30.784000396728516,95.37000274658203,10846.990234375,38.38794708251953,0,0,0,1,0
2018-09-08,67.75,76.83000183105469,2.7760000228881836,30.784000396728516,95.37000274658203,10846.990234375,38.38794708251953,0,0,0,1,0
2018-09-09,67.75,76.83000183105469,2.7760000228881836,30.784000396728516,95.37000274658203,10846.990234375,38.38794708251953,0,0,0,1,0
2018-09-10,67.54000091552734,77.37000274658203,2.803999900817871,30.80500030517578,95.1500015258789,10725.7998046875,38.16555404663086,0,0,0,1,0
2018-09-11,69.25,79.05999755859375,2.828000068664551,30.781999588012695,95.05999755859375,10752.2998046875,38.10567855834961,0,0,0,1,0
2018-09-12,70.37000274658203,79.73999786376953,2.8289999961853027,30.742000579833984,94.80000305175781,10722.5703125,37.583919525146484,0,0,0,1,0
2018-09-13,68.58999633789062,78.18000030517578,2.816999912261963,30.718000411987305,94.54000091552734,10727.23046875,37.14768981933594,0,0,0,1,0
2018-09-14,68.98999786376953,78.08999633789062,2.7669999599456787,30.69700050354004,94.9800033569336,10868.1396484375,37.98593521118164,0,0,0,1,0
2018-09-15,68.98999786376953,78.08999633789062,2.7669999599456787,30.69700050354004,94.9800033569336,10868.1396484375,37.98593521118164,0,0,0,1,0
2018-09-16,68.98999786376953,78.08999633789062,2.7669999599456787,30.69700050354004,94.9800033569336,10868.1396484375,37.98593521118164,0,0,0,1,0
2018-09-17,68.91000366210938,78.05000305175781,2.813999891281128,30.756999969482422,94.51000213623047,10828.6103515625,37.429954528808594,0,0,0,1,0
2018-09-18,69.8499984741211,79.02999877929688,2.933000087738037,30.798999786376953,94.62000274658203,10760.2099609375,37.258888244628906,0,0,0,1,0
2018-09-19,71.12000274658203,79.4000015258789,2.9079999923706055,30.7189998626709,94.55000305175781,10857.26953125,37.65234375,0,0,0,1,0
2018-09-20,70.80000305175781,78.69999694824219,2.9760000705718994,30.670000076293945,93.91000366210938,10831.41015625,37.7806510925293,0,0,0,1,0
2018-09-21,70.77999877929688,78.80000305175781,2.9769999980926514,30.711000442504883,94.22000122070312,10972.41015625,37.686553955078125,0,0,0,1,0
2018-09-22,70.77999877929688,78.80000305175781,2.9769999980926514,30.711000442504883,94.22000122070312,10972.41015625,37.686553955078125,0,0,0,1,0
2018-09-23,70.77999877929688,78.80000305175781,2.9769999980926514,30.711000442504883,94.22000122070312,10972.41015625,37.686553955078125,0,0,0,1,0
2018-09-24,72.08000183105469,81.19999694824219,3.0380001068115234,30.614999771118164,94.26000213623047,10972.41015625,38.3964958190918,0,0,0,1,0
2018-09-25,72.27999877929688,81.87000274658203,3.0820000171661377,30.66699981689453,94.12999725341797,10978.849609375,37.7806510925293,0,0,0,1,0
2018-09-26,71.56999969482422,81.33999633789062,3.0209999084472656,30.590999603271484,94.19000244140625,10974.1904296875,37.866188049316406,0,0,0,1,0
2018-09-27,72.12000274658203,81.72000122070312,3.055999994277954,30.590999603271484,95.0,11034.1904296875,38.28529739379883,0,0,0,1,0
2018-09-28,73.25,82.72000122070312,3.007999897003174,30.520999908447266,95.19000244140625,11006.33984375,37.77208709716797,0,0,0,1,0
2018-09-29,73.25,82.72000122070312,3.007999897003174,30.520999908447266,95.19000244140625,11006.33984375,37.77208709716797,0,0,0,1,0
2018-09-30,73.25,82.72000122070312,3.007999897003174,30.520999908447266,95.19000244140625,11006.33984375,37.77208709716797,0,0,0,1,0
2018-10-01,75.30000305175781,84.9800033569336,3.0940001010894775,30.44700050354004,95.30000305175781,11051.7998046875,38.199764251708984,0,0,0,1,0
2018-10-02,75.2300033569336,84.80000305175781,3.1659998893737793,30.549999237060547,95.51000213623047,10919.6298828125,37.310203552246094,0,0,0,1,0
2018-10-03,76.41000366210938,86.29000091552734,3.2300000190734863,30.642000198364258,95.76000213623047,10863.9404296875,37.60102462768555,0,0,0,1,0
2018-10-04,74.33000183105469,84.58000183105469,3.1649999618530273,30.731000900268555,95.75,10718.91015625,36.29233932495117,0,0,0,1,0
2018-10-05,74.33999633789062,84.16000366210938,3.1429998874664307,30.80900001525879,95.62000274658203,10517.1201171875,35.608062744140625,0,0,0,1,0
2018-10-06,74.33999633789062,84.16000366210938,3.1429998874664307,30.80900001525879,95.62000274658203,10517.1201171875,35.608062744140625,0,0,0,1,0
2018-10-07,74.33999633789062,84.16000366210938,3.1429998874664307,30.80900001525879,95.62000274658203,10517.1201171875,35.608062744140625,0,0,0,1,0
2018-10-08,74.29000091552734,83.91000366210938,3.2669999599456787,30.900999069213867,95.7699966430664,10455.9296875,35.03498077392578,0,0,0,1,0
2018-10-09,74.95999908447266,85.0,3.2660000324249268,30.952999114990234,95.68000030517578,10466.830078125,34.98366928100586,0,0,0,1,0
2018-10-10,73.16999816894531,83.08999633789062,3.2839999198913574,30.94099998474121,95.51000213623047,10466.830078125,33.65787887573242,0,0,0,1,0
2018-10-11,70.97000122070312,80.26000213623047,3.2219998836517334,31.069000244140625,95.0199966430664,9806.1103515625,33.30718994140625,0,0,0,1,0
2018-10-12,71.33999633789062,80.43000030517578,3.1610000133514404,30.94300079345703,95.22000122070312,10045.8095703125,33.923030853271484,0,0,0,1,0
2018-10-13,71.33999633789062,80.43000030517578,3.1610000133514404,30.94300079345703,95.22000122070312,10045.8095703125,33.923030853271484,0,0,0,1,0
2018-10-14,71.33999633789062,80.43000030517578,3.1610000133514404,30.94300079345703,95.22000122070312,10045.8095703125,33.923030853271484,0,0,0,1,0
2018-10-15,71.77999877929688,80.77999877929688,3.242000102996826,30.892000198364258,95.06999969482422,9901.1201171875,33.14468002319336,0,0,0,1,0
2018-10-16,71.91999816894531,81.41000366210938,3.239000082015991,30.825000762939453,95.05000305175781,9981.099609375,34.222408294677734,0,0,0,1,0
2018-10-17,69.75,80.05000305175781,3.319999933242798,30.76799964904785,95.58000183105469,9979.1396484375,33.8460578918457,0,0,0,1,0
2018-10-18,68.6500015258789,79.29000091552734,3.197999954223633,30.802000045776367,95.9000015258789,9953.73046875,32.965049743652344,0,0,0,1,0
2018-10-19,69.12000274658203,79.77999877929688,3.25,30.94700050354004,95.70999908447266,9919.259765625,32.888065338134766,0,0,0,1,0
2018-10-20,69.12000274658203,79.77999877929688,3.25,30.94700050354004,95.70999908447266,9919.259765625,32.888065338134766,0,0,0,1,0
2018-10-21,69.12000274658203,79.77999877929688,3.25,30.94700050354004,95.70999908447266,9919.259765625,32.888065338134766,0,0,0,1,0
2018-10-22,69.16999816894531,79.83000183105469,3.138000011444092,30.885000228881836,96.01000213623047,9974.2802734375,33.11901092529297,0,0,0,1,0
2018-10-23,66.43000030517578,76.44000244140625,3.2119998931884766,30.844999313354492,95.95999908447266,9775.2001953125,32.50315856933594,0,0,0,1,0
2018-10-24,66.81999969482422,76.16999816894531,3.1659998893737793,30.937999725341797,96.43000030517578,9759.400390625,31.203044891357422,0,0,0,1,0
2018-10-25,67.33000183105469,76.88999938964844,3.2019999027252197,30.905000686645508,96.68000030517578,9520.7900390625,31.981399536132812,0,0,0,1,0
2018-10-26,67.58999633789062,77.62000274658203,3.184999942779541,30.881000518798828,96.36000061035156,9489.1796875,31.36554718017578,0,0,0,1,0
2018-10-27,67.58999633789062,77.62000274658203,3.184999942779541,30.881000518798828,96.36000061035156,9489.1796875,31.36554718017578,0,0,0,1,0
2018-10-28,67.58999633789062,77.62000274658203,3.184999942779541,30.881000518798828,96.36000061035156,9489.1796875,31.36554718017578,0,0,0,1,0
2018-10-29,67.04000091552734,77.33999633789062,3.184999942779541,30.96299934387207,96.58000183105469,9516.3203125,31.074735641479492,0,0,0,1,0
2018-10-30,66.18000030517578,75.91000366210938,3.187000036239624,30.89699935913086,97.01000213623047,9526.1103515625,32.31498336791992,0,0,0,1,0
2018-10-31,65.30999755859375,75.47000122070312,3.260999917984009,30.857999801635742,97.12999725341797,9802.1298828125,32.58869552612305,0,0,0,1,0
2018-11-01,63.689998626708984,75.5,3.236999988555908,30.930999755859375,96.27999877929688,9844.740234375,33.401268005371094,0,0,0,1,0
2018-11-02,63.13999938964844,72.83000183105469,3.2839999198913574,30.6200008392334,96.54000091552734,9906.58984375,33.17031478881836,0,0,0,1,0
2018-11-03,63.13999938964844,72.83000183105469,3.2839999198913574,30.6200008392334,96.54000091552734,9906.58984375,33.17031478881836,0,0,0,1,0
2018-11-04,63.13999938964844,72.83000183105469,3.2839999198913574,30.6200008392334,96.54000091552734,9906.58984375,33.17031478881836,0,0,0,1,0
2018-11-05,63.099998474121094,73.16999816894531,3.566999912261963,30.591999053955078,96.3499984741211,9889.8095703125,32.913726806640625,0,0,0,1,0
2018-11-06,62.209999084472656,72.12999725341797,3.555000066757202,30.69499969482422,96.31999969482422,9824.9501953125,33.127567291259766,0,0,0,1,0
2018-11-07,61.66999816894531,72.06999969482422,3.555000066757202,30.68199920654297,96.0,9908.349609375,33.51247024536133,0,0,0,1,0
2018-11-08,60.66999816894531,70.6500015258789,3.5429999828338623,30.569000244140625,96.63999938964844,9945.3095703125,33.10190963745117,0,0,0,1,0
2018-11-09,60.189998626708984,70.18000030517578,3.7190001010894775,30.61400032043457,96.91000366210938,9830.009765625,32.56303405761719,0,0,0,1,0
2018-11-10,60.189998626708984,70.18000030517578,3.7190001010894775,30.61400032043457,96.91000366210938,9830.009765625,32.56303405761719,0,0,0,1,0
2018-11-11,60.189998626708984,70.18000030517578,3.7190001010894775,30.61400032043457,96.91000366210938,9830.009765625,32.56303405761719,0,0,0,1,0
2018-11-12,59.93000030517578,70.12000274658203,3.7880001068115234,30.77400016784668,97.54000091552734,9831.2099609375,31.699140548706055,0,0,0,1,0
2018-11-13,55.689998626708984,65.47000122070312,4.10099983215332,30.888999938964844,97.30000305175781,9775.83984375,31.989948272705078,0,0,0,1,0
2018-11-14,56.25,66.12000274658203,4.836999893188477,30.766000747680664,96.80000305175781,9791.8798828125,32.366310119628906,0,0,0,1,0
2018-11-15,56.459999084472656,66.62000274658203,4.038000106811523,30.763999938964844,96.93000030517578,9826.4599609375,32.947940826416016,0,0,0,1,0
2018-11-16,56.459999084472656,66.76000213623047,4.271999835968018,30.788000106811523,96.47000122070312,9797.08984375,31.53662109375,0,0,0,1,0
2018-11-17,56.459999084472656,66.76000213623047,4.271999835968018,30.788000106811523,96.47000122070312,9797.08984375,31.53662109375,0,0,0,1,0
2018-11-18,56.459999084472656,66.76000213623047,4.271999835968018,30.788000106811523,96.47000122070312,9797.08984375,31.53662109375,0,0,0,1,0
2018-11-19,56.7599983215332,66.79000091552734,4.699999809265137,30.770000457763672,96.19000244140625,9828.6904296875,30.835229873657227,0,0,0,1,0
2018-11-20,53.43000030517578,62.529998779296875,4.5229997634887695,30.8799991607666,96.80999755859375,9743.990234375,30.484540939331055,0,0,0,1,0
2018-11-21,54.630001068115234,63.47999954223633,4.451000213623047,30.94099998474121,96.70999908447266,9741.51953125,30.9378719329834,0,0,0,1,0
2018-11-22,54.630001068115234,63.47999954223633,4.451000213623047,30.847999572753906,96.70999908447266,9714.7099609375,30.9378719329834,0,0,0,1,0
2018-11-23,50.41999816894531,58.79999923706055,4.308000087738037,30.79599952697754,96.91999816894531,9667.2998046875,30.75825309753418,0,0,0,1,0
2018-11-24,50.41999816894531,58.79999923706055,4.308000087738037,30.79599952697754,96.91999816894531,9667.2998046875,30.75825309753418,0,0,0,1,0
2018-11-25,50.41999816894531,58.79999923706055,4.308000087738037,30.79599952697754,96.91999816894531,9667.2998046875,30.75825309753418,0,0,0,1,0
2018-11-26,51.630001068115234,60.47999954223633,4.248000144958496,30.905000686645508,97.06999969482422,9765.3603515625,31.510957717895508,0,0,0,1,0
2018-11-27,51.560001373291016,60.209999084472656,4.26200008392334,30.851999282836914,97.37000274658203,9778.6201171875,31.47673797607422,0,0,0,1,0
2018-11-28,50.290000915527344,58.7599983215332,4.715000152587891,30.895999908447266,96.79000091552734,9884.3095703125,32.51171875,0,0,0,1,0
2018-11-29,51.45000076293945,59.5099983215332,4.645999908447266,30.722000122070312,96.77999877929688,9885.3603515625,32.443294525146484,0,0,0,1,0
2018-11-30,50.93000030517578,58.709999084472656,4.611999988555908,30.642000198364258,97.2699966430664,9888.0302734375,32.15245819091797,0,0,0,1,0
2018-12-01,50.93000030517578,58.709999084472656,4.611999988555908,30.642000198364258,97.2699966430664,9888.0302734375,32.15245819091797,0,0,0,1,0
2018-12-02,50.93000030517578,58.709999084472656,4.611999988555908,30.642000198364258,97.2699966430664,9888.0302734375,32.15245819091797,0,0,0,1,0
2018-12-03,52.95000076293945,61.689998626708984,4.339000225067139,30.832000732421875,97.04000091552734,10137.8701171875,33.127567291259766,0,0,0,1,0
2018-12-04,53.25,62.08000183105469,4.456999778747559,30.56100082397461,96.97000122070312,10083.5400390625,32.02416229248047,0,0,0,1,0
2018-12-05,53.25,62.08000183105469,4.456999778747559,30.75,96.97000122070312,9916.740234375,32.02416229248047,0,0,0,1,0
2018-12-06,51.4900016784668,60.060001373291016,4.327000141143799,30.70800018310547,96.80999755859375,9684.7197265625,31.528059005737305,0,0,0,1,0
2018-12-07,52.61000061035156,61.66999816894531,4.48799991607666,30.81999969482422,96.51000213623047,9760.8798828125,31.23725128173828,0,0,0,1,0
2018-12-08,52.61000061035156,61.66999816894531,4.48799991607666,30.81999969482422,96.51000213623047,9760.8798828125,31.23725128173828,0,0,0,1,0
2018-12-09,52.61000061035156,61.66999816894531,4.48799991607666,30.81999969482422,96.51000213623047,9760.8798828125,31.23725128173828,0,0,0,1,0
2018-12-10,51.0,59.970001220703125,4.545000076293945,30.920000076293945,97.22000122070312,9647.5400390625,31.1602725982666,0,0,0,1,0
2018-12-11,51.650001525878906,60.20000076293945,4.4070000648498535,30.867000579833984,97.38999938964844,9707.0400390625,31.39120864868164,0,0,0,1,0
2018-12-12,51.150001525878906,60.150001525878906,4.136000156402588,30.753999710083008,97.04000091552734,9816.4501953125,31.972841262817383,0,0,0,1,0
2018-12-13,52.58000183105469,61.45000076293945,4.124000072479248,30.673999786376953,97.05999755859375,9858.759765625,31.930078506469727,0,0,0,1,0
2018-12-14,51.20000076293945,60.279998779296875,3.8269999027252197,30.715999603271484,97.44000244140625,9774.16015625,31.245807647705078,0,0,0,1,0
2018-12-15,51.20000076293945,60.279998779296875,3.8269999027252197,30.715999603271484,97.44000244140625,9774.16015625,31.245807647705078,0,0,0,1,0
2018-12-16,51.20000076293945,60.279998779296875,3.8269999027252197,30.715999603271484,97.44000244140625,9774.16015625,31.245807647705078,0,0,0,1,0
2018-12-17,49.880001068115234,59.61000061035156,3.5280001163482666,30.825000762939453,97.0999984741211,9787.5302734375,30.980642318725586,0,0,0,1,0
2018-12-18,46.2400016784668,56.2599983215332,3.8380000591278076,30.724000930786133,97.13999938964844,9718.8203125,31.44252586364746,0,0,0,1,0
2018-12-19,47.20000076293945,57.2400016784668,3.7260000705718994,30.670000076293945,97.04000091552734,9783.2099609375,30.989198684692383,0,0,0,1,0
2018-12-20,45.880001068115234,54.349998474121094,3.5829999446868896,30.81599998474121,96.27999877929688,9674.51953125,30.689821243286133,0,0,0,1,0
2018-12-21,45.59000015258789,53.81999969482422,3.815999984741211,30.711000442504883,96.95999908447266,9676.669921875,30.544416427612305,0,0,0,1,0
2018-12-22,45.59000015258789,53.81999969482422,3.815999984741211,30.711000442504883,96.95999908447266,9676.669921875,30.544416427612305,0,0,0,1,0
2018-12-23,45.59000015258789,53.81999969482422,3.815999984741211,30.711000442504883,96.95999908447266,9676.669921875,30.544416427612305,0,0,0,1,0
2018-12-24,42.529998779296875,50.470001220703125,3.4670000076293945,30.795000076293945,96.55000305175781,9639.7001953125,30.185169219970703,0,0,0,1,0
2018-12-25,42.529998779296875,50.470001220703125,3.4670000076293945,30.790000915527344,96.55000305175781,9527.08984375,30.185169219970703,0,0,0,1,0
2018-12-26,46.220001220703125,54.470001220703125,3.5429999828338623,30.798999786376953,97.05000305175781,9478.990234375,31.44252586364746,0,0,0,1,0
2018-12-27,44.61000061035156,52.15999984741211,3.6419999599456787,30.805999755859375,96.4800033569336,9641.5595703125,31.459644317626953,0,0,0,1,0
2018-12-28,45.33000183105469,52.20000076293945,3.302999973297119,30.767000198364258,96.38999938964844,9727.41015625,31.767559051513672,0,0,0,1,0
2018-12-29,45.33000183105469,52.20000076293945,3.302999973297119,30.767000198364258,96.38999938964844,9727.41015625,31.767559051513672,0,0,0,1,0
2018-12-30,45.33000183105469,52.20000076293945,3.302999973297119,30.767000198364258,96.38999938964844,9727.41015625,31.767559051513672,0,0,0,1,0
2018-12-31,45.40999984741211,53.79999923706055,2.940000057220459,30.55299949645996,96.16999816894531,9727.41015625,31.57083511352539,0,0,0,1,0
2019-01-01,45.40999984741211,53.79999923706055,2.940000057220459,30.565000534057617,96.16999816894531,9727.41015625,31.57083511352539,0,0,0,1,0
2019-01-02,46.540000915527344,54.90999984741211,2.9579999446868896,30.500999450683594,96.81999969482422,9554.1396484375,31.23725128173828,0,0,0,1,0
2019-01-03,47.09000015258789,55.95000076293945,2.944999933242798,30.759000778198242,96.30999755859375,9492.419921875,29.38970184326172,0,0,0,1,0
2019-01-04,47.959999084472656,57.060001373291016,3.0439999103546143,30.863000869750977,96.19000244140625,9382.509765625,29.91146469116211,0,0,0,1,0
2019-01-05,47.959999084472656,57.060001373291016,3.0439999103546143,30.863000869750977,96.19000244140625,9382.509765625,29.91146469116211,0,0,0,1,0
2019-01-06,47.959999084472656,57.060001373291016,3.0439999103546143,30.863000869750977,96.19000244140625,9382.509765625,29.91146469116211,0,0,0,1,0
2019-01-07,48.52000045776367,57.33000183105469,2.944000005722046,30.783000946044922,95.70999908447266,9590.2998046875,30.133846282958984,0,0,0,1,0
2019-01-08,49.779998779296875,58.720001220703125,2.9670000076293945,30.80299949645996,95.9000015258789,9563.599609375,29.885791778564453,0,0,0,1,0
2019-01-09,52.36000061035156,61.439998626708984,2.9839999675750732,30.81599998474121,95.22000122070312,9738.3095703125,30.458885192871094,0,0,0,1,0
2019-01-10,52.59000015258789,61.68000030517578,2.9690001010894775,30.711000442504883,95.54000091552734,9720.6904296875,31.151710510253906,0,0,0,1,0
2019-01-11,51.59000015258789,60.47999954223633,3.0989999771118164,30.77899932861328,95.66999816894531,9759.400390625,31.31422996520996,0,0,0,1,0
2019-01-12,51.59000015258789,60.47999954223633,3.0989999771118164,30.77899932861328,95.66999816894531,9759.400390625,31.31422996520996,0,0,0,1,0
2019-01-13,51.59000015258789,60.47999954223633,3.0989999771118164,30.77899932861328,95.66999816894531,9759.400390625,31.31422996520996,0,0,0,1,0
2019-01-14,50.5099983215332,58.9900016784668,3.5910000801086426,30.785999298095703,95.58999633789062,9708.2197265625,30.587188720703125,0,0,0,1,0
2019-01-15,52.11000061035156,60.63999938964844,3.500999927520752,30.833999633789062,95.97000122070312,9806.0400390625,30.82668113708496,0,0,0,1,0
2019-01-16,52.310001373291016,61.31999969482422,3.384000062942505,30.827999114990234,96.05999755859375,9763.8095703125,30.484540939331055,0,0,0,1,0
2019-01-17,52.06999969482422,61.18000030517578,3.4130001068115234,30.764999389648438,96.06999969482422,9789.150390625,31.040517807006836,0,0,0,1,0
2019-01-18,53.79999923706055,62.70000076293945,3.4820001125335693,30.82699966430664,96.33999633789062,9836.0595703125,31.510957717895508,0,0,0,1,0
2019-01-19,53.79999923706055,62.70000076293945,3.4820001125335693,30.82699966430664,96.33999633789062,9836.0595703125,31.510957717895508,0,0,0,1,0
2019-01-20,53.79999923706055,62.70000076293945,3.4820001125335693,30.82699966430664,96.33999633789062,9836.0595703125,31.510957717895508,0,0,0,1,0
2019-01-21,53.79999923706055,62.70000076293945,3.4820001125335693,30.85300064086914,96.33999633789062,9889.400390625,31.510957717895508,0,0,0,1,0
2019-01-22,52.56999969482422,61.5,3.0399999618530273,30.875999450683594,96.30000305175781,9894.66015625,31.10894775390625,0,0,0,1,0
2019-01-23,52.619998931884766,61.13999938964844,2.9800000190734863,30.87700080871582,96.12000274658203,9846.400390625,31.211589813232422,0,0,0,1,0
2019-01-24,53.130001068115234,61.09000015258789,3.0989999771118164,30.857999801635742,96.5999984741211,9877.1201171875,32.19523239135742,0,0,0,1,0
2019-01-25,53.689998626708984,61.63999938964844,3.177999973297119,30.874000549316406,95.79000091552734,9969.6103515625,32.622901916503906,0,0,0,1,0
2019-01-26,53.689998626708984,61.63999938964844,3.177999973297119,30.874000549316406,95.79000091552734,9969.6103515625,32.622901916503906,0,0,0,1,0
2019-01-27,53.689998626708984,61.63999938964844,3.177999973297119,30.874000549316406,95.79000091552734,9969.6103515625,32.622901916503906,0,0,0,1,0
2019-01-28,51.9900016784668,59.93000030517578,2.9110000133514404,30.70800018310547,95.75,10013.330078125,32.02416229248047,0,0,0,1,0
2019-01-29,53.310001373291016,61.31999969482422,2.950000047683716,30.788000106811523,95.81999969482422,9931.58984375,31.074735641479492,0,0,0,1,0
2019-01-30,54.22999954223633,61.650001525878906,2.8540000915527344,30.7810001373291,95.33999633789062,9932.259765625,31.972841262817383,0,0,0,1,0
2019-01-31,53.790000915527344,61.88999938964844,2.813999891281128,30.722999572753906,95.58000183105469,9932.259765625,32.17811965942383,0,0,0,1,0
2019-02-01,55.2599983215332,61.869998931884766,2.7339999675750732,30.68600082397461,95.58000183105469,9932.259765625,32.13535690307617,0,0,0,1,0
2019-02-02,55.2599983215332,61.869998931884766,2.7339999675750732,30.68600082397461,95.58000183105469,9932.259765625,32.13535690307617,0,0,0,1,0
2019-02-03,55.2599983215332,61.869998931884766,2.7339999675750732,30.68600082397461,95.58000183105469,9932.259765625,32.13535690307617,0,0,0,1,0
2019-02-04,54.560001373291016,62.5099983215332,2.6600000858306885,30.76300048828125,95.8499984741211,9932.259765625,32.451847076416016,0,0,0,1,0
2019-02-05,53.65999984741211,61.97999954223633,2.6619999408721924,30.777000427246094,96.0999984741211,9932.259765625,32.71699523925781,0,0,0,1,0
2019-02-06,54.0099983215332,62.689998626708984,2.6619999408721924,30.729000091552734,96.41999816894531,9932.259765625,33.1361198425293,0,0,0,1,0
2019-02-07,52.63999938964844,61.630001068115234,2.5510001182556152,30.78700065612793,96.51000213623047,9932.259765625,32.60580062866211,0,0,0,1,0
2019-02-08,52.720001220703125,62.099998474121094,2.5829999446868896,30.808000564575195,96.63999938964844,9932.259765625,32.32353210449219,0,0,0,1,0
2019-02-09,52.720001220703125,62.099998474121094,2.5829999446868896,30.808000564575195,96.63999938964844,9932.259765625,32.32353210449219,0,0,0,1,0
2019-02-10,52.720001220703125,62.099998474121094,2.5829999446868896,30.808000564575195,96.63999938964844,9932.259765625,32.32353210449219,0,0,0,1,0
2019-02-11,52.40999984741211,61.5099983215332,2.6419999599456787,30.81999969482422,97.05999755859375,10004.25,32.75120544433594,0,0,0,1,0
2019-02-12,53.099998474121094,62.41999816894531,2.687999963760376,30.87700080871582,96.70999908447266,10097.740234375,33.05058288574219,0,0,0,1,0
2019-02-13,53.900001525878906,63.61000061035156,2.575000047683716,30.79199981689453,97.12999725341797,10090.580078125,32.61435317993164,0,0,0,1,0
2019-02-14,54.40999984741211,64.56999969482422,2.572999954223633,30.851999282836914,96.9800033569336,10089.009765625,32.554481506347656,0,0,0,1,0
2019-02-15,55.59000015258789,66.25,2.625,30.820999145507812,96.91999816894531,10064.7802734375,32.580142974853516,0,0,0,1,0
2019-02-16,55.59000015258789,66.25,2.625,30.820999145507812,96.91999816894531,10064.7802734375,32.580142974853516,0,0,0,1,0
2019-02-17,55.59000015258789,66.25,2.625,30.820999145507812,96.91999816894531,10064.7802734375,32.580142974853516,0,0,0,1,0
2019-02-18,55.59000015258789,66.25,2.625,30.812000274658203,96.91999816894531,10145.2802734375,32.580142974853516,0,0,0,1,0
2019-02-19,56.09000015258789,66.44999694824219,2.6619999408721924,30.81800079345703,96.5199966430664,10152.259765625,32.896629333496094,0,0,0,1,0
2019-02-20,56.91999816894531,67.08000183105469,2.635999917984009,30.77899932861328,96.44999694824219,10272.4599609375,33.35851287841797,0,0,0,1,0
2019-02-21,56.959999084472656,67.06999969482422,2.697000026702881,30.79199981689453,96.61000061035156,10319.5302734375,33.341400146484375,0,0,0,1,0
2019-02-22,57.2599983215332,67.12000274658203,2.7170000076293945,30.798999786376953,96.51000213623047,10322.919921875,33.69208908081055,0,0,0,1,0
2019-02-23,57.2599983215332,67.12000274658203,2.7170000076293945,30.798999786376953,96.51000213623047,10322.919921875,33.69208908081055,0,0,0,1,0
2019-02-24,57.2599983215332,67.12000274658203,2.7170000076293945,30.798999786376953,96.51000213623047,10322.919921875,33.69208908081055,0,0,0,1,0
2019-02-25,55.47999954223633,64.76000213623047,2.8359999656677246,30.746999740600586,96.41000366210938,10390.9296875,33.85460662841797,0,0,0,1,0
2019-02-26,55.5,65.20999908447266,2.8550000190734863,30.735000610351562,96.0,10391.5498046875,33.87171173095703,0,0,0,1,0
2019-02-27,56.939998626708984,66.38999938964844,2.7990000247955322,30.753000259399414,96.1500015258789,10389.169921875,33.743412017822266,0,0,0,1,0
2019-02-28,57.220001220703125,66.02999877929688,2.812000036239624,30.777000427246094,96.16000366210938,10389.169921875,33.401268005371094,0,0,0,1,0
2019-03-01,55.79999923706055,65.06999969482422,2.8589999675750732,30.825000762939453,96.52999877929688,10389.169921875,33.69208908081055,0,0,0,1,0
2019-03-02,55.79999923706055,65.06999969482422,2.8589999675750732,30.825000762939453,96.52999877929688,10389.169921875,33.69208908081055,0,0,0,1,0
2019-03-03,55.79999923706055,65.06999969482422,2.8589999675750732,30.825000762939453,96.52999877929688,10389.169921875,33.69208908081055,0,0,0,1,0
2019-03-04,56.59000015258789,65.66999816894531,2.8570001125335693,30.836999893188477,96.68000030517578,10349.8798828125,33.48680114746094,0,0,0,1,0
2019-03-05,56.560001373291016,65.86000061035156,2.884000062942505,30.83799934387207,96.8499984741211,10305.259765625,33.375614166259766,0,0,0,1,0
2019-03-06,56.220001220703125,65.98999786376953,2.8410000801086426,30.829999923706055,96.87000274658203,10357.150390625,33.17888259887695,0,0,0,1,0
2019-03-07,56.65999984741211,66.30000305175781,2.865999937057495,30.82900047302246,97.66999816894531,10311.6796875,33.042030334472656,0,0,0,1,0
2019-03-08,56.06999969482422,65.73999786376953,2.865000009536743,30.906999588012695,97.37000274658203,10241.75,32.674224853515625,0,0,0,1,0
2019-03-09,56.06999969482422,65.73999786376953,2.865000009536743,30.906999588012695,97.37000274658203,10241.75,32.674224853515625,0,0,0,1,0
2019-03-10,56.06999969482422,65.73999786376953,2.865000009536743,30.906999588012695,97.37000274658203,10241.75,32.674224853515625,0,0,0,1,0
2019-03-11,56.790000915527344,66.58000183105469,2.7720000743865967,30.891000747680664,97.22000122070312,10250.2802734375,33.05058288574219,0,0,0,1,0
2019-03-12,56.869998931884766,66.66999816894531,2.7839999198913574,30.91200065612793,96.94000244140625,10343.330078125,33.27297592163086,0,0,0,1,0
2019-03-13,58.2599983215332,67.55000305175781,2.819999933242798,30.886999130249023,96.55000305175781,10373.3203125,33.53813171386719,0,0,0,1,0
2019-03-14,58.61000061035156,67.2300033569336,2.8550000190734863,30.895999908447266,96.79000091552734,10348.650390625,33.20454025268555,0,0,0,1,0
2019-03-15,58.52000045776367,67.16000366210938,2.7950000762939453,30.913000106811523,96.5999984741211,10439.240234375,33.91448211669922,0,0,0,1,0
2019-03-16,58.52000045776367,67.16000366210938,2.7950000762939453,30.913000106811523,96.5999984741211,10439.240234375,33.91448211669922,0,0,0,1,0
2019-03-17,58.52000045776367,67.16000366210938,2.7950000762939453,30.913000106811523,96.5999984741211,10439.240234375,33.91448211669922,0,0,0,1,0
2019-03-18,59.09000015258789,67.54000091552734,2.8499999046325684,30.888999938964844,96.5199966430664,10512.7001953125,34.085548400878906,0,0,0,1,0
2019-03-19,59.029998779296875,67.61000061035156,2.874000072479248,30.764999389648438,96.37999725341797,10512.3203125,34.008567810058594,0,0,0,1,0
2019-03-20,59.83000183105469,68.5,2.819999933242798,30.790000915527344,95.76000213623047,10551.5595703125,34.085548400878906,0,0,0,1,0
2019-03-21,59.97999954223633,67.86000061035156,2.821000099182129,30.7450008392334,96.5,10609.5498046875,35.10340881347656,0,0,0,1,0
2019-03-22,59.040000915527344,67.02999877929688,2.753000020980835,30.792999267578125,96.6500015258789,10639.0703125,34.58163833618164,0,0,0,1,0
2019-03-23,59.040000915527344,67.02999877929688,2.753000020980835,30.792999267578125,96.6500015258789,10639.0703125,34.58163833618164,0,0,0,1,0
2019-03-24,59.040000915527344,67.02999877929688,2.753000020980835,30.792999267578125,96.6500015258789,10639.0703125,34.58163833618164,0,0,0,1,0
2019-03-25,58.81999969482422,67.20999908447266,2.755000114440918,30.868000030517578,96.56999969482422,10479.48046875,34.14543151855469,0,0,0,1,0
2019-03-26,59.939998626708984,67.97000122070312,2.740000009536743,30.81599998474121,96.73999786376953,10559.2001953125,34.555992126464844,0,0,0,1,0
2019-03-27,59.40999984741211,67.83000183105469,2.7130000591278076,30.839000701904297,96.7699966430664,10542.7001953125,34.384918212890625,0,0,0,1,0
2019-03-28,59.29999923706055,67.81999969482422,2.7119998931884766,30.881999969482422,97.19999694824219,10536.259765625,34.50466537475586,0,0,0,1,0
2019-03-29,60.13999938964844,68.38999938964844,2.6619999408721924,30.85099983215332,97.27999877929688,10641.0400390625,35.03498077392578,0,0,0,1,0
2019-03-30,60.13999938964844,68.38999938964844,2.6619999408721924,30.85099983215332,97.27999877929688,10641.0400390625,35.03498077392578,0,0,0,1,0
2019-03-31,60.13999938964844,68.38999938964844,2.6619999408721924,30.85099983215332,97.27999877929688,10641.0400390625,35.03498077392578,0,0,0,1,0
2019-04-01,61.59000015258789,69.01000213623047,2.7079999446868896,30.839000701904297,97.25,10642.6298828125,35.385677337646484,0,0,0,1,0
2019-04-02,62.58000183105469,69.37000274658203,2.684000015258789,30.816999435424805,97.36000061035156,10690.2998046875,35.300140380859375,0,0,0,1,0
2019-04-03,62.459999084472656,69.30999755859375,2.677000045776367,30.82900047302246,97.08999633789062,10704.3798828125,35.74492645263672,0,0,0,1,0
2019-04-04,62.099998474121094,69.4000015258789,2.6429998874664307,30.788000106811523,97.30999755859375,10704.3798828125,35.95877456665039,0,0,0,1,0
2019-04-05,63.08000183105469,70.33999633789062,2.6640000343322754,30.792999267578125,97.4000015258789,10704.3798828125,36.12128448486328,0,0,0,1,0
2019-04-06,63.08000183105469,70.33999633789062,2.6640000343322754,30.792999267578125,97.4000015258789,10704.3798828125,36.12128448486328,0,0,0,1,0
2019-04-07,63.08000183105469,70.33999633789062,2.6640000343322754,30.792999267578125,97.4000015258789,10704.3798828125,36.12128448486328,0,0,0,1,0
2019-04-08,64.4000015258789,71.0999984741211,2.7079999446868896,30.788999557495117,97.05000305175781,10800.5703125,36.25812911987305,0,0,0,1,0
2019-04-09,63.97999954223633,70.61000061035156,2.6989998817443848,30.808000564575195,97.01000213623047,10851.599609375,36.10416793823242,0,0,0,1,0
2019-04-10,64.61000061035156,71.7300033569336,2.700000047683716,30.816999435424805,96.94999694824219,10868.1396484375,36.24100875854492,0,0,0,1,0
2019-04-11,63.58000183105469,70.83000183105469,2.6640000343322754,30.83799934387207,97.18000030517578,10808.76953125,36.01007843017578,0,0,0,1,0
2019-04-12,63.88999938964844,71.55000305175781,2.6600000858306885,30.851999282836914,96.97000122070312,10805.2998046875,36.42063903808594,0,0,0,1,0
2019-04-13,63.88999938964844,71.55000305175781,2.6600000858306885,30.851999282836914,96.97000122070312,10805.2998046875,36.42063903808594,0,0,0,1,0
2019-04-14,63.88999938964844,71.55000305175781,2.6600000858306885,30.851999282836914,96.97000122070312,10805.2998046875,36.42063903808594,0,0,0,1,0
2019-04-15,63.400001525878906,71.18000030517578,2.5899999141693115,30.829999923706055,96.94000244140625,10875.599609375,36.44630813598633,0,0,0,1,0
2019-04-16,64.05000305175781,71.72000122070312,2.572000026702881,30.854000091552734,97.04000091552734,10927.849609375,36.78844451904297,0,0,0,1,0
2019-04-17,63.7599983215332,71.62000274658203,2.5169999599456787,30.863000869750977,97.01000213623047,10997.259765625,37.96881866455078,0,0,0,1,0
2019-04-18,64.0,71.97000122070312,2.490000009536743,30.761999130249023,97.47000122070312,10962.01953125,38.832725524902344,0,0,0,1,0
2019-04-19,64.0,71.97000122070312,2.490000009536743,30.81999969482422,97.47000122070312,10968.5,38.832725524902344,0,0,0,1,0
2019-04-20,64.0,71.97000122070312,2.490000009536743,30.81999969482422,97.47000122070312,10968.5,38.832725524902344,0,0,0,1,0
2019-04-21,64.0,71.97000122070312,2.490000009536743,30.81999969482422,97.47000122070312,10968.5,38.832725524902344,0,0,0,1,0
2019-04-22,65.69999694824219,74.04000091552734,2.5239999294281006,30.80699920654297,97.27999877929688,10987.7099609375,38.61888885498047,0,0,0,1,0
2019-04-23,66.30000305175781,74.51000213623047,2.4549999237060547,30.84000015258789,97.56999969482422,11025.6796875,38.84983444213867,0,0,0,1,0
2019-04-24,65.88999938964844,74.56999969482422,2.4619998931884766,30.854000091552734,98.0999984741211,11027.6396484375,38.84126281738281,0,0,0,1,0
2019-04-25,65.20999908447266,74.3499984741211,2.5139999389648438,30.923999786376953,98.19999694824219,11039.8603515625,38.045814514160156,0,0,0,1,0
2019-04-26,63.29999923706055,72.1500015258789,2.565999984741211,30.92300033569336,98.01000213623047,10952.4697265625,37.583919525146484,0,0,0,1,0
2019-04-27,63.29999923706055,72.1500015258789,2.565999984741211,30.92300033569336,98.01000213623047,10952.4697265625,37.583919525146484,0,0,0,1,0
2019-04-28,63.29999923706055,72.1500015258789,2.565999984741211,30.92300033569336,98.01000213623047,10952.4697265625,37.583919525146484,0,0,0,1,0
2019-04-29,63.5,72.04000091552734,2.5929999351501465,30.902000427246094,97.86000061035156,10939.0595703125,37.48982238769531,0,0,0,1,0
2019-04-30,63.90999984741211,72.80000305175781,2.575000047683716,30.892000198364258,97.4800033569336,10967.73046875,37.48126220703125,0,0,0,1,0
2019-05-01,63.599998474121094,72.18000030517578,2.619999885559082,30.886999130249023,97.69000244140625,10967.73046875,37.48126220703125,0,0,0,1,0
2019-05-02,61.810001373291016,70.75,2.5889999866485596,30.906999588012695,97.83000183105469,11004.490234375,37.97737121582031,0,0,0,1,0
2019-05-03,61.939998626708984,70.8499984741211,2.566999912261963,30.889999389648438,97.5199966430664,11096.2998046875,38.24254608154297,0,0,0,1,0
2019-05-04,61.939998626708984,70.8499984741211,2.566999912261963,30.889999389648438,97.5199966430664,11096.2998046875,38.24254608154297,0,0,0,1,0
2019-05-05,61.939998626708984,70.8499984741211,2.566999912261963,30.889999389648438,97.5199966430664,11096.2998046875,38.24254608154297,0,0,0,1,0
2019-05-06,62.25,71.23999786376953,2.5239999294281006,30.895000457763672,97.5199966430664,10897.1201171875,37.429954528808594,0,0,0,1,0
2019-05-07,61.400001525878906,69.87999725341797,2.5369999408721924,30.90999984741211,97.62999725341797,10987.1396484375,37.429954528808594,0,0,0,1,0
2019-05-08,62.119998931884766,70.37000274658203,2.609999895095825,30.937000274658203,97.62000274658203,10923.7099609375,37.37864303588867,0,0,0,1,0
2019-05-09,61.70000076293945,70.38999938964844,2.5950000286102295,30.94499969482422,97.37000274658203,10733.669921875,36.99372863769531,0,0,0,1,0
2019-05-10,61.65999984741211,70.62000274658203,2.61899995803833,31.00200080871582,97.33000183105469,10712.990234375,36.634483337402344,0,0,0,1,0
2019-05-11,61.65999984741211,70.62000274658203,2.61899995803833,31.00200080871582,97.33000183105469,10712.990234375,36.634483337402344,0,0,0,1,0
2019-05-12,61.65999984741211,70.62000274658203,2.61899995803833,31.00200080871582,97.33000183105469,10712.990234375,36.634483337402344,0,0,0,1,0
2019-05-13,61.040000915527344,70.2300033569336,2.621000051498413,30.937000274658203,97.31999969482422,10558.2900390625,35.06065368652344,0,0,0,1,0
2019-05-14,61.779998779296875,71.23999786376953,2.6589999198913574,31.104999542236328,97.52999877929688,10519.25,35.89888381958008,0,0,0,1,0
2019-05-15,62.02000045776367,71.7699966430664,2.6010000705718994,31.138999938964844,97.56999969482422,10560.7099609375,35.89888381958008,0,0,0,1,0
2019-05-16,62.869998931884766,72.62000274658203,2.6389999389648438,31.077999114990234,97.83999633789062,10474.6103515625,35.52252960205078,0,0,0,1,0
2019-05-17,62.7599983215332,72.20999908447266,2.63100004196167,31.18600082397461,98.0,10384.1103515625,34.42768859863281,0,0,0,1,0
2019-05-18,62.7599983215332,72.20999908447266,2.63100004196167,31.18600082397461,98.0,10384.1103515625,34.42768859863281,0,0,0,1,0
2019-05-19,62.7599983215332,72.20999908447266,2.63100004196167,31.18600082397461,98.0,10384.1103515625,34.42768859863281,0,0,0,1,0
2019-05-20,63.099998474121094,71.97000122070312,2.6730000972747803,31.365999221801758,97.93000030517578,10398.41015625,33.06768798828125,0,0,0,1,0
2019-05-21,62.9900016784668,72.18000030517578,2.61299991607666,31.3799991607666,98.05999755859375,10464.5,33.615116119384766,0,0,0,1,0
2019-05-22,61.41999816894531,70.98999786376953,2.5429999828338623,31.3799991607666,98.11000061035156,10457.2197265625,33.27297592163086,0,0,0,1,0
2019-05-23,57.90999984741211,67.76000213623047,2.578000068664551,31.452999114990234,97.8499984741211,10308.3701171875,32.56303405761719,0,0,0,1,0
2019-05-24,58.630001068115234,68.69000244140625,2.5980000495910645,31.513999938964844,97.61000061035156,10328.2802734375,32.674224853515625,0,0,0,1,0
2019-05-25,58.630001068115234,68.69000244140625,2.5980000495910645,31.513999938964844,97.61000061035156,10328.2802734375,32.674224853515625,0,0,0,1,0
2019-05-26,58.630001068115234,68.69000244140625,2.5980000495910645,31.513999938964844,97.61000061035156,10328.2802734375,32.674224853515625,0,0,0,1,0
2019-05-27,58.630001068115234,68.69000244140625,2.5980000495910645,31.47100067138672,97.61000061035156,10334.1298828125,32.674224853515625,0,0,0,1,0
2019-05-28,59.13999938964844,70.11000061035156,2.5820000171661377,31.452999114990234,97.95999908447266,10312.3095703125,32.203800201416016,0,0,0,1,0
2019-05-29,58.810001373291016,69.44999694824219,2.632999897003174,31.547000885009766,98.13999938964844,10301.7802734375,32.237998962402344,0,0,0,1,0
2019-05-30,56.59000015258789,66.87000274658203,2.546999931335449,31.615999221801758,98.13999938964844,10382.990234375,32.53736877441406,0,0,0,1,0
2019-05-31,53.5,64.48999786376953,2.4539999961853027,31.57699966430664,97.75,10498.490234375,32.80253219604492,0,0,0,1,0
2019-06-01,53.5,64.48999786376953,2.4539999961853027,31.57699966430664,97.75,10498.490234375,32.80253219604492,0,0,0,1,0
2019-06-02,53.5,64.48999786376953,2.4539999961853027,31.57699966430664,97.75,10498.490234375,32.80253219604492,0,0,0,1,0
2019-06-03,53.25,61.279998779296875,2.4030001163482666,31.52199935913086,97.13999938964844,10500.0703125,33.20454025268555,0,0,0,1,0
2019-06-04,53.47999954223633,61.970001220703125,2.4159998893737793,31.375999450683594,97.06999969482422,10429.1201171875,33.40983200073242,0,0,0,1,0
2019-06-05,51.68000030517578,60.630001068115234,2.378000020980835,31.326000213623047,97.37000274658203,10461.6201171875,32.699886322021484,0,0,0,1,0
2019-06-06,52.59000015258789,61.66999816894531,2.3239998817443848,31.298999786376953,97.02999877929688,10409.2001953125,32.879520416259766,0,0,0,1,0
2019-06-07,53.9900016784668,63.290000915527344,2.3369998931884766,31.270000457763672,96.61000061035156,10409.2001953125,33.20454025268555,0,0,0,1,0
2019-06-08,53.9900016784668,63.290000915527344,2.3369998931884766,31.270000457763672,96.61000061035156,10409.2001953125,33.20454025268555,0,0,0,1,0
2019-06-09,53.9900016784668,63.290000915527344,2.3369998931884766,31.270000457763672,96.61000061035156,10409.2001953125,33.20454025268555,0,0,0,1,0
2019-06-10,53.2599983215332,62.290000915527344,2.3570001125335693,31.354000091552734,96.76000213623047,10566.4697265625,33.88881301879883,0,0,0,1,0
2019-06-11,53.27000045776367,62.290000915527344,2.3989999294281006,31.38599967956543,96.69000244140625,10607.759765625,34.17963790893555,0,0,0,1,0
2019-06-12,51.13999938964844,59.970001220703125,2.385999917984009,31.363000869750977,97.0,10615.66015625,33.75196838378906,0,0,0,1,0
2019-06-13,52.279998779296875,61.310001373291016,2.325000047683716,31.427000045776367,97.01000213623047,10561.009765625,33.743412017822266,0,0,0,1,0
2019-06-14,52.5099983215332,62.0099983215332,2.38700008392334,31.468000411987305,97.56999969482422,10524.669921875,32.366310119628906,0,0,0,1,0
2019-06-15,52.5099983215332,62.0099983215332,2.38700008392334,31.468000411987305,97.56999969482422,10524.669921875,32.366310119628906,0,0,0,1,0
2019-06-16,52.5099983215332,62.0099983215332,2.38700008392334,31.468000411987305,97.56999969482422,10524.669921875,32.366310119628906,0,0,0,1,0
2019-06-17,51.93000030517578,60.939998626708984,2.385999917984009,31.493000030517578,97.55999755859375,10530.5400390625,32.21232986450195,0,0,0,1,0
2019-06-18,53.900001525878906,62.13999938964844,2.328000068664551,31.47599983215332,97.63999938964844,10566.740234375,33.53813171386719,0,0,0,1,0
2019-06-19,53.7599983215332,61.81999969482422,2.2760000228881836,31.264999389648438,97.12000274658203,10775.33984375,33.70064163208008,0,0,0,1,0
2019-06-20,56.650001525878906,64.44999694824219,2.184999942779541,31.110000610351562,96.62999725341797,10785.009765625,34.65007781982422,0,0,0,1,0
2019-06-21,57.43000030517578,65.19999694824219,2.186000108718872,30.875,96.22000122070312,10803.76953125,34.658626556396484,0,0,0,1,0
2019-06-22,57.43000030517578,65.19999694824219,2.186000108718872,30.875,96.22000122070312,10803.76953125,34.658626556396484,0,0,0,1,0
2019-06-23,57.43000030517578,65.19999694824219,2.186000108718872,30.875,96.22000122070312,10803.76953125,34.658626556396484,0,0,0,1,0
2019-06-24,57.900001525878906,64.86000061035156,2.302999973297119,30.94499969482422,95.9800033569336,10779.4501953125,35.30863952636719,0,0,0,1,0
2019-06-25,57.83000183105469,65.05000305175781,2.308000087738037,30.836000442504883,96.16000366210938,10706.7197265625,34.37248611450195,0,0,0,1,0
2019-06-26,59.380001068115234,66.48999786376953,2.2909998893737793,30.969999313354492,96.20999908447266,10652.5498046875,34.513790130615234,0,0,0,1,0
2019-06-27,59.43000030517578,66.55000305175781,2.3239998817443848,30.924999237060547,96.19000244140625,10773.900390625,34.96420669555664,0,0,0,1,0
2019-06-28,58.470001220703125,66.55000305175781,2.308000087738037,30.888999938964844,96.12999725341797,10730.830078125,34.59327697753906,0,0,0,1,0
2019-06-29,58.470001220703125,66.55000305175781,2.308000087738037,30.888999938964844,96.12999725341797,10730.830078125,34.59327697753906,0,0,0,1,0
2019-06-30,58.470001220703125,66.55000305175781,2.308000087738037,30.888999938964844,96.12999725341797,10730.830078125,34.59327697753906,0,0,0,1,0
2019-07-01,59.09000015258789,65.05999755859375,2.2669999599456787,30.878999710083008,96.83999633789062,10895.4599609375,36.54505157470703,0,0,0,1,0
2019-07-02,56.25,62.400001525878906,2.240000009536743,30.952999114990234,96.7300033569336,10865.1201171875,36.0328254699707,0,0,0,1,0
2019-07-03,57.34000015258789,63.81999969482422,2.2899999618530273,30.968000411987305,96.7699966430664,10743.76953125,35.61774826049805,0,0,0,1,0
2019-07-04,57.34000015258789,63.81999969482422,2.2899999618530273,31.055999755859375,96.7699966430664,10775.900390625,35.61774826049805,0,0,0,1,0
2019-07-05,57.5099983215332,64.2300033569336,2.4179999828338623,31.01300048828125,97.25,10785.73046875,35.26447296142578,0,0,0,1,0
2019-07-06,57.5099983215332,64.2300033569336,2.4179999828338623,31.01300048828125,97.25,10785.73046875,35.26447296142578,0,0,0,1,0
2019-07-07,57.5099983215332,64.2300033569336,2.4179999828338623,31.01300048828125,97.25,10785.73046875,35.26447296142578,0,0,0,1,0
2019-07-08,57.65999984741211,64.11000061035156,2.4030001163482666,31.16900062561035,97.37999725341797,10751.2197265625,34.725746154785156,0,0,0,1,0
2019-07-09,57.83000183105469,64.16000366210938,2.424999952316284,31.15999984741211,97.48999786376953,10702.7802734375,35.03485107421875,0,0,0,1,0
2019-07-10,60.43000030517578,67.01000213623047,2.444000005722046,31.128999710083008,97.0999984741211,10798.48046875,35.95334243774414,0,0,0,1,0
2019-07-11,60.20000076293945,66.5199966430664,2.4159998893737793,31.03499984741211,97.05000305175781,10843.419921875,36.12114715576172,0,0,0,1,0
2019-07-12,60.209999084472656,66.72000122070312,2.453000068664551,30.961000442504883,96.80999755859375,10824.349609375,36.4125862121582,0,0,0,1,0
2019-07-13,60.209999084472656,66.72000122070312,2.453000068664551,30.961000442504883,96.80999755859375,10824.349609375,36.4125862121582,0,0,0,1,0
2019-07-14,60.209999084472656,66.72000122070312,2.453000068664551,30.961000442504883,96.80999755859375,10824.349609375,36.4125862121582,0,0,0,1,0
2019-07-15,59.58000183105469,66.4800033569336,2.4079999923706055,31.052000045776367,96.93000030517578,10876.4296875,36.93364715576172,0,0,0,1,0
2019-07-16,57.619998931884766,64.3499984741211,2.305999994277954,30.98200035095215,97.4000015258789,10886.0498046875,36.88948440551758,0,0,0,1,0
2019-07-17,56.779998779296875,63.65999984741211,2.303999900817871,31.003000259399414,97.22000122070312,10828.48046875,36.765846252441406,0,0,0,1,0
2019-07-18,55.29999923706055,61.93000030517578,2.2869999408721924,31.000999450683594,96.79000091552734,10799.2802734375,38.14357376098633,0,0,0,1,0
2019-07-19,55.630001068115234,62.470001220703125,2.250999927520752,30.899999618530273,97.1500015258789,10873.1904296875,38.70878982543945,0,0,0,1,0
2019-07-20,55.630001068115234,62.470001220703125,2.250999927520752,30.899999618530273,97.1500015258789,10873.1904296875,38.70878982543945,0,0,0,1,0
2019-07-21,55.630001068115234,62.470001220703125,2.250999927520752,30.899999618530273,97.1500015258789,10873.1904296875,38.70878982543945,0,0,0,1,0
2019-07-22,56.220001220703125,63.2599983215332,2.312000036239624,31.031999588012695,97.26000213623047,10944.5302734375,39.38880920410156,0,0,0,1,0
2019-07-23,56.77000045776367,63.83000183105469,2.299999952316284,31.04400062561035,97.70999908447266,10947.259765625,39.229862213134766,0,0,0,1,0
2019-07-24,55.880001068115234,63.18000030517578,2.2200000286102295,31.010000228881836,97.7300033569336,10935.759765625,39.3358268737793,0,0,0,1,0
2019-07-25,56.02000045776367,63.38999938964844,2.24399995803833,31.091999053955078,97.81999969482422,10941.41015625,38.523319244384766,0,0,0,1,0
2019-07-26,56.20000076293945,63.459999084472656,2.1689999103546143,31.011999130249023,98.01000213623047,10891.98046875,38.382022857666016,0,0,0,1,0
2019-07-27,56.20000076293945,63.459999084472656,2.1689999103546143,31.011999130249023,98.01000213623047,10891.98046875,38.382022857666016,0,0,0,1,0
2019-07-28,56.20000076293945,63.459999084472656,2.1689999103546143,31.011999130249023,98.01000213623047,10891.98046875,38.382022857666016,0,0,0,1,0
2019-07-29,56.869998931884766,63.709999084472656,2.1410000324249268,31.082000732421875,98.04000091552734,10885.73046875,38.805938720703125,0,0,0,1,0
2019-07-30,58.04999923706055,64.72000122070312,2.13700008392334,31.027000427246094,98.05000305175781,10830.900390625,38.07292175292969,0,0,0,1,0
2019-07-31,58.58000183105469,65.16999816894531,2.2330000400543213,31.023000717163086,98.5199966430664,10823.8095703125,37.64899826049805,0,0,0,1,0
2019-08-01,53.95000076293945,60.5,2.2019999027252197,31.14699935913086,98.38999938964844,10731.75,36.9777946472168,0,0,0,1,0
2019-08-02,55.65999984741211,61.88999938964844,2.121000051498413,31.30699920654297,98.0999984741211,10549.0400390625,36.783512115478516,0,0,0,1,0
2019-08-03,55.65999984741211,61.88999938964844,2.121000051498413,31.30699920654297,98.0999984741211,10549.0400390625,36.783512115478516,0,0,0,1,0
2019-08-04,55.65999984741211,61.88999938964844,2.121000051498413,31.30699920654297,98.0999984741211,10549.0400390625,36.783512115478516,0,0,0,1,0
2019-08-05,54.689998626708984,59.810001373291016,2.069999933242798,31.450000762939453,97.5,10423.41015625,35.211490631103516,0,0,0,1,0
2019-08-06,53.630001068115234,58.939998626708984,2.1110000610351562,31.694000244140625,97.62999725341797,10394.75,36.43907165527344,0,0,0,1,0
2019-08-07,51.09000015258789,56.22999954223633,2.0829999446868896,31.427000045776367,97.54000091552734,10386.1796875,36.43907165527344,0,0,0,1,0
2019-08-08,52.540000915527344,57.380001068115234,2.128000020980835,31.42099952697754,97.62000274658203,10494.490234375,37.00429916381836,0,0,0,1,0
2019-08-09,54.5,58.529998779296875,2.11899995803833,31.235000610351562,97.48999786376953,10494.490234375,36.571556091308594,0,0,0,1,0
2019-08-10,54.5,58.529998779296875,2.11899995803833,31.235000610351562,97.48999786376953,10494.490234375,36.571556091308594,0,0,0,1,0
2019-08-11,54.5,58.529998779296875,2.11899995803833,31.235000610351562,97.48999786376953,10494.490234375,36.571556091308594,0,0,0,1,0
2019-08-12,54.93000030517578,58.56999969482422,2.1050000190734863,31.365999221801758,97.37999725341797,10472.3603515625,36.174129486083984,0,0,0,1,0
2019-08-13,57.099998474121094,61.29999923706055,2.1470000743865967,31.42799949645996,97.80999755859375,10362.66015625,36.95132064819336,0,0,0,1,0
2019-08-14,55.22999954223633,59.47999954223633,2.1429998874664307,31.0939998626709,97.98999786376953,10427.73046875,35.7060546875,0,0,0,1,0
2019-08-15,54.470001220703125,58.22999954223633,2.2320001125335693,31.357999801635742,98.13999938964844,10327.1298828125,36.085811614990234,0,0,0,1,0
2019-08-16,54.869998931884766,58.63999938964844,2.200000047683716,31.22800064086914,98.13999938964844,10420.8896484375,36.686363220214844,0,0,0,1,0
2019-08-17,54.869998931884766,58.63999938964844,2.200000047683716,31.22800064086914,98.13999938964844,10420.8896484375,36.686363220214844,0,0,0,1,0
2019-08-18,54.869998931884766,58.63999938964844,2.200000047683716,31.22800064086914,98.13999938964844,10420.8896484375,36.686363220214844,0,0,0,1,0
2019-08-19,56.209999084472656,59.7400016784668,2.2100000381469727,31.301000595092773,98.3499984741211,10488.75,36.8983154296875,0,0,0,1,0
2019-08-20,56.34000015258789,60.029998779296875,2.2179999351501465,31.350000381469727,98.19000244140625,10522.5,37.03961944580078,0,0,0,1,0
2019-08-21,55.68000030517578,60.29999923706055,2.1700000762939453,31.312000274658203,98.30000305175781,10525.7998046875,37.6048469543457,0,0,0,1,0
2019-08-22,55.349998474121094,59.91999816894531,2.1589999198913574,31.281999588012695,98.16999816894531,10529.7802734375,37.20742416381836,0,0,0,1,0
2019-08-23,54.16999816894531,59.34000015258789,2.1519999504089355,31.302000045776367,97.63999938964844,10538.1103515625,36.16529846191406,0,0,0,1,0
2019-08-24,54.16999816894531,59.34000015258789,2.1519999504089355,31.302000045776367,97.63999938964844,10538.1103515625,36.16529846191406,0,0,0,1,0
2019-08-25,54.16999816894531,59.34000015258789,2.1519999504089355,31.302000045776367,97.63999938964844,10538.1103515625,36.16529846191406,0,0,0,1,0
2019-08-26,53.63999938964844,58.70000076293945,2.2300000190734863,31.41900062561035,98.08000183105469,10354.5703125,36.509727478027344,0,0,0,1,0
2019-08-27,54.93000030517578,59.5099983215332,2.2019999027252197,31.374000549316406,98.0,10387.23046875,36.51856994628906,0,0,0,1,0
2019-08-28,55.779998779296875,60.4900016784668,2.250999927520752,31.327999114990234,98.20999908447266,10434.2900390625,36.783512115478516,0,0,0,1,0
2019-08-29,56.709999084472656,61.08000183105469,2.2960000038146973,31.40399932861328,98.51000213623047,10462.4296875,37.339900970458984,0,0,0,1,0
2019-08-30,55.099998474121094,60.43000030517578,2.2850000858306885,31.270999908447266,98.91999816894531,10618.0498046875,37.64899826049805,0,0,0,1,0
2019-08-31,55.099998474121094,60.43000030517578,2.2850000858306885,31.270999908447266,98.91999816894531,10618.0498046875,37.64899826049805,0,0,0,1,0
2019-09-01,55.099998474121094,60.43000030517578,2.2850000858306885,31.270999908447266,98.91999816894531,10618.0498046875,37.64899826049805,0,0,0,1,0
2019-09-02,55.099998474121094,60.43000030517578,2.2850000858306885,31.33300018310547,98.91999816894531,10634.849609375,37.64899826049805,0,0,0,1,0
2019-09-03,53.939998626708984,58.2599983215332,2.3580000400543213,31.361000061035156,98.94999694824219,10558.2099609375,36.84532928466797,0,0,0,1,0
2019-09-04,56.2599983215332,60.70000076293945,2.444999933242798,31.35099983215332,98.44999694824219,10657.3095703125,38.108253479003906,0,0,0,1,0
2019-09-05,56.29999923706055,60.95000076293945,2.434999942779541,31.167999267578125,98.41000366210938,10756.9296875,39.07090377807617,0,0,0,1,0
2019-09-06,56.52000045776367,61.540000915527344,2.496000051498413,31.170000076293945,98.38999938964844,10780.6396484375,38.60282516479492,0,0,0,1,0
2019-09-07,56.52000045776367,61.540000915527344,2.496000051498413,31.170000076293945,98.38999938964844,10780.6396484375,38.60282516479492,0,0,0,1,0
2019-09-08,56.52000045776367,61.540000915527344,2.496000051498413,31.170000076293945,98.38999938964844,10780.6396484375,38.60282516479492,0,0,0,1,0
2019-09-09,57.849998474121094,62.59000015258789,2.5850000381469727,31.180999755859375,98.27999877929688,10780.6396484375,38.7264518737793,0,0,0,1,0
2019-09-10,57.400001525878906,62.380001068115234,2.5799999237060547,31.174999237060547,98.33000183105469,10753.580078125,38.94723129272461,0,0,0,1,0
2019-09-11,55.75,60.810001373291016,2.552000045776367,31.084999084472656,98.6500015258789,10790.349609375,39.053226470947266,0,0,0,1,0
2019-09-12,55.09000015258789,60.380001068115234,2.5739998817443848,31.03499984741211,98.30999755859375,10827.5498046875,38.920745849609375,0,0,0,1,0
2019-09-13,54.849998474121094,60.220001220703125,2.614000082015991,30.7549991607666,98.26000213623047,10827.5498046875,39.51247024536133,0,0,0,1,0
2019-09-14,54.849998474121094,60.220001220703125,2.614000082015991,30.7549991607666,98.26000213623047,10827.5498046875,39.51247024536133,0,0,0,1,0
2019-09-15,54.849998474121094,60.220001220703125,2.614000082015991,30.7549991607666,98.26000213623047,10827.5498046875,39.51247024536133,0,0,0,1,0
2019-09-16,62.900001525878906,69.0199966430664,2.680999994277954,30.915000915527344,98.6500015258789,10898.1298828125,39.38880920410156,0,0,0,1,0
2019-09-17,59.34000015258789,64.55000305175781,2.6679999828338623,30.886999130249023,98.26000213623047,10874.5,39.856903076171875,0,0,0,1,0
2019-09-18,58.11000061035156,63.599998474121094,2.63700008392334,30.849000930786133,98.5999984741211,10929.4501953125,39.77742004394531,0,0,0,1,0
2019-09-19,58.130001068115234,64.4000015258789,2.5380001068115234,30.961999893188477,98.2699966430664,10894.7001953125,39.93931579589844,0,0,0,1,0
2019-09-20,58.09000015258789,64.27999877929688,2.5339999198913574,30.864999771118164,98.51000213623047,10929.6904296875,39.023101806640625,0,0,0,1,0
2019-09-21,58.09000015258789,64.27999877929688,2.5339999198913574,30.864999771118164,98.51000213623047,10929.6904296875,39.023101806640625,0,0,0,1,0
2019-09-22,58.09000015258789,64.27999877929688,2.5339999198913574,30.864999771118164,98.51000213623047,10929.6904296875,39.023101806640625,0,0,0,1,0
2019-09-23,58.63999938964844,64.7699966430664,2.5269999504089355,30.98699951171875,98.5999984741211,10919.01953125,39.20100402832031,0,0,0,1,0
2019-09-24,57.290000915527344,63.099998474121094,2.503000020980835,30.940000534057617,98.33999633789062,10918.009765625,39.2454833984375,0,0,0,1,0
2019-09-25,56.4900016784668,62.38999938964844,2.502000093460083,30.924999237060547,99.04000091552734,10873.6904296875,40.03714370727539,0,0,0,1,0
2019-09-26,56.40999984741211,62.7400016784668,2.427999973297119,30.94700050354004,99.20999908447266,10871.990234375,41.326961517333984,0,0,0,1,0
2019-09-27,55.90999984741211,61.90999984741211,2.4040000438690186,30.93000030517578,99.11000061035156,10829.6796875,40.48191452026367,0,0,0,1,0
2019-09-28,55.90999984741211,61.90999984741211,2.4040000438690186,30.93000030517578,99.11000061035156,10829.6796875,40.48191452026367,0,0,0,1,0
2019-09-29,55.90999984741211,61.90999984741211,2.4040000438690186,30.93000030517578,99.11000061035156,10829.6796875,40.48191452026367,0,0,0,1,0
2019-09-30,54.06999969482422,60.779998779296875,2.3299999237060547,31.033000946044922,99.37999725341797,10829.6796875,41.3447380065918,0,0,0,1,0
2019-10-01,53.619998931884766,58.88999938964844,2.2829999923706055,31.034000396728516,99.12999725341797,10967.650390625,41.976295471191406,0,0,0,1,0
2019-10-02,52.63999938964844,57.689998626708984,2.246999979019165,31.02400016784668,99.04000091552734,10947.8798828125,41.300262451171875,0,0,0,1,0
2019-10-03,52.45000076293945,57.709999084472656,2.3289999961853027,31.05500030517578,98.86000061035156,10875.91015625,41.92292404174805,0,0,0,1,0
2019-10-04,52.810001373291016,58.369998931884766,2.3519999980926514,30.915000915527344,98.80999755859375,10894.48046875,42.180885314941406,0,0,0,1,0
2019-10-05,52.810001373291016,58.369998931884766,2.3519999980926514,30.915000915527344,98.80999755859375,10894.48046875,42.180885314941406,0,0,0,1,0
2019-10-06,52.810001373291016,58.369998931884766,2.3519999980926514,30.915000915527344,98.80999755859375,10894.48046875,42.180885314941406,0,0,0,1,0
2019-10-07,52.75,58.349998474121094,2.302999973297119,30.847999572753906,98.98999786376953,10935.0595703125,42.6523323059082,0,0,0,1,0
2019-10-08,52.630001068115234,58.2400016784668,2.2880001068115234,30.785999298095703,99.13999938964844,11017.3095703125,42.57228088378906,0,0,0,1,0
2019-10-09,52.59000015258789,58.31999969482422,2.2339999675750732,30.739999771118164,99.12000274658203,10889.9599609375,43.301673889160156,0,0,0,1,0
2019-10-10,53.54999923706055,59.099998474121094,2.2179999351501465,30.658000946044922,98.70999908447266,10889.9599609375,43.5240592956543,0,0,0,1,0
2019-10-11,54.70000076293945,60.5099983215332,2.2139999866485596,30.5,98.30000305175781,10889.9599609375,43.95993423461914,0,0,0,1,0
2019-10-12,54.70000076293945,60.5099983215332,2.2139999866485596,30.5,98.30000305175781,10889.9599609375,43.95993423461914,0,0,0,1,0
2019-10-13,54.70000076293945,60.5099983215332,2.2139999866485596,30.5,98.30000305175781,10889.9599609375,43.95993423461914,0,0,0,1,0
2019-10-14,53.59000015258789,59.349998474121094,2.2799999713897705,30.625999450683594,98.44999694824219,11066.9501953125,44.39578628540039,0,0,0,1,0
2019-10-15,52.810001373291016,58.7400016784668,2.3389999866485596,30.5939998626709,98.29000091552734,11111.7998046875,44.822757720947266,0,0,0,1,0
2019-10-16,53.36000061035156,59.41999816894531,2.302999973297119,30.481000900268555,98.01000213623047,11162.830078125,44.59148406982422,0,0,0,1,0
2019-10-17,53.93000030517578,59.90999984741211,2.318000078201294,30.510000228881836,97.61000061035156,11186.8798828125,44.25346755981445,0,0,0,1,0
2019-10-18,53.779998779296875,59.41999816894531,2.319999933242798,30.60700035095215,97.27999877929688,11180.2197265625,43.83539581298828,0,0,0,1,0
2019-10-19,53.779998779296875,59.41999816894531,2.319999933242798,30.60700035095215,97.27999877929688,11180.2197265625,43.83539581298828,0,0,0,1,0
2019-10-20,53.779998779296875,59.41999816894531,2.319999933242798,30.60700035095215,97.27999877929688,11180.2197265625,43.83539581298828,0,0,0,1,0
2019-10-21,53.310001373291016,58.959999084472656,2.23799991607666,30.53700065612793,97.33000183105469,11184.150390625,44.47584533691406,0,0,0,1,0
2019-10-22,54.15999984741211,59.70000076293945,2.2720000743865967,30.518999099731445,97.52999877929688,11271.25,45.04513168334961,0,0,0,1,0
2019-10-23,55.970001220703125,61.16999816894531,2.2820000648498535,30.459999084472656,97.47000122070312,11239.669921875,44.62705612182617,0,0,0,1,0
2019-10-24,56.22999954223633,61.66999816894531,2.315999984741211,30.573999404907227,97.62999725341797,11320.1396484375,45.32088851928711,0,0,0,1,0
2019-10-25,56.65999984741211,62.02000045776367,2.299999952316284,30.493000030517578,97.83000183105469,11296.1201171875,45.48099136352539,0,0,0,1,0
2019-10-26,56.65999984741211,62.02000045776367,2.299999952316284,30.493000030517578,97.83000183105469,11296.1201171875,45.48099136352539,0,0,0,1,0
2019-10-27,56.65999984741211,62.02000045776367,2.299999952316284,30.493000030517578,97.83000183105469,11296.1201171875,45.48099136352539,0,0,0,1,0
2019-10-28,55.810001373291016,61.56999969482422,2.446000099182129,30.562000274658203,97.76000213623047,11315.01953125,45.64111328125,0,0,0,1,0
2019-10-29,55.540000915527344,61.59000015258789,2.5969998836517334,30.527000427246094,97.69000244140625,11333.8701171875,45.7834358215332,0,0,0,1,0
2019-10-30,55.060001373291016,60.61000061035156,2.690999984741211,30.39900016784668,97.6500015258789,11380.2802734375,46.174827575683594,0,0,0,1,0
2019-10-31,54.18000030517578,60.22999954223633,2.632999897003174,30.21500015258789,97.3499984741211,11358.7099609375,45.92575454711914,0,0,0,1,0
2019-11-01,56.20000076293945,61.689998626708984,2.7139999866485596,30.483999252319336,97.23999786376953,11399.5302734375,46.34382247924805,0,0,0,1,0
2019-11-02,56.20000076293945,61.689998626708984,2.7139999866485596,30.483999252319336,97.23999786376953,11399.5302734375,46.34382247924805,0,0,0,1,0
2019-11-03,56.20000076293945,61.689998626708984,2.7139999866485596,30.483999252319336,97.23999786376953,11399.5302734375,46.34382247924805,0,0,0,1,0
2019-11-04,56.540000915527344,62.130001068115234,2.821000099182129,30.434999465942383,97.51000213623047,11556.849609375,47.58026123046875,0,0,0,1,0
2019-11-05,57.22999954223633,62.959999084472656,2.861999988555908,30.32699966430664,97.9800033569336,11644.0302734375,47.633628845214844,0,0,0,1,0
2019-11-06,56.349998474121094,61.7400016784668,2.828000068664551,30.309999465942383,97.94999694824219,11653.0703125,47.713680267333984,0,0,0,1,0
2019-11-07,57.150001525878906,62.290000915527344,2.7720000743865967,30.371000289916992,98.13999938964844,11606.5595703125,47.74036407470703,0,0,0,1,0
2019-11-08,57.2400016784668,62.5099983215332,2.7890000343322754,30.246999740600586,98.3499984741211,11579.5400390625,46.993186950683594,0,0,0,1,0
2019-11-09,57.2400016784668,62.5099983215332,2.7890000343322754,30.246999740600586,98.3499984741211,11579.5400390625,46.993186950683594,0,0,0,1,0
2019-11-10,57.2400016784668,62.5099983215332,2.7890000343322754,30.246999740600586,98.3499984741211,11579.5400390625,46.993186950683594,0,0,0,1,0
2019-11-11,56.86000061035156,62.18000030517578,2.63700008392334,30.381000518798828,98.19999694824219,11427.2802734375,46.7885856628418,0,0,0,1,0
2019-11-12,56.79999923706055,62.060001373291016,2.621000051498413,30.41200065612793,98.30999755859375,11520.3701171875,46.38829803466797,0,0,0,1,0
2019-11-13,57.119998931884766,62.369998931884766,2.5999999046325684,30.3799991607666,98.37000274658203,11467.830078125,47.03765106201172,0,0,0,1,0
2019-11-14,56.77000045776367,62.279998779296875,2.6470000743865967,30.458999633789062,98.16000366210938,11450.419921875,46.68185043334961,0,0,0,1,0
2019-11-15,57.720001220703125,63.29999923706055,2.687999963760376,30.430999755859375,98.0,11525.599609375,47.40235900878906,0,0,0,1,0
2019-11-16,57.720001220703125,63.29999923706055,2.687999963760376,30.430999755859375,98.0,11525.599609375,47.40235900878906,0,0,0,1,0
2019-11-17,57.720001220703125,63.29999923706055,2.687999963760376,30.430999755859375,98.0,11525.599609375,47.40235900878906,0,0,0,1,0
2019-11-18,57.04999923706055,62.439998626708984,2.565999984741211,30.489999771118164,97.79000091552734,11599.7802734375,47.51799011230469,0,0,0,1,0
2019-11-19,55.209999084472656,60.90999984741211,2.509999990463257,30.43899917602539,97.86000061035156,11656.400390625,47.82042694091797,0,0,0,1,0
2019-11-20,57.11000061035156,62.400001525878906,2.559000015258789,30.434999465942383,97.93000030517578,11631.2001953125,47.58915710449219,0,0,0,1,0
2019-11-21,58.58000183105469,63.970001220703125,2.566999912261963,30.447999954223633,97.98999786376953,11558.26953125,47.126609802246094,0,0,0,1,0
2019-11-22,57.77000045776367,63.38999938964844,2.6649999618530273,30.44700050354004,98.2699966430664,11566.7998046875,46.95759963989258,0,0,0,1,0
2019-11-23,57.77000045776367,63.38999938964844,2.6649999618530273,30.44700050354004,98.2699966430664,11566.7998046875,46.95759963989258,0,0,0,1,0
2019-11-24,57.77000045776367,63.38999938964844,2.6649999618530273,30.44700050354004,98.2699966430664,11566.7998046875,46.95759963989258,0,0,0,1,0
2019-11-25,58.0099983215332,63.650001525878906,2.5309998989105225,30.55900001525879,98.31999969482422,11561.580078125,47.82042694091797,0,0,0,1,0
2019-11-26,58.40999984741211,64.2699966430664,2.4700000286102295,30.451000213623047,98.25,11576.8203125,47.70479202270508,0,0,0,1,0
2019-11-27,58.11000061035156,64.05999755859375,2.500999927520752,30.440000534057617,98.41000366210938,11647.4599609375,47.936058044433594,0,0,0,1,0
2019-11-28,58.11000061035156,64.05999755859375,2.500999927520752,30.461999893188477,98.41000366210938,11617.080078125,47.936058044433594,0,0,0,1,0
2019-11-29,55.16999816894531,62.43000030517578,2.2809998989105225,30.423999786376953,98.2699966430664,11489.5703125,47.22444534301758,0,0,0,1,0
2019-11-30,55.16999816894531,62.43000030517578,2.2809998989105225,30.423999786376953,98.2699966430664,11489.5703125,47.22444534301758,0,0,0,1,0
2019-12-01,55.16999816894531,62.43000030517578,2.2809998989105225,30.423999786376953,98.2699966430664,11489.5703125,47.22444534301758,0,0,0,1,0
2019-12-02,55.959999084472656,60.91999816894531,2.3289999961853027,30.52899932861328,97.86000061035156,11502.830078125,47.126609802246094,0,0,0,1,0
2019-12-03,56.099998474121094,60.81999969482422,2.440999984741211,30.43400001525879,97.73999786376953,11531.580078125,46.948692321777344,0,0,0,1,0
2019-12-04,58.43000030517578,63.0,2.3989999294281006,30.44499969482422,97.6500015258789,11510.4697265625,47.304500579833984,0,0,0,1,0
2019-12-05,58.43000030517578,63.38999938964844,2.427000045776367,30.468000411987305,97.41000366210938,11594.650390625,48.38971710205078,0,0,0,1,0
2019-12-06,59.20000076293945,64.38999938964844,2.3340001106262207,30.413999557495117,97.69999694824219,11609.6396484375,48.87004852294922,0,0,0,1,0
2019-12-07,59.20000076293945,64.38999938964844,2.3340001106262207,30.413999557495117,97.69999694824219,11609.6396484375,48.87004852294922,0,0,0,1,0
2019-12-08,59.20000076293945,64.38999938964844,2.3340001106262207,30.413999557495117,97.69999694824219,11609.6396484375,48.87004852294922,0,0,0,1,0
2019-12-09,59.02000045776367,64.25,2.2320001125335693,30.422000885009766,97.63999938964844,11660.76953125,48.44309616088867,0,0,0,1,0
2019-12-10,59.2400016784668,64.33999633789062,2.2639999389648438,30.39699935913086,97.41000366210938,11627.83984375,48.496463775634766,0,0,0,1,0
2019-12-11,58.7599983215332,63.720001220703125,2.243000030517578,30.45199966430664,97.16000366210938,11700.76953125,49.7239875793457,0,0,0,1,0
2019-12-12,59.18000030517578,64.19999694824219,2.328000068664551,30.344999313354492,97.4000015258789,11836.419921875,52.13459014892578,0,0,0,1,0
2019-12-13,60.06999969482422,65.22000122070312,2.2960000038146973,30.187000274658203,97.16999816894531,11927.73046875,51.814361572265625,0,0,0,1,0
2019-12-14,60.06999969482422,65.22000122070312,2.2960000038146973,30.187000274658203,97.16999816894531,11927.73046875,51.814361572265625,0,0,0,1,0
2019-12-15,60.06999969482422,65.22000122070312,2.2960000038146973,30.187000274658203,97.16999816894531,11927.73046875,51.814361572265625,0,0,0,1,0
2019-12-16,60.209999084472656,65.33999633789062,2.3410000801086426,30.219999313354492,97.06999969482422,11939.76953125,52.07231903076172,0,0,0,1,0
2019-12-17,60.939998626708984,66.0999984741211,2.319000005722046,30.097000122070312,97.20999908447266,12097.009765625,52.686092376708984,0,0,0,1,0
2019-12-18,60.93000030517578,66.16999816894531,2.2860000133514404,30.01799964904785,97.41000366210938,12122.4501953125,52.5704460144043,0,0,0,1,0
2019-12-19,61.220001220703125,66.54000091552734,2.2730000019073486,30.03499984741211,97.41999816894531,12018.900390625,51.91654968261719,0,0,0,1,0
2019-12-20,60.439998626708984,66.13999938964844,2.328000068664551,30.14900016784668,97.70999908447266,11959.080078125,51.889686584472656,0,0,0,1,0
2019-12-21,60.439998626708984,66.13999938964844,2.328000068664551,30.14900016784668,97.70999908447266,11959.080078125,51.889686584472656,0,0,0,1,0
2019-12-22,60.439998626708984,66.13999938964844,2.328000068664551,30.14900016784668,97.70999908447266,11959.080078125,51.889686584472656,0,0,0,1,0
2019-12-23,60.52000045776367,66.38999938964844,2.2139999866485596,30.125,97.66000366210938,12022.23046875,52.149452209472656,0,0,0,1,0
2019-12-24,61.11000061035156,67.19999694824219,2.171999931335449,30.138999938964844,97.6500015258789,11976.3798828125,51.73741149902344,0,0,0,1,0
2019-12-25,61.11000061035156,67.19999694824219,2.171999931335449,30.0,97.6500015258789,12008.1298828125,51.73741149902344,0,0,0,1,0
2019-12-26,61.68000030517578,67.91999816894531,2.2939999103546143,29.899999618530273,97.58999633789062,12001.009765625,52.17631912231445,0,0,0,1,0
2019-12-27,61.720001220703125,68.16000366210938,2.1579999923706055,30.076000213623047,96.91999816894531,12091.58984375,52.364418029785156,0,0,0,1,0
2019-12-28,61.720001220703125,68.16000366210938,2.1579999923706055,30.076000213623047,96.91999816894531,12091.58984375,52.364418029785156,0,0,0,1,0
2019-12-29,61.720001220703125,68.16000366210938,2.1579999923706055,30.076000213623047,96.91999816894531,12091.58984375,52.364418029785156,0,0,0,1,0
2019-12-30,61.68000030517578,68.44000244140625,2.186000108718872,30.08300018310547,96.73999786376953,12053.3701171875,51.818031311035156,0,0,0,1,0
2019-12-31,61.060001373291016,66.0,2.188999891281128,30.073999404907227,96.38999938964844,11997.1396484375,52.04195785522461,0,0,0,1,0
2020-01-01,61.060001373291016,66.0,2.188999891281128,29.898000717163086,96.38999938964844,11997.1396484375,52.04195785522461,1,0,0,1,1
2020-01-02,61.18000030517578,66.25,2.121999979019165,29.8439998626709,96.8499984741211,12100.48046875,53.77968978881836,1,0,0,1,1
2020-01-03,63.04999923706055,68.5999984741211,2.130000114440918,29.899999618530273,96.83999633789062,12110.4296875,52.006126403808594,1,0,0,1,1
2020-01-04,63.04999923706055,68.5999984741211,2.130000114440918,29.899999618530273,96.83999633789062,12110.4296875,52.006126403808594,1,0,0,1,1
2020-01-05,63.04999923706055,68.5999984741211,2.130000114440918,29.899999618530273,96.83999633789062,12110.4296875,52.006126403808594,1,0,0,1,1
2020-01-06,63.27000045776367,68.91000366210938,2.134999990463257,30.03499984741211,96.66999816894531,11953.3603515625,51.40598678588867,1,0,0,1,1
2020-01-07,62.70000076293945,68.2699966430664,2.1619999408721924,30.047000885009766,96.9800033569336,11880.3203125,52.23902893066406,1,0,0,1,1
2020-01-08,59.61000061035156,65.44000244140625,2.1410000324249268,29.985000610351562,97.30000305175781,11817.099609375,52.62419509887695,1,0,0,1,1
2020-01-09,59.560001373291016,65.37000274658203,2.1659998893737793,30.010000228881836,97.44999694824219,11970.6298828125,53.05414581298828,1,0,0,1,1
2020-01-10,59.040000915527344,64.9800033569336,2.2019999027252197,29.94300079345703,97.36000061035156,12024.650390625,52.72272491455078,1,0,0,1,1
2020-01-11,59.040000915527344,64.9800033569336,2.2019999027252197,29.94300079345703,97.36000061035156,12024.650390625,52.72272491455078,1,0,0,1,1
2020-01-12,59.040000915527344,64.9800033569336,2.2019999027252197,29.94300079345703,97.36000061035156,12024.650390625,52.72272491455078,1,0,0,1,1
2020-01-13,58.08000183105469,64.19999694824219,2.181999921798706,29.961999893188477,97.3499984741211,12113.419921875,53.7975959777832,1,0,0,1,1
2020-01-14,58.22999954223633,64.48999786376953,2.187000036239624,29.874000549316406,97.37000274658203,12179.8095703125,54.03048324584961,1,0,0,1,1
2020-01-15,57.810001373291016,64.0,2.119999885559082,29.826000213623047,97.2300033569336,12091.8798828125,52.301727294921875,1,0,0,1,1
2020-01-16,58.52000045776367,64.62000274658203,2.0769999027252197,29.933000564575195,97.31999969482422,12066.9296875,52.62419509887695,1,0,0,1,1
2020-01-17,58.540000915527344,64.8499984741211,2.003000020980835,29.89900016784668,97.61000061035156,12090.2900390625,52.47191619873047,1,0,0,1,1
2020-01-18,58.540000915527344,64.8499984741211,2.003000020980835,29.89900016784668,97.61000061035156,12090.2900390625,52.47191619873047,1,0,0,1,1
2020-01-19,58.540000915527344,64.8499984741211,2.003000020980835,29.89900016784668,97.61000061035156,12090.2900390625,52.47191619873047,1,0,0,1,1
2020-01-20,58.540000915527344,64.8499984741211,2.003000020980835,29.950000762939453,97.61000061035156,12118.7099609375,52.47191619873047,1,0,0,1,1
2020-01-21,58.34000015258789,64.58999633789062,1.8949999809265137,29.891000747680664,97.52999877929688,12118.7099609375,52.1673698425293,1,0,0,1,1
2020-01-22,56.7400016784668,63.209999084472656,1.9049999713897705,30.04199981689453,97.52999877929688,12118.7099609375,52.26588821411133,1,0,0,1,1
2020-01-23,55.59000015258789,62.040000915527344,1.9259999990463257,29.91900062561035,97.69000244140625,12118.7099609375,51.48661422729492,1,0,0,1,1
2020-01-24,54.189998626708984,60.689998626708984,1.8930000066757202,29.975000381469727,97.8499984741211,12118.7099609375,51.71055221557617,1,0,0,1,1
2020-01-25,54.189998626708984,60.689998626708984,1.8930000066757202,29.975000381469727,97.8499984741211,12118.7099609375,51.71055221557617,1,0,0,1,1
2020-01-26,54.189998626708984,60.689998626708984,1.8930000066757202,29.975000381469727,97.8499984741211,12118.7099609375,51.71055221557617,1,0,0,1,1
2020-01-27,53.13999938964844,59.31999969482422,1.9019999504089355,30.020000457763672,97.95999908447266,12118.7099609375,49.49808883666992,1,0,0,1,1
2020-01-28,53.47999954223633,59.5099983215332,1.934000015258789,30.094999313354492,98.0199966430664,12118.7099609375,51.13728332519531,1,0,0,1,1
2020-01-29,53.33000183105469,59.810001373291016,1.8769999742507935,30.0049991607666,97.98999786376953,12118.7099609375,51.22685241699219,1,0,0,1,1
2020-01-30,52.13999938964844,58.290000915527344,1.8289999961853027,30.090999603271484,97.87000274658203,11421.740234375,49.98178482055664,1,0,0,1,1
2020-01-31,51.560001373291016,58.15999984741211,1.840999960899353,30.204999923706055,97.38999938964844,11495.099609375,48.31572341918945,1,0,0,1,1
2020-02-01,51.560001373291016,58.15999984741211,1.840999960899353,30.204999923706055,97.38999938964844,11495.099609375,48.31572341918945,1,0,0,1,1
2020-02-02,51.560001373291016,58.15999984741211,1.840999960899353,30.204999923706055,97.38999938964844,11495.099609375,48.31572341918945,1,0,0,1,1
2020-02-03,50.11000061035156,54.45000076293945,1.819000005722046,30.34600067138672,97.80000305175781,11354.919921875,49.05919647216797,1,0,0,1,1
2020-02-04,49.61000061035156,53.959999084472656,1.871999979019165,30.239999771118164,97.95999908447266,11555.919921875,51.522430419921875,1,0,0,1,1
2020-02-05,50.75,55.279998779296875,1.8609999418258667,30.027999877929688,98.2699966430664,11573.6201171875,51.88072967529297,1,0,0,1,1
2020-02-06,50.95000076293945,54.93000030517578,1.8619999885559082,29.951000213623047,98.5,11749.6796875,51.970306396484375,1,0,0,1,1
2020-02-07,50.31999969482422,54.470001220703125,1.8580000400543213,30.030000686645508,98.68000030517578,11612.8095703125,50.34006881713867,1,0,0,1,1
2020-02-08,50.31999969482422,54.470001220703125,1.8580000400543213,30.030000686645508,98.68000030517578,11612.8095703125,50.34006881713867,1,0,0,1,1
2020-02-09,50.31999969482422,54.470001220703125,1.8580000400543213,30.030000686645508,98.68000030517578,11612.8095703125,50.34006881713867,1,0,0,1,1
2020-02-10,49.56999969482422,53.27000045776367,1.7660000324249268,30.177000045776367,98.83000183105469,11574.0703125,51.07457733154297,1,0,0,1,1
2020-02-11,49.939998626708984,54.0099983215332,1.7879999876022339,30.025999069213867,98.72000122070312,11664.0400390625,52.54356384277344,1,0,0,1,1
2020-02-12,51.16999816894531,55.790000915527344,1.843999981880188,29.948999404907227,99.05000305175781,11774.1904296875,53.41243362426758,1,0,0,1,1
2020-02-13,51.41999816894531,56.34000015258789,1.8259999752044678,29.90999984741211,99.06999969482422,11791.7802734375,53.14372253417969,1,0,0,1,1
2020-02-14,52.04999923706055,57.31999969482422,1.8370000123977661,29.985000610351562,99.12000274658203,11815.7001953125,52.12257385253906,1,0,0,1,1
2020-02-15,52.04999923706055,57.31999969482422,1.8370000123977661,29.985000610351562,99.12000274658203,11815.7001953125,52.12257385253906,1,0,0,1,1
2020-02-16,52.04999923706055,57.31999969482422,1.8370000123977661,29.985000610351562,99.12000274658203,11815.7001953125,52.12257385253906,1,0,0,1,1
2020-02-17,52.04999923706055,57.31999969482422,1.8370000123977661,30.014999389648438,99.12000274658203,11763.509765625,52.12257385253906,1,0,0,1,1
2020-02-18,52.04999923706055,57.75,1.9809999465942383,30.016000747680664,99.45999908447266,11648.98046875,50.32216262817383,1,0,0,1,1
2020-02-19,53.290000915527344,59.119998931884766,1.9550000429153442,30.05500030517578,99.5999984741211,11758.83984375,51.62992858886719,1,0,0,1,1
2020-02-20,53.779998779296875,59.310001373291016,1.9199999570846558,30.17099952697754,99.87000274658203,11725.08984375,50.590885162353516,1,0,0,1,1
2020-02-21,53.380001068115234,58.5,1.9049999713897705,30.225000381469727,99.26000213623047,11686.349609375,49.79368591308594,1,0,0,1,1
2020-02-22,53.380001068115234,58.5,1.9049999713897705,30.225000381469727,99.26000213623047,11686.349609375,49.79368591308594,1,0,0,1,1
2020-02-23,53.380001068115234,58.5,1.9049999713897705,30.225000381469727,99.26000213623047,11686.349609375,49.79368591308594,1,0,0,1,1
2020-02-24,51.43000030517578,56.29999923706055,1.8270000219345093,30.386999130249023,99.29000091552734,11534.8701171875,48.47695541381836,1,0,0,1,1
2020-02-25,49.900001525878906,54.95000076293945,1.847000002861023,30.341999053955078,98.97000122070312,11540.23046875,48.24406433105469,1,0,0,1,1
2020-02-26,48.72999954223633,53.43000030517578,1.8209999799728394,30.413000106811523,99.0,11433.6201171875,49.29207229614258,1,0,0,1,1
2020-02-27,47.09000015258789,52.18000030517578,1.7519999742507935,30.20800018310547,98.44000244140625,11292.169921875,47.7335090637207,1,0,0,1,1
2020-02-28,44.7599983215332,50.52000045776367,1.684000015258789,30.19300079345703,98.12999725341797,11292.169921875,48.22614288330078,1,0,0,1,1
2020-02-29,44.7599983215332,50.52000045776367,1.684000015258789,30.19300079345703,98.12999725341797,11292.169921875,48.22614288330078,1,0,0,1,1
2020-03-01,44.7599983215332,50.52000045776367,1.684000015258789,30.19300079345703,98.12999725341797,11292.169921875,48.22614288330078,1,0,0,1,1
2020-03-02,46.75,51.900001525878906,1.75600004196167,30.124000549316406,97.36000061035156,11170.4599609375,50.14300537109375,1,0,0,1,1
2020-03-03,47.18000030517578,51.86000061035156,1.7999999523162842,29.80500030517578,97.1500015258789,11327.7197265625,49.15770721435547,1,0,0,1,1
2020-03-04,46.779998779296875,51.130001068115234,1.8270000219345093,29.770000457763672,97.33999633789062,11392.349609375,51.12831115722656,1,0,0,1,1
2020-03-05,45.900001525878906,49.9900016784668,1.7719999551773071,29.75,96.81999969482422,11514.8203125,49.91908264160156,1,0,0,1,1
2020-03-06,41.279998779296875,45.27000045776367,1.7079999446868896,29.884000778198242,95.94999694824219,11321.8095703125,49.32789611816406,1,0,0,1,1
2020-03-07,41.279998779296875,45.27000045776367,1.7079999446868896,29.884000778198242,95.94999694824219,11321.8095703125,49.32789611816406,1,0,0,1,1
2020-03-08,41.279998779296875,45.27000045776367,1.7079999446868896,29.884000778198242,95.94999694824219,11321.8095703125,49.32789611816406,1,0,0,1,1
2020-03-09,31.1299991607666,34.36000061035156,1.777999997138977,29.900999069213867,94.9000015258789,10977.6396484375,46.42573928833008,1,0,0,1,1
2020-03-10,34.36000061035156,37.220001220703125,1.9359999895095825,29.985000610351562,96.41000366210938,11003.5400390625,48.8262825012207,1,0,0,1,1
2020-03-11,32.97999954223633,35.790000915527344,1.878000020980835,29.739999771118164,96.51000213623047,10893.75,46.79297637939453,1,0,0,1,1
2020-03-12,31.5,33.220001220703125,1.840999960899353,30.069000244140625,97.47000122070312,10422.3203125,43.61313247680664,1,0,0,1,1
2020-03-13,31.729999542236328,33.849998474121094,1.86899995803833,29.947999954223633,98.75,10128.8701171875,46.78402328491211,1,0,0,1,1
2020-03-14,31.729999542236328,33.849998474121094,1.86899995803833,29.947999954223633,98.75,10128.8701171875,46.78402328491211,1,0,0,1,1
2020-03-15,31.729999542236328,33.849998474121094,1.86899995803833,29.947999954223633,98.75,10128.8701171875,46.78402328491211,1,0,0,1,1
2020-03-16,28.700000762939453,30.049999237060547,1.815000057220459,30.10700035095215,98.08999633789062,9717.76953125,40.218318939208984,1,0,0,1,1
2020-03-17,26.950000762939453,28.729999542236328,1.7289999723434448,30.236000061035156,99.58000183105469,9439.6298828125,43.478782653808594,1,0,0,1,1
2020-03-18,20.3700008392334,24.8799991607666,1.6039999723434448,30.030000686645508,101.16000366210938,9218.669921875,39.74357986450195,1,0,0,1,1
2020-03-19,25.219999313354492,28.469999313354492,1.6540000438690186,30.125,102.76000213623047,8681.33984375,39.68661117553711,1,0,0,1,1
2020-03-20,22.43000030517578,26.979999542236328,1.6039999723434448,30.320999145507812,102.81999969482422,9234.08984375,40.265323638916016,1,0,0,1,1
2020-03-21,22.43000030517578,26.979999542236328,1.6039999723434448,30.320999145507812,102.81999969482422,9234.08984375,40.265323638916016,1,0,0,1,1
2020-03-22,22.43000030517578,26.979999542236328,1.6039999723434448,30.320999145507812,102.81999969482422,9234.08984375,40.265323638916016,1,0,0,1,1
2020-03-23,23.360000610351562,27.030000686645508,1.6019999980926514,30.268999099731445,102.48999786376953,8890.0302734375,40.92539978027344,1,0,0,1,1
2020-03-24,24.010000228881836,27.149999618530273,1.652999997138977,30.215999603271484,101.73999786376953,9285.6201171875,44.189674377441406,1,0,0,1,1
2020-03-25,24.489999771118164,27.389999389648438,1.659000039100647,30.145000457763672,101.05000305175781,9644.75,44.307220458984375,1,0,0,1,1
2020-03-26,22.600000381469727,26.34000015258789,1.6369999647140503,30.253000259399414,99.41999816894531,9736.3603515625,45.093902587890625,1,0,0,1,1
2020-03-27,21.510000228881836,24.93000030517578,1.6339999437332153,30.131000518798828,98.37000274658203,9698.919921875,42.41737747192383,1,0,0,1,1
2020-03-28,21.510000228881836,24.93000030517578,1.6339999437332153,30.131000518798828,98.37000274658203,9698.919921875,42.41737747192383,1,0,0,1,1
2020-03-29,21.510000228881836,24.93000030517578,1.6339999437332153,30.131000518798828,98.37000274658203,9698.919921875,42.41737747192383,1,0,0,1,1
2020-03-30,20.09000015258789,22.760000228881836,1.690000057220459,30.16699981689453,99.18000030517578,9629.4296875,43.240234375,1,0,0,1,1
2020-03-31,20.479999542236328,22.739999771118164,1.6399999856948853,30.030000686645508,99.05000305175781,9708.0595703125,43.21310806274414,1,0,0,1,1
2020-04-01,20.309999465942383,24.739999771118164,1.5870000123977661,30.229999542236328,99.66999816894531,9663.6298828125,42.055686950683594,1,0,0,1,1
2020-04-02,25.31999969482422,29.940000534057617,1.5520000457763672,30.218000411987305,100.18000030517578,9663.6298828125,43.52054214477539,1,0,0,1,1
2020-04-03,28.34000015258789,34.11000061035156,1.621000051498413,30.08099937438965,100.58000183105469,9663.6298828125,42.553016662597656,1,0,0,1,1
2020-04-04,28.34000015258789,34.11000061035156,1.621000051498413,30.08099937438965,100.58000183105469,9663.6298828125,42.553016662597656,1,0,0,1,1
2020-04-05,28.34000015258789,34.11000061035156,1.621000051498413,30.08099937438965,100.58000183105469,9663.6298828125,42.553016662597656,1,0,0,1,1
2020-04-06,26.079999923706055,33.04999923706055,1.7309999465942383,30.25,100.69000244140625,9818.740234375,45.184326171875,1,0,0,1,1
2020-04-07,23.6299991607666,31.8700008392334,1.8519999980926514,30.079999923706055,99.9800033569336,9996.3896484375,44.95826721191406,1,0,0,1,1
2020-04-08,25.09000015258789,32.84000015258789,1.7829999923706055,30.097000122070312,100.12000274658203,10137.4697265625,45.45559310913086,1,0,0,1,1
2020-04-09,22.760000228881836,31.479999542236328,1.7330000400543213,30.066999435424805,99.5199966430664,10119.4296875,43.70138931274414,1,0,0,1,1
2020-04-10,22.760000228881836,31.479999542236328,1.7330000400543213,30.066999435424805,99.5199966430664,10157.6103515625,43.70138931274414,1,0,0,1,1
2020-04-11,22.760000228881836,31.479999542236328,1.7330000400543213,30.066999435424805,99.5199966430664,10157.6103515625,43.70138931274414,1,0,0,1,1
2020-04-12,22.760000228881836,31.479999542236328,1.7330000400543213,30.066999435424805,99.5199966430664,10157.6103515625,43.70138931274414,1,0,0,1,1
2020-04-13,22.40999984741211,31.739999771118164,1.7239999771118164,30.025999069213867,99.3499984741211,10099.2197265625,44.0811653137207,1,0,0,1,1
2020-04-14,20.110000610351562,29.600000381469727,1.649999976158142,29.850000381469727,98.88999938964844,10332.9404296875,45.7811164855957,1,0,0,1,1
2020-04-15,19.8700008392334,27.690000534057617,1.5980000495910645,30.020999908447266,99.45999908447266,10447.2099609375,44.90400695800781,1,0,0,1,1
2020-04-16,19.8700008392334,27.81999969482422,1.6859999895095825,29.905000686645508,100.02999877929688,10375.48046875,47.3816032409668,1,0,0,1,1
2020-04-17,18.270000457763672,28.079999923706055,1.753000020980835,29.937000274658203,99.77999877929688,10597.0400390625,48.54804611206055,1,0,0,1,1
2020-04-18,18.270000457763672,28.079999923706055,1.753000020980835,29.937000274658203,99.77999877929688,10597.0400390625,48.54804611206055,1,0,0,1,1
2020-04-19,18.270000457763672,28.079999923706055,1.753000020980835,29.937000274658203,99.77999877929688,10597.0400390625,48.54804611206055,1,0,0,1,1
2020-04-20,-37.630001068115234,25.56999969482422,1.9240000247955322,30.03499984741211,99.95999908447266,10586.7099609375,47.553401947021484,1,0,0,1,1
2020-04-21,10.010000228881836,19.329999923706055,1.8209999799728394,30.030000686645508,100.26000213623047,10288.419921875,46.45024490356445,1,0,0,1,1
2020-04-22,13.779999732971191,20.3700008392334,1.9390000104904175,30.09600067138672,100.38999938964844,10307.740234375,47.87892532348633,1,0,0,1,1
2020-04-23,16.5,21.329999923706055,1.815000057220459,30.054000854492188,100.43000030517578,10366.509765625,47.59861373901367,1,0,0,1,1
2020-04-24,16.940000534057617,21.440000534057617,1.746000051498413,29.854999542236328,100.37999725341797,10347.3603515625,47.68000030517578,1,0,0,1,1
2020-04-25,16.940000534057617,21.440000534057617,1.746000051498413,29.854999542236328,100.37999725341797,10347.3603515625,47.68000030517578,1,0,0,1,1
2020-04-26,16.940000534057617,21.440000534057617,1.746000051498413,29.854999542236328,100.37999725341797,10347.3603515625,47.68000030517578,1,0,0,1,1
2020-04-27,12.779999732971191,19.989999771118164,1.819000005722046,30.07900047302246,100.04000091552734,10567.26953125,48.38528823852539,1,0,0,1,1
2020-04-28,12.34000015258789,20.459999084472656,1.7940000295639038,29.913000106811523,99.87000274658203,10616.0595703125,47.707122802734375,1,0,0,1,1
2020-04-29,15.0600004196167,22.540000915527344,1.86899995803833,29.80500030517578,99.56999969482422,10772.2197265625,49.262386322021484,1,0,0,1,1
2020-04-30,18.84000015258789,25.270000457763672,1.9490000009536743,29.6299991607666,99.0199966430664,10992.1396484375,48.04168701171875,1,0,0,1,1
2020-05-01,19.780000686645508,26.440000534057617,1.8899999856948853,29.584999084472656,98.80000305175781,10992.1396484375,46.20609664916992,1,0,0,1,1
2020-05-02,19.780000686645508,26.440000534057617,1.8899999856948853,29.584999084472656,98.80000305175781,10992.1396484375,46.20609664916992,1,0,0,1,1
2020-05-03,19.780000686645508,26.440000534057617,1.8899999856948853,29.584999084472656,98.80000305175781,10992.1396484375,46.20609664916992,1,0,0,1,1
2020-05-04,20.389999389648438,27.200000762939453,1.9930000305175781,29.89299964904785,99.4800033569336,10720.48046875,47.15555191040039,1,0,0,1,1
2020-05-05,24.559999465942383,30.969999313354492,2.134000062942505,29.610000610351562,99.70999908447266,10774.6103515625,46.75768280029297,1,0,0,1,1
2020-05-06,23.989999771118164,29.719999313354492,1.944000005722046,29.625,100.08999633789062,10774.98046875,47.1374626159668,1,0,0,1,1
2020-05-07,23.549999237060547,29.459999084472656,1.8940000534057617,29.996999740600586,99.88999938964844,10842.919921875,47.31829833984375,1,0,0,1,1
2020-05-08,24.739999771118164,30.969999313354492,1.8229999542236328,29.780000686645508,99.7300033569336,10901.419921875,47.8427619934082,1,0,0,1,1
2020-05-09,24.739999771118164,30.969999313354492,1.8229999542236328,29.780000686645508,99.7300033569336,10901.419921875,47.8427619934082,1,0,0,1,1
2020-05-10,24.739999771118164,30.969999313354492,1.8229999542236328,29.780000686645508,99.7300033569336,10901.419921875,47.8427619934082,1,0,0,1,1
2020-05-11,24.139999389648438,29.6299991607666,1.8259999752044678,29.84000015258789,100.23999786376953,11013.259765625,47.3816032409668,1,0,0,1,1
2020-05-12,25.780000686645508,29.979999542236328,1.7200000286102295,29.892000198364258,99.93000030517578,10879.4697265625,46.20609664916992,1,0,0,1,1
2020-05-13,25.290000915527344,29.190000534057617,1.6160000562667847,29.788000106811523,100.23999786376953,10938.26953125,46.043338775634766,1,0,0,1,1
2020-05-14,27.559999465942383,31.1299991607666,1.680999994277954,29.892000198364258,100.47000122070312,10780.8798828125,47.11033630371094,1,0,0,1,1
2020-05-15,29.43000030517578,32.5,1.6460000276565552,29.875999450683594,100.4000015258789,10814.919921875,45.03060531616211,1,0,0,1,1
2020-05-16,29.43000030517578,32.5,1.6460000276565552,29.875999450683594,100.4000015258789,10814.919921875,45.03060531616211,1,0,0,1,1
2020-05-17,29.43000030517578,32.5,1.6460000276565552,29.875999450683594,100.4000015258789,10814.919921875,45.03060531616211,1,0,0,1,1
2020-05-18,31.81999969482422,34.810001373291016,1.7829999923706055,29.95400047302246,99.66999816894531,10740.5498046875,46.90235137939453,1,0,0,1,1
2020-05-19,32.5,34.650001525878906,1.8300000429153442,29.940000534057617,99.37000274658203,10860.4404296875,45.94387435913086,1,0,0,1,1
2020-05-20,33.4900016784668,35.75,1.7710000276565552,29.844999313354492,99.12000274658203,10907.7998046875,46.87523651123047,1,0,0,1,1
2020-05-21,33.91999816894531,36.060001373291016,1.7100000381469727,29.8799991607666,99.37000274658203,11008.3095703125,45.889617919921875,1,0,0,1,1
2020-05-22,33.25,35.130001068115234,1.7309999465942383,29.875999450683594,99.86000061035156,10811.150390625,45.03060531616211,1,0,0,1,1
2020-05-23,33.25,35.130001068115234,1.7309999465942383,29.875999450683594,99.86000061035156,10811.150390625,45.03060531616211,1,0,0,1,1
2020-05-24,33.25,35.130001068115234,1.7309999465942383,29.875999450683594,99.86000061035156,10811.150390625,45.03060531616211,1,0,0,1,1
2020-05-25,33.25,35.130001068115234,1.7309999465942383,30.06800079345703,99.86000061035156,10871.1796875,45.03060531616211,1,0,0,1,1
2020-05-26,34.349998474121094,36.16999816894531,1.7929999828338623,30.038000106811523,98.91000366210938,10997.2099609375,45.952919006347656,1,0,0,1,1
2020-05-27,32.810001373291016,34.7400016784668,1.722000002861023,29.975000381469727,99.05999755859375,11014.66015625,46.784812927246094,1,0,0,1,1
2020-05-28,33.709999084472656,35.290000915527344,1.8270000219345093,30.024999618530273,98.37999725341797,10944.1904296875,45.464630126953125,1,0,0,1,1
2020-05-29,35.4900016784668,35.33000183105469,1.8489999771118164,29.90999984741211,98.33999633789062,10942.16015625,45.509849548339844,1,0,0,1,1
2020-05-30,35.4900016784668,35.33000183105469,1.8489999771118164,29.90999984741211,98.33999633789062,10942.16015625,45.509849548339844,1,0,0,1,1
2020-05-31,35.4900016784668,35.33000183105469,1.8489999771118164,29.90999984741211,98.33999633789062,10942.16015625,45.509849548339844,1,0,0,1,1
2020-06-01,35.439998626708984,38.31999969482422,1.7740000486373901,29.944000244140625,97.83000183105469,11079.01953125,46.1428108215332,1,0,0,1,1
2020-06-02,36.810001373291016,39.56999969482422,1.7769999504089355,29.83300018310547,97.66999816894531,11127.9296875,47.028961181640625,1,0,0,1,1
2020-06-03,37.290000915527344,39.790000915527344,1.8209999799728394,29.8710994720459,97.27999877929688,11320.16015625,47.9783935546875,1,0,0,1,1
2020-06-04,37.40999984741211,39.9900016784668,1.8220000267028809,29.857999801635742,96.68000030517578,11393.23046875,49.08155059814453,1,0,0,1,1
2020-06-05,39.54999923706055,42.29999923706055,1.781999945640564,29.845199584960938,96.94000244140625,11479.400390625,49.91343307495117,1,0,0,1,1
2020-06-06,39.54999923706055,42.29999923706055,1.781999945640564,29.845199584960938,96.94000244140625,11479.400390625,49.91343307495117,1,0,0,1,1
2020-06-07,39.54999923706055,42.29999923706055,1.781999945640564,29.845199584960938,96.94000244140625,11479.400390625,49.91343307495117,1,0,0,1,1
2020-06-08,38.189998626708984,40.79999923706055,1.7890000343322754,29.71299934387207,96.62000274658203,11610.3203125,50.24801254272461,1,0,0,1,1
2020-06-09,38.939998626708984,41.18000030517578,1.7669999599456787,29.649999618530273,96.31999969482422,11637.1103515625,51.18840026855469,1,0,0,1,1
2020-06-10,39.599998474121094,41.72999954223633,1.7799999713897705,29.594999313354492,95.95999908447266,11720.16015625,52.03837966918945,1,0,0,1,1
2020-06-11,36.34000015258789,38.54999923706055,1.812999963760376,29.55299949645996,96.7300033569336,11535.76953125,49.768768310546875,1,0,0,1,1
2020-06-12,36.2599983215332,38.72999954223633,1.7309999465942383,29.524999618530273,97.31999969482422,11429.9404296875,50.6368293762207,1,0,0,1,1
2020-06-13,36.2599983215332,38.72999954223633,1.7309999465942383,29.524999618530273,97.31999969482422,11429.9404296875,50.6368293762207,1,0,0,1,1
2020-06-14,36.2599983215332,38.72999954223633,1.7309999465942383,29.524999618530273,97.31999969482422,11429.9404296875,50.6368293762207,1,0,0,1,1
2020-06-15,37.119998931884766,39.720001220703125,1.6690000295639038,29.62809944152832,96.68000030517578,11306.259765625,50.65491485595703,1,0,0,1,1
2020-06-16,38.380001068115234,40.959999084472656,1.6139999628067017,29.479999542236328,96.95999908447266,11511.6396484375,50.45597457885742,1,0,0,1,1
2020-06-17,37.959999084472656,40.709999084472656,1.6380000114440918,29.485000610351562,97.16000366210938,11534.58984375,51.17935562133789,1,0,0,1,1
2020-06-18,38.84000015258789,41.5099983215332,1.6380000114440918,29.489999771118164,97.41999816894531,11548.330078125,51.15203857421875,1,0,0,1,1
2020-06-19,39.75,42.189998626708984,1.6690000295639038,29.5939998626709,97.62000274658203,11549.8603515625,50.386802673339844,1,0,0,1,1
2020-06-20,39.75,42.189998626708984,1.6690000295639038,29.5939998626709,97.62000274658203,11549.8603515625,50.386802673339844,1,0,0,1,1
2020-06-21,39.75,42.189998626708984,1.6690000295639038,29.5939998626709,97.62000274658203,11549.8603515625,50.386802673339844,1,0,0,1,1
2020-06-22,40.459999084472656,43.08000183105469,1.6640000343322754,29.583999633789062,97.04000091552734,11572.9296875,51.01538848876953,1,0,0,1,1
2020-06-23,40.369998931884766,42.630001068115234,1.6369999647140503,29.434999465942383,96.69000244140625,11612.3603515625,51.70773696899414,1,0,0,1,1
2020-06-24,38.0099983215332,40.310001373291016,1.597000002861023,29.54800033569336,97.1500015258789,11660.669921875,51.543758392333984,1,0,0,1,1
2020-06-25,38.720001220703125,41.04999923706055,1.4819999933242798,29.395000457763672,97.43000030517578,11660.669921875,51.96281051635742,1,0,0,1,1
2020-06-26,38.4900016784668,41.02000045776367,1.4950000047683716,29.3799991607666,97.5,11660.669921875,51.31601333618164,1,0,0,1,1
2020-06-27,38.4900016784668,41.02000045776367,1.4950000047683716,29.3799991607666,97.5,11660.669921875,51.31601333618164,1,0,0,1,1
2020-06-28,38.4900016784668,41.02000045776367,1.4950000047683716,29.3799991607666,97.5,11660.669921875,51.31601333618164,1,0,0,1,1
2020-06-29,39.70000076293945,41.709999084472656,1.7089999914169312,29.52199935913086,97.54000091552734,11542.6201171875,51.370670318603516,1,0,0,1,1
2020-06-30,39.27000045776367,41.150001525878906,1.7510000467300415,29.411500930786133,97.38999938964844,11621.240234375,51.71684646606445,1,0,0,1,1
2020-07-01,39.81999969482422,42.029998779296875,1.6710000038146973,29.395999908447266,97.19999694824219,11703.419921875,51.76239013671875,1,0,0,1,1
2020-07-02,40.650001525878906,43.13999938964844,1.7339999675750732,29.42770004272461,97.31999969482422,11805.1396484375,53.40217208862305,1,0,0,1,1
2020-07-03,40.650001525878906,43.13999938964844,1.7339999675750732,29.432100296020508,97.31999969482422,11909.16015625,53.40217208862305,1,0,0,1,1
2020-07-04,40.650001525878906,43.13999938964844,1.7339999675750732,29.432100296020508,97.31999969482422,11909.16015625,53.40217208862305,1,0,0,1,1
2020-07-05,40.650001525878906,43.13999938964844,1.7339999675750732,29.432100296020508,97.31999969482422,11909.16015625,53.40217208862305,1,0,0,1,1
2020-07-06,40.630001068115234,43.099998474121094,1.8300000429153442,29.451000213623047,96.79000091552734,12116.7001953125,56.37199020385742,1,0,0,1,1
2020-07-07,40.619998931884766,43.08000183105469,1.8760000467300415,29.40410041809082,96.87999725341797,12092.9697265625,55.3061408996582,1,0,0,1,1
2020-07-08,40.900001525878906,43.290000915527344,1.8240000009536743,29.479000091552734,96.43000030517578,12170.1904296875,57.018795013427734,1,0,0,1,1
2020-07-09,39.619998931884766,42.349998474121094,1.7790000438690186,29.340200424194336,96.69999694824219,12192.6904296875,59.01386642456055,1,0,0,1,1
2020-07-10,40.54999923706055,43.2400016784668,1.8049999475479126,29.329999923706055,96.6500015258789,12073.6796875,58.16664505004883,1,0,0,1,1
2020-07-11,40.54999923706055,43.2400016784668,1.8049999475479126,29.329999923706055,96.6500015258789,12073.6796875,58.16664505004883,1,0,0,1,1
2020-07-12,40.54999923706055,43.2400016784668,1.8049999475479126,29.329999923706055,96.6500015258789,12073.6796875,58.16664505004883,1,0,0,1,1
2020-07-13,40.099998474121094,42.720001220703125,1.7389999628067017,29.46299934387207,96.45999908447266,12211.5595703125,59.278053283691406,1,0,0,1,1
2020-07-14,40.290000915527344,42.900001525878906,1.746000051498413,29.45599937438965,96.26000213623047,12209.009765625,60.999813079833984,1,0,0,1,1
2020-07-15,41.20000076293945,43.790000915527344,1.777999997138977,29.387699127197266,96.08000183105469,12202.849609375,60.179931640625,1,0,0,1,1
2020-07-16,40.75,43.369998931884766,1.7230000495910645,29.476999282836914,96.3499984741211,12157.740234375,60.66275405883789,1,0,0,1,1
2020-07-17,40.59000015258789,43.13999938964844,1.718000054359436,29.36389923095703,95.94000244140625,12181.5595703125,60.489662170410156,1,0,0,1,1
2020-07-18,40.59000015258789,43.13999938964844,1.718000054359436,29.36389923095703,95.94000244140625,12181.5595703125,60.489662170410156,1,0,0,1,1
2020-07-19,40.59000015258789,43.13999938964844,1.718000054359436,29.36389923095703,95.94000244140625,12181.5595703125,60.489662170410156,1,0,0,1,1
2020-07-20,40.810001373291016,43.279998779296875,1.6410000324249268,29.45400047302246,95.83000183105469,12174.5400390625,60.9360466003418,1,0,0,1,1
2020-07-21,41.959999084472656,44.31999969482422,1.6749999523162842,29.44700050354004,95.12000274658203,12397.5498046875,61.77417755126953,1,0,0,1,1
2020-07-22,41.900001525878906,44.290000915527344,1.680999994277954,29.402000427246094,94.97000122070312,12473.26953125,62.43006134033203,1,0,0,1,1
2020-07-23,41.06999969482422,43.310001373291016,1.784999966621399,29.431699752807617,94.69000244140625,12413.0400390625,61.373329162597656,1,0,0,1,1
2020-07-24,41.290000915527344,43.34000015258789,1.8079999685287476,29.426700592041016,94.44000244140625,12304.0400390625,67.32208251953125,1,0,0,1,1
2020-07-25,41.290000915527344,43.34000015258789,1.8079999685287476,29.426700592041016,94.44000244140625,12304.0400390625,67.32208251953125,1,0,0,1,1
2020-07-26,41.290000915527344,43.34000015258789,1.8079999685287476,29.426700592041016,94.44000244140625,12304.0400390625,67.32208251953125,1,0,0,1,1
2020-07-27,41.599998474121094,43.40999984741211,1.7339999675750732,29.451000213623047,93.66999816894531,12588.2998046875,75.83984375,1,0,0,1,1
2020-07-28,41.040000915527344,43.220001220703125,1.7999999523162842,29.18000030517578,93.76000213623047,12586.73046875,70.0732650756836,1,0,0,1,1
2020-07-29,41.27000045776367,43.75,1.8539999723434448,29.312000274658203,93.26000213623047,12540.9697265625,75.31147003173828,1,0,0,1,1
2020-07-30,39.91999816894531,42.939998626708984,1.8289999961853027,29.259000778198242,93.0199966430664,12722.919921875,72.8153305053711,1,0,0,1,1
2020-07-31,40.27000045776367,43.29999923706055,1.7990000247955322,29.15999984741211,93.48999786376953,12664.7998046875,71.867919921875,1,0,0,1,1
2020-08-01,40.27000045776367,43.29999923706055,1.7990000247955322,29.15999984741211,93.48999786376953,12664.7998046875,71.867919921875,1,0,0,1,1
2020-08-02,40.27000045776367,43.29999923706055,1.7990000247955322,29.15999984741211,93.48999786376953,12664.7998046875,71.867919921875,1,0,0,1,1
2020-08-03,41.0099983215332,44.150001525878906,2.1010000705718994,29.309999465942383,93.5,12513.0302734375,71.92259216308594,1,0,0,1,1
2020-08-04,41.70000076293945,44.43000030517578,2.193000078201294,29.24799919128418,93.37999725341797,12709.919921875,73.05220031738281,1,0,0,1,1
2020-08-05,42.189998626708984,45.16999816894531,2.190999984741211,29.264999389648438,92.83000183105469,12802.2998046875,74.36402893066406,1,0,0,1,1
2020-08-06,41.95000076293945,45.09000015258789,2.1649999618530273,29.33810043334961,92.79000091552734,12913.5,73.35282135009766,1,0,0,1,1
2020-08-07,41.220001220703125,44.400001525878906,2.23799991607666,29.36910057067871,93.44000244140625,12828.8701171875,72.90644836425781,1,0,0,1,1
2020-08-08,41.220001220703125,44.400001525878906,2.23799991607666,29.36910057067871,93.44000244140625,12828.8701171875,72.90644836425781,1,0,0,1,1
2020-08-09,41.220001220703125,44.400001525878906,2.23799991607666,29.36910057067871,93.44000244140625,12828.8701171875,72.90644836425781,1,0,0,1,1
2020-08-10,41.939998626708984,44.9900016784668,2.1530001163482666,29.42099952697754,93.58000183105469,12894.0,72.76069641113281,1,0,0,1,1
2020-08-11,41.61000061035156,44.5,2.1710000038146973,29.312999725341797,93.62999725341797,12780.1904296875,71.0024642944336,1,0,0,1,1
2020-08-12,42.66999816894531,45.43000030517578,2.1519999504089355,29.31800079345703,93.44000244140625,12670.349609375,72.32341003417969,1,0,0,1,1
2020-08-13,42.2400016784668,44.959999084472656,2.181999921798706,29.296199798583984,93.33999633789062,12763.1298828125,71.33042907714844,1,0,0,1,1
2020-08-14,42.0099983215332,44.79999923706055,2.3559999465942383,29.338899612426758,93.0999984741211,12795.4599609375,71.4306640625,1,0,0,1,1
2020-08-15,42.0099983215332,44.79999923706055,2.3559999465942383,29.338899612426758,93.0999984741211,12795.4599609375,71.4306640625,1,0,0,1,1
2020-08-16,42.0099983215332,44.79999923706055,2.3559999465942383,29.338899612426758,93.0999984741211,12795.4599609375,71.4306640625,1,0,0,1,1
2020-08-17,42.88999938964844,45.369998931884766,2.3389999866485596,29.381999969482422,92.8499984741211,12956.1103515625,73.05220031738281,1,0,0,1,1
2020-08-18,42.88999938964844,45.459999084472656,2.4170000553131104,29.3356990814209,92.2699966430664,12872.1396484375,72.34164428710938,1,0,0,1,1
2020-08-19,42.93000030517578,45.369998931884766,2.4260001182556152,29.354700088500977,92.88999938964844,12778.6396484375,71.5490951538086,1,0,0,1,1
2020-08-20,42.58000183105469,44.900001525878906,2.3519999980926514,29.416000366210938,92.79000091552734,12362.6396484375,69.9730453491211,1,0,0,1,1
2020-08-21,42.34000015258789,44.349998474121094,2.447999954223633,29.320999145507812,93.25,12607.83984375,71.36688232421875,1,0,0,1,1
2020-08-22,42.34000015258789,44.349998474121094,2.447999954223633,29.320999145507812,93.25,12607.83984375,71.36688232421875,1,0,0,1,1
2020-08-23,42.34000015258789,44.349998474121094,2.447999954223633,29.320999145507812,93.25,12607.83984375,71.36688232421875,1,0,0,1,1
2020-08-24,42.619998931884766,45.130001068115234,2.513000011444092,29.392000198364258,93.30000305175781,12647.1298828125,71.87702178955078,1,0,0,1,1
2020-08-25,43.349998474121094,45.86000061035156,2.489000082015991,29.290000915527344,93.0199966430664,12758.25,72.91556549072266,1,0,0,1,1
2020-08-26,43.38999938964844,45.63999938964844,2.4609999656677246,29.290000915527344,93.01000213623047,12833.2900390625,74.4733657836914,1,0,0,1,1
2020-08-27,43.040000915527344,45.09000015258789,2.5789999961853027,29.281700134277344,93.01000213623047,12797.3095703125,73.42569732666016,1,0,0,1,1
2020-08-28,42.970001220703125,45.04999923706055,2.6570000648498535,29.323200225830078,92.37000274658203,12728.849609375,73.27995300292969,1,0,0,1,1
2020-08-29,42.970001220703125,45.04999923706055,2.6570000648498535,29.323200225830078,92.37000274658203,12728.849609375,73.27995300292969,1,0,0,1,1
2020-08-30,42.970001220703125,45.04999923706055,2.6570000648498535,29.323200225830078,92.37000274658203,12728.849609375,73.27995300292969,1,0,0,1,1
2020-08-31,42.61000061035156,45.279998779296875,2.630000114440918,29.331499099731445,92.13999938964844,12591.4501953125,72.19587707519531,1,0,0,1,1
2020-09-01,42.7599983215332,45.58000183105469,2.5269999504089355,29.308000564575195,92.33999633789062,12703.2802734375,74.29117584228516,1,0,0,1,1
2020-09-02,41.5099983215332,44.43000030517578,2.4860000610351562,29.303499221801758,92.8499984741211,12699.5,74.85599517822266,1,0,0,1,1
2020-09-03,41.369998931884766,44.06999969482422,2.486999988555908,29.29290008544922,92.73999786376953,12757.9697265625,73.95408630371094,1,0,0,1,1
2020-09-04,39.77000045776367,42.65999984741211,2.5880000591278076,29.27899932861328,92.72000122070312,12637.9501953125,71.88615417480469,1,0,0,1,1
2020-09-05,39.77000045776367,42.65999984741211,2.5880000591278076,29.27899932861328,92.72000122070312,12637.9501953125,71.88615417480469,1,0,0,1,1
2020-09-06,39.77000045776367,42.65999984741211,2.5880000591278076,29.27899932861328,92.72000122070312,12637.9501953125,71.88615417480469,1,0,0,1,1
2020-09-07,39.77000045776367,42.65999984741211,2.5880000591278076,29.323999404907227,92.72000122070312,12601.400390625,71.88615417480469,1,0,0,1,1
2020-09-08,36.7599983215332,39.779998779296875,2.4000000953674316,29.305200576782227,93.4800033569336,12663.5595703125,70.43766021728516,1,0,0,1,1
2020-09-09,38.04999923706055,40.790000915527344,2.4059998989105225,29.246999740600586,93.26000213623047,12608.580078125,72.33252716064453,1,0,0,1,1
2020-09-10,37.29999923706055,40.060001373291016,2.322999954223633,29.2810001373291,93.33999633789062,12691.75,71.87702178955078,1,0,0,1,1
2020-09-11,37.33000183105469,39.83000183105469,2.2690000534057617,29.268600463867188,93.33000183105469,12675.9501953125,71.8041763305664,1,0,0,1,1
2020-09-12,37.33000183105469,39.83000183105469,2.2690000534057617,29.268600463867188,93.33000183105469,12675.9501953125,71.8041763305664,1,0,0,1,1
2020-09-13,37.33000183105469,39.83000183105469,2.2690000534057617,29.268600463867188,93.33000183105469,12675.9501953125,71.8041763305664,1,0,0,1,1
2020-09-14,37.2599983215332,39.61000061035156,2.309999942779541,29.281999588012695,93.06999969482422,12787.8203125,73.3346176147461,1,0,0,1,1
2020-09-15,38.279998779296875,40.529998779296875,2.361999988555908,29.12299919128418,93.05000305175781,12845.650390625,78.2083969116211,1,0,0,1,1
2020-09-16,40.15999984741211,42.220001220703125,2.2669999599456787,29.19499969482422,93.20999908447266,12976.759765625,75.73052215576172,1,0,0,1,1
2020-09-17,40.970001220703125,43.29999923706055,2.0420000553131104,29.18000030517578,92.97000122070312,12872.740234375,75.00438690185547,1,0,0,1,1
2020-09-18,41.11000061035156,43.150001525878906,2.0480000972747803,29.122100830078125,92.93000030517578,12875.6201171875,73.46601867675781,1,0,0,1,1
2020-09-19,41.11000061035156,43.150001525878906,2.0480000972747803,29.122100830078125,92.93000030517578,12875.6201171875,73.46601867675781,1,0,0,1,1
2020-09-20,41.11000061035156,43.150001525878906,2.0480000972747803,29.122100830078125,92.93000030517578,12875.6201171875,73.46601867675781,1,0,0,1,1
2020-09-21,39.310001373291016,41.439998626708984,1.8350000381469727,29.0049991607666,93.54000091552734,12795.1201171875,73.79564666748047,1,0,0,1,1
2020-09-22,39.599998474121094,41.720001220703125,1.8339999914169312,28.968700408935547,93.98999786376953,12645.509765625,73.69493103027344,1,0,0,1,1
2020-09-23,39.93000030517578,41.77000045776367,2.125,29.033000946044922,94.38999938964844,12583.8798828125,71.35076141357422,1,0,0,1,1
2020-09-24,40.310001373291016,41.939998626708984,2.247999906539917,29.19230079650879,94.3499984741211,12264.3798828125,71.77196502685547,1,0,0,1,1
2020-09-25,40.25,41.91999816894531,2.1389999389648438,29.26409912109375,94.58000183105469,12232.91015625,72.22982788085938,1,0,0,1,1
2020-09-26,40.25,41.91999816894531,2.1389999389648438,29.26409912109375,94.58000183105469,12232.91015625,72.22982788085938,1,0,0,1,1
2020-09-27,40.25,41.91999816894531,2.1389999389648438,29.26409912109375,94.58000183105469,12232.91015625,72.22982788085938,1,0,0,1,1
2020-09-28,40.599998474121094,42.43000030517578,2.1010000705718994,29.251800537109375,94.26000213623047,12462.759765625,73.04476928710938,1,0,0,1,1
2020-09-29,39.290000915527344,41.029998779296875,2.561000108718872,29.100000381469727,93.88999938964844,12467.73046875,73.72240447998047,1,0,0,1,1
2020-09-30,40.220001220703125,40.95000076293945,2.5269999504089355,28.889999389648438,93.88999938964844,12515.6103515625,74.23516845703125,1,0,0,1,1
2020-10-01,38.720001220703125,40.93000030517578,2.5269999504089355,28.91200065612793,93.70999908447266,12515.6103515625,75.65452575683594,1,0,0,1,1
2020-10-02,37.04999923706055,39.27000045776367,2.437999963760376,28.867000579833984,93.83999633789062,12515.6103515625,73.98794555664062,1,0,0,1,1
2020-10-03,37.04999923706055,39.27000045776367,2.437999963760376,28.867000579833984,93.83999633789062,12515.6103515625,73.98794555664062,1,0,0,1,1
2020-10-04,37.04999923706055,39.27000045776367,2.437999963760376,28.867000579833984,93.83999633789062,12515.6103515625,73.98794555664062,1,0,0,1,1
2020-10-05,39.220001220703125,41.290000915527344,2.615000009536743,28.920000076293945,93.51000213623047,12548.2802734375,77.41265106201172,1,0,0,1,1
2020-10-06,40.66999816894531,42.650001525878906,2.5199999809265137,28.7052001953125,93.83000183105469,12704.23046875,76.11235809326172,1,0,0,1,1
2020-10-07,39.95000076293945,41.9900016784668,2.6059999465942383,28.80699920654297,93.62999725341797,12746.3701171875,79.59200286865234,1,0,0,1,1
2020-10-08,41.189998626708984,43.34000015258789,2.627000093460083,28.613000869750977,93.61000061035156,12887.1904296875,80.39781951904297,1,0,0,1,1
2020-10-09,40.599998474121094,42.849998474121094,2.740999937057495,28.63170051574707,93.05999755859375,12887.1904296875,81.29520416259766,1,0,0,1,1
2020-10-10,40.599998474121094,42.849998474121094,2.740999937057495,28.63170051574707,93.05999755859375,12887.1904296875,81.29520416259766,1,0,0,1,1
2020-10-11,40.599998474121094,42.849998474121094,2.740999937057495,28.63170051574707,93.05999755859375,12887.1904296875,81.29520416259766,1,0,0,1,1
2020-10-12,39.43000030517578,41.720001220703125,2.88100004196167,28.60099983215332,93.06999969482422,12955.91015625,83.24560546875,1,0,0,1,1
2020-10-13,40.20000076293945,42.45000076293945,2.8550000190734863,28.610000610351562,93.52999877929688,12947.1298828125,82.08267974853516,1,0,0,1,1
2020-10-14,41.040000915527344,43.31999969482422,2.635999917984009,28.835599899291992,93.37999725341797,12919.3095703125,81.1303482055664,1,0,0,1,1
2020-10-15,40.959999084472656,43.15999984741211,2.7750000953674316,28.718000411987305,93.86000061035156,12827.8203125,80.71829986572266,1,0,0,1,1
2020-10-16,40.880001068115234,42.93000030517578,2.7730000019073486,28.732999801635742,93.68000030517578,12750.3701171875,79.3905258178711,1,0,0,1,1
2020-10-17,40.880001068115234,42.93000030517578,2.7730000019073486,28.732999801635742,93.68000030517578,12750.3701171875,79.3905258178711,1,0,0,1,1
2020-10-18,40.880001068115234,42.93000030517578,2.7730000019073486,28.732999801635742,93.68000030517578,12750.3701171875,79.3905258178711,1,0,0,1,1
2020-10-19,40.83000183105469,42.619998931884766,2.7950000762939453,28.77199935913086,93.43000030517578,12908.33984375,80.17802429199219,1,0,0,1,1
2020-10-20,41.459999084472656,43.15999984741211,2.9130001068115234,28.713300704956055,93.06999969482422,12862.3701171875,80.81901550292969,1,0,0,1,1
2020-10-21,40.029998779296875,41.72999954223633,3.0230000019073486,28.523000717163086,92.61000061035156,12877.25,80.25127410888672,1,0,0,1,1
2020-10-22,40.63999938964844,42.459999084472656,3.006999969482422,28.676000595092773,92.94999694824219,12917.0302734375,80.77323913574219,1,0,0,1,1
2020-10-23,39.849998474121094,41.77000045776367,2.9709999561309814,28.680999755859375,92.7699966430664,12898.8203125,80.86481475830078,1,0,0,1,1
2020-10-24,39.849998474121094,41.77000045776367,2.9709999561309814,28.680999755859375,92.7699966430664,12898.8203125,80.86481475830078,1,0,0,1,1
2020-10-25,39.849998474121094,41.77000045776367,2.9709999561309814,28.680999755859375,92.7699966430664,12898.8203125,80.86481475830078,1,0,0,1,1
2020-10-26,38.560001373291016,40.459999084472656,3.0239999294281006,28.58300018310547,93.05000305175781,12909.0302734375,79.41802215576172,1,0,0,1,1
2020-10-27,39.56999969482422,41.20000076293945,3.0190000534057617,28.596799850463867,92.94000244140625,12875.009765625,79.39970397949219,1,0,0,1,1
2020-10-28,37.38999938964844,39.119998931884766,2.996000051498413,28.573999404907227,93.41000366210938,12793.75,76.78081512451172,1,0,0,1,1
2020-10-29,36.16999816894531,37.650001525878906,3.3010001182556152,28.58300018310547,93.95999908447266,12662.91015625,77.7331314086914,1,0,0,1,1
2020-10-30,35.790000915527344,37.459999084472656,3.3540000915527344,28.3656005859375,94.04000091552734,12546.33984375,76.79914093017578,1,0,0,1,1
2020-10-31,35.790000915527344,37.459999084472656,3.3540000915527344,28.3656005859375,94.04000091552734,12546.33984375,76.79914093017578,1,0,0,1,1
2020-11-01,35.790000915527344,37.459999084472656,3.3540000915527344,28.3656005859375,94.04000091552734,12546.33984375,76.79914093017578,1,0,0,1,1
2020-11-02,36.810001373291016,38.970001220703125,3.24399995803833,28.583599090576172,94.05000305175781,12591.3095703125,78.48399353027344,1,0,0,1,1
2020-11-03,37.65999984741211,39.709999084472656,3.059000015258789,28.558300018310547,93.55000305175781,12736.009765625,80.29706573486328,1,0,0,1,1
2020-11-04,39.150001525878906,41.22999954223633,3.0460000038146973,28.594600677490234,93.41000366210938,12867.900390625,81.90870666503906,1,0,0,1,1
2020-11-05,38.790000915527344,40.93000030517578,2.941999912261963,28.551700592041016,92.52999877929688,12918.7998046875,82.80607604980469,1,0,0,1,1
2020-11-06,37.13999938964844,39.45000076293945,2.888000011444092,28.531299591064453,92.2300033569336,12973.5302734375,83.7034683227539,1,0,0,1,1
2020-11-07,37.13999938964844,39.45000076293945,2.888000011444092,28.531299591064453,92.2300033569336,12973.5302734375,83.7034683227539,1,0,0,1,1
2020-11-08,37.13999938964844,39.45000076293945,2.888000011444092,28.531299591064453,92.2300033569336,12973.5302734375,83.7034683227539,1,0,0,1,1
2020-11-09,40.290000915527344,42.400001525878906,2.8589999675750732,28.575000762939453,92.7300033569336,13127.4697265625,81.52409362792969,1,0,0,1,1
2020-11-10,41.36000061035156,43.61000061035156,2.9489998817443848,28.62540054321289,92.75,13081.7197265625,80.26962280273438,1,0,0,1,1
2020-11-11,41.45000076293945,43.79999923706055,3.0309998989105225,28.587099075317383,93.04000091552734,13262.1904296875,83.2181396484375,1,0,0,1,1
2020-11-12,41.119998931884766,43.529998779296875,2.9760000705718994,28.508699417114258,92.95999908447266,13221.7802734375,82.24747467041016,1,0,0,1,1
2020-11-13,40.130001068115234,42.779998779296875,2.994999885559082,28.43199920654297,92.76000213623047,13273.330078125,85.36085510253906,1,0,0,1,1
2020-11-14,40.130001068115234,42.779998779296875,2.994999885559082,28.43199920654297,92.76000213623047,13273.330078125,85.36085510253906,1,0,0,1,1
2020-11-15,40.130001068115234,42.779998779296875,2.994999885559082,28.43199920654297,92.76000213623047,13273.330078125,85.36085510253906,1,0,0,1,1
2020-11-16,41.34000015258789,43.81999969482422,2.697000026702881,28.479999542236328,92.56999969482422,13551.830078125,90.90079498291016,1,0,0,1,1
2020-11-17,41.43000030517578,43.75,2.691999912261963,28.515100479125977,92.41999816894531,13593.009765625,87.64092254638672,1,0,0,1,1
2020-11-18,41.81999969482422,44.34000015258789,2.7119998931884766,28.500999450683594,92.31999969482422,13773.2900390625,88.7580795288086,1,0,0,1,1
2020-11-19,41.7400016784668,44.20000076293945,2.5920000076293945,28.530000686645508,92.29000091552734,13722.4296875,88.46504974365234,1,0,0,1,1
2020-11-20,42.150001525878906,44.959999084472656,2.6500000953674316,28.48699951171875,92.38999938964844,13716.4404296875,87.29296875,1,0,0,1,1
2020-11-21,42.150001525878906,44.959999084472656,2.6500000953674316,28.48699951171875,92.38999938964844,13716.4404296875,87.29296875,1,0,0,1,1
2020-11-22,42.150001525878906,44.959999084472656,2.6500000953674316,28.48699951171875,92.38999938964844,13716.4404296875,87.29296875,1,0,0,1,1
2020-11-23,43.060001373291016,46.060001373291016,2.7109999656677246,28.52630043029785,92.51000213623047,13878.009765625,89.85689544677734,1,0,0,1,1
2020-11-24,44.90999984741211,47.86000061035156,2.7750000953674316,28.517900466918945,92.2300033569336,13807.1298828125,88.49253845214844,1,0,0,1,1
2020-11-25,45.709999084472656,48.61000061035156,2.8959999084472656,28.46739959716797,91.98999786376953,13738.830078125,89.27085876464844,1,0,0,1,1
2020-11-26,45.709999084472656,48.61000061035156,2.8959999084472656,28.480199813842773,91.98999786376953,13845.66015625,89.27085876464844,1,0,0,1,1
2020-11-27,45.529998779296875,48.18000030517578,2.8429999351501465,28.509700775146484,91.79000091552734,13867.08984375,90.41547393798828,1,0,0,1,1
2020-11-28,45.529998779296875,48.18000030517578,2.8429999351501465,28.509700775146484,91.79000091552734,13867.08984375,90.41547393798828,1,0,0,1,1
2020-11-29,45.529998779296875,48.18000030517578,2.8429999351501465,28.509700775146484,91.79000091552734,13867.08984375,90.41547393798828,1,0,0,1,1
2020-11-30,45.34000015258789,47.59000015258789,2.881999969482422,28.51799964904785,91.87000274658203,13722.8896484375,88.84046936035156,1,0,0,1,1
2020-12-01,44.54999923706055,47.41999816894531,2.880000114440918,28.516700744628906,91.30999755859375,13885.669921875,92.35673522949219,1,0,0,1,1
2020-12-02,45.279998779296875,48.25,2.7799999713897705,28.472999572753906,91.12000274658203,13989.1396484375,91.14804077148438,1,0,0,1,1
2020-12-03,45.63999938964844,48.709999084472656,2.506999969482422,28.44099998474121,90.70999908447266,13977.08984375,91.11138153076172,1,0,0,1,1
2020-12-04,46.2599983215332,49.25,2.575000047683716,28.3882999420166,90.69999694824219,14132.4404296875,94.98477935791016,1,0,0,1,1
2020-12-05,46.2599983215332,49.25,2.575000047683716,28.3882999420166,90.69999694824219,14132.4404296875,94.98477935791016,1,0,0,1,1
2020-12-06,46.2599983215332,49.25,2.575000047683716,28.3882999420166,90.69999694824219,14132.4404296875,94.98477935791016,1,0,0,1,1
2020-12-07,45.7599983215332,48.790000915527344,2.4059998989105225,28.215999603271484,90.79000091552734,14256.599609375,97.42052459716797,1,0,0,1,1
2020-12-08,45.599998474121094,48.84000015258789,2.3989999294281006,28.0,90.97000122070312,14360.400390625,96.7337646484375,1,0,0,1,1
2020-12-09,45.52000045776367,48.86000061035156,2.441999912261963,28.22570037841797,91.08999633789062,14390.1396484375,95.61662292480469,1,0,0,1,1
2020-12-10,46.779998779296875,50.25,2.552999973297119,28.243000030517578,90.79000091552734,14249.490234375,95.44261932373047,1,0,0,1,1
2020-12-11,46.56999969482422,49.970001220703125,2.5910000801086426,28.18670082092285,90.9800033569336,14261.6904296875,95.25948333740234,1,0,0,1,1
2020-12-12,46.56999969482422,49.970001220703125,2.5910000801086426,28.18670082092285,90.9800033569336,14261.6904296875,95.25948333740234,1,0,0,1,1
2020-12-13,46.56999969482422,49.970001220703125,2.5910000801086426,28.18670082092285,90.9800033569336,14261.6904296875,95.25948333740234,1,0,0,1,1
2020-12-14,46.9900016784668,50.290000915527344,2.681999921798706,28.18199920654297,90.70999908447266,14211.0498046875,94.8291015625,1,0,0,1,1
2020-12-15,47.619998931884766,50.7599983215332,2.681999921798706,28.11199951171875,90.47000122070312,14068.51953125,96.23011016845703,1,0,0,1,1
2020-12-16,47.81999969482422,51.08000183105469,2.677000045776367,28.097999572753906,90.44999694824219,14304.4599609375,96.33084106445312,1,0,0,1,1
2020-12-17,48.36000061035156,51.5,2.635999917984009,28.115299224853516,89.81999969482422,14258.9296875,95.54186248779297,1,0,0,1,1
2020-12-18,49.099998474121094,52.2599983215332,2.700000047683716,28.128000259399414,90.0199966430664,14249.9599609375,95.89131927490234,1,0,0,1,1
2020-12-19,49.099998474121094,52.2599983215332,2.700000047683716,28.128000259399414,90.0199966430664,14249.9599609375,95.89131927490234,1,0,0,1,1
2020-12-20,49.099998474121094,52.2599983215332,2.700000047683716,28.128000259399414,90.0199966430664,14249.9599609375,95.89131927490234,1,0,0,1,1
2020-12-21,47.7400016784668,50.90999984741211,2.7049999237060547,28.16900062561035,90.04000091552734,14384.9599609375,96.39706420898438,1,0,0,1,1
2020-12-22,47.02000045776367,50.08000183105469,2.7799999713897705,28.139999389648438,90.6500015258789,14177.4599609375,95.57865142822266,1,0,0,1,1
2020-12-23,48.119998931884766,51.20000076293945,2.6080000400543213,28.130800247192383,90.41000366210938,14223.08984375,95.41314697265625,1,0,0,1,1
2020-12-24,48.22999954223633,51.290000915527344,2.5179998874664307,28.135000228881836,90.33000183105469,14280.2802734375,97.44535064697266,1,0,0,1,1
2020-12-25,48.22999954223633,51.290000915527344,2.5179998874664307,28.11400032043457,90.33000183105469,14331.419921875,97.44535064697266,1,0,0,1,1
2020-12-26,48.22999954223633,51.290000915527344,2.5179998874664307,28.11400032043457,90.33000183105469,14331.419921875,97.44535064697266,1,0,0,1,1
2020-12-27,48.22999954223633,51.290000915527344,2.5179998874664307,28.11400032043457,90.33000183105469,14331.419921875,97.44535064697266,1,0,0,1,1
2020-12-28,47.619998931884766,50.86000061035156,2.305000066757202,27.93899917602539,90.33999633789062,14483.0703125,97.61087036132812,1,0,0,1,1
2020-12-29,48.0,51.09000015258789,2.4670000076293945,28.10700035095215,90.01000213623047,14472.0498046875,97.06832122802734,1,0,0,1,1
2020-12-30,48.400001525878906,51.34000015258789,2.421999931335449,28.12459945678711,89.62999725341797,14687.7001953125,100.13965606689453,1,0,0,1,1
2020-12-31,48.52000045776367,51.79999923706055,2.5390000343322754,28.06999969482422,89.94000244140625,14732.5302734375,100.26839447021484,1,0,0,1,1
2021-01-01,48.52000045776367,51.79999923706055,2.5390000343322754,28.078699111938477,89.94000244140625,14732.5302734375,100.26839447021484,1,0,0,1,1
2021-01-02,48.52000045776367,51.79999923706055,2.5390000343322754,28.078699111938477,89.94000244140625,14732.5302734375,100.26839447021484,1,0,0,1,1
2021-01-03,48.52000045776367,51.79999923706055,2.5390000343322754,28.078699111938477,89.94000244140625,14732.5302734375,100.26839447021484,1,0,0,1,1
2021-01-04,47.619998931884766,51.09000015258789,2.5810000896453857,28.054000854492188,89.87999725341797,14902.0302734375,102.71442413330078,1,0,0,1,1
2021-01-05,49.93000030517578,53.599998474121094,2.7019999027252197,28.10099983215332,89.44000244140625,15000.0302734375,103.69831085205078,1,0,0,1,1
2021-01-06,50.630001068115234,54.29999923706055,2.7160000801086426,27.954999923706055,89.52999877929688,14983.1298828125,106.30989074707031,1,0,0,1,1
2021-01-07,50.83000183105469,54.380001068115234,2.7290000915527344,27.829999923706055,89.83000183105469,15214.0,111.66168975830078,1,0,0,1,1
2021-01-08,52.2400016784668,55.9900016784668,2.700000047683716,27.926799774169922,90.0999984741211,15463.9501953125,109.1421127319336,1,0,0,1,1
2021-01-09,52.2400016784668,55.9900016784668,2.700000047683716,27.926799774169922,90.0999984741211,15463.9501953125,109.1421127319336,1,0,0,1,1
2021-01-10,52.2400016784668,55.9900016784668,2.700000047683716,27.926799774169922,90.0999984741211,15463.9501953125,109.1421127319336,1,0,0,1,1
2021-01-11,52.25,55.65999984741211,2.746999979019165,28.017000198364258,90.54000091552734,15557.2998046875,112.7375717163086,1,0,0,1,1
2021-01-12,53.209999084472656,56.58000183105469,2.753000020980835,28.020700454711914,90.05000305175781,15500.7001953125,113.10539245605469,1,0,0,1,1
2021-01-13,52.90999984741211,56.060001373291016,2.7269999980926514,27.97800064086914,90.31999969482422,15769.98046875,109.638671875,1,0,0,1,1
2021-01-14,53.56999969482422,56.41999816894531,2.6659998893737793,28.01799964904785,90.23999786376953,15707.1904296875,116.27786254882812,1,0,0,1,1
2021-01-15,52.36000061035156,55.099998474121094,2.736999988555908,27.986900329589844,90.77999877929688,15616.3896484375,115.156005859375,1,0,0,1,1
2021-01-16,52.36000061035156,55.099998474121094,2.736999988555908,27.986900329589844,90.77999877929688,15616.3896484375,115.156005859375,1,0,0,1,1
2021-01-17,52.36000061035156,55.099998474121094,2.736999988555908,27.986900329589844,90.77999877929688,15616.3896484375,115.156005859375,1,0,0,1,1
2021-01-18,52.36000061035156,55.099998474121094,2.736999988555908,27.9822998046875,90.77999877929688,15612.0,115.156005859375,1,0,0,1,1
2021-01-19,52.97999954223633,55.900001525878906,2.5460000038146973,27.982200622558594,90.5,15877.3701171875,120.73770904541016,1,0,0,1,1
2021-01-20,53.2400016784668,56.08000183105469,2.5390000343322754,27.915000915527344,90.47000122070312,15806.1796875,120.13080596923828,1,0,0,1,1
2021-01-21,53.130001068115234,56.099998474121094,2.490999937057495,27.889999389648438,90.12999725341797,16153.76953125,123.36766815185547,1,0,0,1,1
2021-01-22,52.27000045776367,55.40999984741211,2.446000099182129,27.958799362182617,90.23999786376953,16019.0302734375,118.75148010253906,1,0,0,1,1
2021-01-23,52.27000045776367,55.40999984741211,2.446000099182129,27.958799362182617,90.23999786376953,16019.0302734375,118.75148010253906,1,0,0,1,1
2021-01-24,52.27000045776367,55.40999984741211,2.446000099182129,27.958799362182617,90.23999786376953,16019.0302734375,118.75148010253906,1,0,0,1,1
2021-01-25,52.77000045776367,55.880001068115234,2.6019999980926514,27.95159912109375,90.38999938964844,15946.5400390625,120.02045440673828,1,0,0,1,1
2021-01-26,52.61000061035156,55.90999984741211,2.6559998989105225,27.920000076293945,90.16999816894531,15658.849609375,116.4617691040039,1,0,0,1,1
2021-01-27,52.849998474121094,55.810001373291016,2.759999990463257,27.917999267578125,90.6500015258789,15701.4501953125,111.94673919677734,1,0,0,1,1
2021-01-28,52.34000015258789,55.529998779296875,2.6640000343322754,27.933000564575195,90.45999908447266,15415.8798828125,115.7077407836914,1,0,0,1,1
2021-01-29,52.20000076293945,55.880001068115234,2.563999891281128,27.932600021362305,90.58000183105469,15138.3095703125,111.74447631835938,1,0,0,1,1
2021-01-30,52.20000076293945,55.880001068115234,2.563999891281128,27.932600021362305,90.58000183105469,15138.3095703125,111.74447631835938,1,0,0,1,1
2021-01-31,52.20000076293945,55.880001068115234,2.563999891281128,27.932600021362305,90.58000183105469,15138.3095703125,111.74447631835938,1,0,0,1,1
2021-02-01,53.54999923706055,56.349998474121094,2.8499999046325684,28.000999450683594,91.0199966430664,15410.08984375,116.4709701538086,1,0,0,1,1
2021-02-02,54.7599983215332,57.459999084472656,2.8450000286102295,27.950300216674805,91.19999694824219,15760.0498046875,118.10778045654297,1,0,0,1,1
2021-02-03,55.689998626708984,58.459999084472656,2.7890000343322754,27.857999801635742,91.12000274658203,15771.3203125,117.24339294433594,1,0,0,1,1
2021-02-04,56.22999954223633,58.84000015258789,2.934999942779541,27.86400032043457,91.52999877929688,15706.2197265625,117.84109497070312,1,0,0,1,1
2021-02-05,56.849998474121094,59.34000015258789,2.86299991607666,27.90290069580078,91.04000091552734,15802.400390625,117.5008544921875,1,0,0,1,1
2021-02-06,56.849998474121094,59.34000015258789,2.86299991607666,27.90290069580078,91.04000091552734,15802.400390625,117.5008544921875,1,0,0,1,1
2021-02-07,56.849998474121094,59.34000015258789,2.86299991607666,27.90290069580078,91.04000091552734,15802.400390625,117.5008544921875,1,0,0,1,1
2021-02-08,57.970001220703125,60.560001373291016,2.881999969482422,27.973600387573242,90.93000030517578,15802.400390625,121.88717651367188,1,0,0,1,1
2021-02-09,58.36000061035156,61.09000015258789,2.8350000381469727,27.88089942932129,90.44000244140625,15802.400390625,122.00667572021484,1,0,0,1,1
2021-02-10,58.68000030517578,61.470001220703125,2.9110000133514404,27.853900909423828,90.37000274658203,15802.400390625,122.93544006347656,1,0,0,1,1
2021-02-11,58.2400016784668,61.13999938964844,2.868000030517578,27.961299896240234,90.41999816894531,15802.400390625,127.96540069580078,1,0,0,1,1
2021-02-12,59.470001220703125,62.43000030517578,2.9119999408721924,27.943099975585938,90.4800033569336,15802.400390625,126.95389556884766,1,0,0,1,1
2021-02-13,59.470001220703125,62.43000030517578,2.9119999408721924,27.943099975585938,90.4800033569336,15802.400390625,126.95389556884766,1,0,0,1,1
2021-02-14,59.470001220703125,62.43000030517578,2.9119999408721924,27.943099975585938,90.4800033569336,15802.400390625,126.95389556884766,1,0,0,1,1
2021-02-15,59.470001220703125,62.43000030517578,2.9119999408721924,28.014999389648438,90.4800033569336,15802.400390625,126.95389556884766,1,0,0,1,1
2021-02-16,60.04999923706055,63.349998474121094,3.128999948501587,27.993999481201172,90.51000213623047,15802.400390625,128.78382873535156,1,0,0,1,1
2021-02-17,61.13999938964844,64.33999633789062,3.2190001010894775,28.040000915527344,90.94999694824219,16362.2900390625,125.30793762207031,1,0,0,1,1
2021-02-18,60.52000045776367,63.93000030517578,3.0820000171661377,27.918699264526367,90.58999633789062,16424.509765625,123.79981994628906,1,0,0,1,1
2021-02-19,59.2400016784668,62.90999984741211,3.069000005722046,27.86079978942871,90.36000061035156,16341.3798828125,125.6665267944336,1,0,0,1,1
2021-02-20,59.2400016784668,62.90999984741211,3.069000005722046,27.86079978942871,90.36000061035156,16341.3798828125,125.6665267944336,1,0,0,1,1
2021-02-21,59.2400016784668,62.90999984741211,3.069000005722046,27.86079978942871,90.36000061035156,16341.3798828125,125.6665267944336,1,0,0,1,1
2021-02-22,61.4900016784668,65.23999786376953,2.953000068664551,27.907800674438477,90.01000213623047,16410.16015625,122.82510375976562,1,0,0,1,1
2021-02-23,61.66999816894531,65.37000274658203,2.878999948501587,27.80940055847168,90.16999816894531,16443.400390625,118.71468353271484,1,0,0,1,1
2021-02-24,63.220001220703125,67.04000091552734,2.8540000915527344,27.850200653076172,90.18000030517578,16212.5302734375,121.65728759765625,1,0,0,1,1
2021-02-25,63.529998779296875,66.87999725341797,2.7769999504089355,27.649999618530273,90.12999725341797,16452.1796875,115.86405944824219,1,0,0,1,1
2021-02-26,61.5,66.12999725341797,2.7709999084472656,27.764999389648438,90.93000030517578,15953.7998046875,115.80888366699219,1,0,0,1,1
2021-02-27,61.5,66.12999725341797,2.7709999084472656,27.764999389648438,90.93000030517578,15953.7998046875,115.80888366699219,1,0,0,1,1
2021-02-28,61.5,66.12999725341797,2.7709999084472656,27.764999389648438,90.93000030517578,15953.7998046875,115.80888366699219,1,0,0,1,1
2021-03-01,60.63999938964844,63.689998626708984,2.7769999504089355,27.854999542236328,91.04000091552734,15953.7998046875,118.74227905273438,1,0,0,1,1
2021-03-02,59.75,62.70000076293945,2.8389999866485596,27.819000244140625,90.79000091552734,15946.8798828125,115.86405944824219,1,0,0,1,1
2021-03-03,61.279998779296875,64.06999969482422,2.815999984741211,27.739999771118164,90.94999694824219,16211.73046875,113.00424194335938,1,0,0,1,1
2021-03-04,63.83000183105469,66.73999786376953,2.746000051498413,27.719999313354492,91.62999725341797,15906.41015625,106.29148864746094,1,0,0,1,1
2021-03-05,66.08999633789062,69.36000061035156,2.7009999752044678,27.812999725341797,91.9800033569336,15855.23046875,111.08236694335938,1,0,0,1,1
2021-03-06,66.08999633789062,69.36000061035156,2.7009999752044678,27.812999725341797,91.9800033569336,15855.23046875,111.08236694335938,1,0,0,1,1
2021-03-07,66.08999633789062,69.36000061035156,2.7009999752044678,27.812999725341797,91.9800033569336,15855.23046875,111.08236694335938,1,0,0,1,1
2021-03-08,65.05000305175781,68.23999786376953,2.6640000343322754,27.927499771118164,92.30999755859375,15820.1103515625,104.76502990722656,1,0,0,1,1
2021-03-09,64.01000213623047,67.5199966430664,2.6619999408721924,28.283000946044922,91.95999908447266,15853.08984375,107.01793670654297,1,0,0,1,1
2021-03-10,64.44000244140625,67.9000015258789,2.691999912261963,28.25200080871582,91.79000091552734,15911.669921875,104.6730728149414,1,0,0,1,1
2021-03-11,66.0199966430664,69.62999725341797,2.6679999828338623,28.20199966430664,91.41999816894531,16179.5595703125,110.88006591796875,1,0,0,1,1
2021-03-12,65.61000061035156,69.22000122070312,2.5999999046325684,28.000999450683594,91.68000030517578,16255.1796875,108.78349304199219,1,0,0,1,1
2021-03-13,65.61000061035156,69.22000122070312,2.5999999046325684,28.000999450683594,91.68000030517578,16255.1796875,108.78349304199219,1,0,0,1,1
2021-03-14,65.61000061035156,69.22000122070312,2.5999999046325684,28.000999450683594,91.68000030517578,16255.1796875,108.78349304199219,1,0,0,1,1
2021-03-15,65.38999938964844,68.87999725341797,2.4839999675750732,28.145700454711914,91.83000183105469,16249.330078125,109.50074768066406,1,0,0,1,1
2021-03-16,64.80000305175781,68.38999938964844,2.562000036239624,28.176700592041016,91.87000274658203,16313.16015625,109.7490005493164,1,0,0,1,1
2021-03-17,64.5999984741211,68.0,2.5280001163482666,28.236499786376953,91.4000015258789,16215.8203125,109.61793518066406,1,0,0,1,1
2021-03-18,60.0,63.279998779296875,2.4809999465942383,28.217599868774414,91.8499984741211,16287.83984375,105.68587493896484,1,0,0,1,1
2021-03-19,61.41999816894531,64.52999877929688,2.5350000858306885,28.404699325561523,91.91999816894531,16070.240234375,104.8828353881836,1,0,0,1,1
2021-03-20,61.41999816894531,64.52999877929688,2.5350000858306885,28.404699325561523,91.91999816894531,16070.240234375,104.8828353881836,1,0,0,1,1
2021-03-21,61.41999816894531,64.52999877929688,2.5350000858306885,28.404699325561523,91.91999816894531,16070.240234375,104.8828353881836,1,0,0,1,1
2021-03-22,61.54999923706055,64.62000274658203,2.5820000171661377,28.38610076904297,91.80000305175781,16189.2197265625,108.1595687866211,1,0,0,1,1
2021-03-23,57.7599983215332,60.790000915527344,2.507999897003174,28.3085994720459,92.33999633789062,16177.58984375,106.04586029052734,1,0,0,1,1
2021-03-24,61.18000030517578,64.41000366210938,2.5179998874664307,28.402999877929688,92.52999877929688,16032.1201171875,100.57234191894531,1,0,0,1,1
2021-03-25,58.560001373291016,61.95000076293945,2.569999933242798,28.48069953918457,92.87999725341797,16060.1396484375,101.9476547241211,1,0,0,1,1
2021-03-26,60.970001220703125,64.56999969482422,2.556999921798706,28.503299713134766,92.7699966430664,16305.8798828125,107.5873031616211,1,0,0,1,1
2021-03-27,60.970001220703125,64.56999969482422,2.556999921798706,28.503299713134766,92.7699966430664,16305.8798828125,107.5873031616211,1,0,0,1,1
2021-03-28,60.970001220703125,64.56999969482422,2.556999921798706,28.503299713134766,92.7699966430664,16305.8798828125,107.5873031616211,1,0,0,1,1
2021-03-29,61.560001373291016,64.9800033569336,2.5859999656677246,28.585500717163086,92.94000244140625,16475.970703125,105.58434295654297,1,0,0,1,1
2021-03-30,60.54999923706055,64.13999938964844,2.622999906539917,28.52750015258789,93.30000305175781,16554.900390625,106.21200561523438,1,0,0,1,1
2021-03-31,59.15999984741211,63.540000915527344,2.6080000400543213,28.441099166870117,93.2300033569336,16431.130859375,109.1749038696289,1,0,0,1,1
2021-04-01,61.45000076293945,64.86000061035156,2.6389999389648438,28.374399185180664,92.93000030517578,16571.279296875,115.19300842285156,1,0,0,1,1
2021-04-02,61.45000076293945,64.86000061035156,2.6389999389648438,28.461700439453125,92.93000030517578,16571.279296875,115.19300842285156,1,0,0,1,1
2021-04-03,61.45000076293945,64.86000061035156,2.6389999389648438,28.461700439453125,92.93000030517578,16571.279296875,115.19300842285156,1,0,0,1,1
2021-04-04,61.45000076293945,64.86000061035156,2.6389999389648438,28.461700439453125,92.93000030517578,16571.279296875,115.19300842285156,1,0,0,1,1
2021-04-05,58.650001525878906,62.150001525878906,2.510999917984009,28.530500411987305,92.5999984741211,16571.279296875,114.91607666015625,1,0,0,1,1
2021-04-06,59.33000183105469,62.7400016784668,2.4560000896453857,28.387100219726562,92.33999633789062,16571.279296875,113.01466369628906,1,0,0,1,1
2021-04-07,59.77000045776367,63.15999984741211,2.5199999809265137,28.431800842285156,92.45999908447266,16815.359375,110.66094970703125,1,0,0,1,1
2021-04-08,59.599998474121094,63.20000076293945,2.5220000743865967,28.350400924682617,92.05999755859375,16926.439453125,113.9284439086914,1,0,0,1,1
2021-04-09,59.31999969482422,62.95000076293945,2.5260000228881836,28.37070083618164,92.16000366210938,16854.099609375,113.34695434570312,1,0,0,1,1
2021-04-10,59.31999969482422,62.95000076293945,2.5260000228881836,28.37070083618164,92.16000366210938,16854.099609375,113.34695434570312,1,0,0,1,1
2021-04-11,59.31999969482422,62.95000076293945,2.5260000228881836,28.37070083618164,92.16000366210938,16854.099609375,113.34695434570312,1,0,0,1,1
2021-04-12,59.70000076293945,63.279998779296875,2.561000108718872,28.5,92.13999938964844,16859.69921875,111.59320068359375,1,0,0,1,1
2021-04-13,60.18000030517578,63.66999816894531,2.61899995803833,28.393600463867188,91.8499984741211,16824.91015625,111.93470764160156,1,0,0,1,1
2021-04-14,63.150001525878906,66.58000183105469,2.618000030517578,28.413700103759766,91.69000244140625,16865.970703125,111.5378189086914,1,0,0,1,1
2021-04-15,63.459999084472656,66.94000244140625,2.6579999923706055,28.33370018005371,91.66999816894531,17076.73046875,109.23951721191406,1,0,0,1,1
2021-04-16,63.130001068115234,66.7699966430664,2.680000066757202,28.24530029296875,91.55999755859375,17158.810546875,109.69178771972656,1,0,0,1,1
2021-04-17,63.130001068115234,66.7699966430664,2.680000066757202,28.24530029296875,91.55999755859375,17158.810546875,109.69178771972656,1,0,0,1,1
2021-04-18,63.130001068115234,66.7699966430664,2.680000066757202,28.24530029296875,91.55999755859375,17158.810546875,109.69178771972656,1,0,0,1,1
2021-04-19,63.380001068115234,67.05000305175781,2.749000072479248,28.2549991607666,91.06999969482422,17263.279296875,106.51658630371094,1,0,0,1,1
2021-04-20,62.439998626708984,66.56999969482422,2.7269999980926514,28.12700080871582,91.23999786376953,17323.869140625,106.10123443603516,1,0,0,1,1
2021-04-21,61.349998474121094,65.31999969482422,2.691999912261963,28.025999069213867,91.16000366210938,17202.109375,108.36264038085938,1,0,0,1,1
2021-04-22,61.43000030517578,65.4000015258789,2.749000072479248,27.979999542236328,91.33000183105469,17096.970703125,106.44275665283203,1,0,0,1,1
2021-04-23,62.13999938964844,66.11000061035156,2.7300000190734863,28.086299896240234,90.86000061035156,17300.26953125,109.50717163085938,1,0,0,1,1
2021-04-24,62.13999938964844,66.11000061035156,2.7300000190734863,28.086299896240234,90.86000061035156,17300.26953125,109.50717163085938,1,0,0,1,1
2021-04-25,62.13999938964844,66.11000061035156,2.7300000190734863,28.086299896240234,90.86000061035156,17300.26953125,109.50717163085938,1,0,0,1,1
2021-04-26,61.90999984741211,65.6500015258789,2.7899999618530273,28.031999588012695,90.80999755859375,17572.2890625,112.1655044555664,1,0,0,1,1
2021-04-27,62.939998626708984,66.41999816894531,2.872999906539917,27.808000564575195,90.91000366210938,17595.900390625,111.93470764160156,1,0,0,1,1
2021-04-28,63.86000061035156,67.2699966430664,2.924999952316284,27.897199630737305,90.61000061035156,17567.529296875,110.44866180419922,1,0,0,1,1
2021-04-29,65.01000213623047,68.55999755859375,2.9110000133514404,27.783000946044922,90.61000061035156,17566.66015625,109.93175506591797,1,0,0,1,1
2021-04-30,63.58000183105469,67.25,2.930999994277954,27.766000747680664,91.27999877929688,17566.66015625,107.7534408569336,1,0,0,1,1
2021-05-01,63.58000183105469,67.25,2.930999994277954,27.766000747680664,91.27999877929688,17566.66015625,107.7534408569336,1,0,0,1,1
2021-05-02,63.58000183105469,67.25,2.930999994277954,27.766000747680664,91.27999877929688,17566.66015625,107.7534408569336,1,0,0,1,1
2021-05-03,64.48999786376953,67.55999755859375,2.9660000801086426,27.846500396728516,90.94999694824219,17222.349609375,107.01502990722656,1,0,0,1,1
2021-05-04,65.69000244140625,68.87999725341797,2.9670000076293945,27.923999786376953,91.29000091552734,16933.779296875,106.47966766357422,1,0,0,1,1
2021-05-05,65.62999725341797,68.95999908447266,2.937999963760376,27.893199920654297,91.30999755859375,16843.439453125,106.49813842773438,1,0,0,1,1
2021-05-06,64.70999908447266,68.08999633789062,2.927999973297119,27.885000228881836,90.94999694824219,16994.359375,107.9934310913086,1,0,0,1,1
2021-05-07,64.9000015258789,68.27999877929688,2.9579999446868896,27.947999954223633,90.2300033569336,17285.0,107.83653259277344,1,0,0,1,1
2021-05-08,64.9000015258789,68.27999877929688,2.9579999446868896,27.947999954223633,90.2300033569336,17285.0,107.83653259277344,1,0,0,1,1
2021-05-09,64.9000015258789,68.27999877929688,2.9579999446868896,27.947999954223633,90.2300033569336,17285.0,107.83653259277344,1,0,0,1,1
2021-05-10,64.91999816894531,68.31999969482422,2.931999921798706,27.75279998779297,90.20999908447266,17235.609375,103.6644515991211,1,0,0,1,1
2021-05-11,65.27999877929688,68.55000305175781,2.9549999237060547,27.731300354003906,90.13999938964844,16583.130859375,104.16287994384766,1,0,0,1,1
2021-05-12,66.08000183105469,69.31999969482422,2.9690001010894775,27.91699981689453,90.70999908447266,15902.3701171875,99.88007354736328,1,0,0,1,1
2021-05-13,63.81999969482422,67.05000305175781,2.9730000495910645,28.02400016784668,90.75,15670.099609375,100.37850952148438,1,0,0,1,1
2021-05-14,65.37000274658203,68.70999908447266,2.9609999656677246,27.937000274658203,90.31999969482422,15827.08984375,103.80291748046875,1,0,0,1,1
2021-05-15,65.37000274658203,68.70999908447266,2.9609999656677246,27.937000274658203,90.31999969482422,15827.08984375,103.80291748046875,1,0,0,1,1
2021-05-16,65.37000274658203,68.70999908447266,2.9609999656677246,27.937000274658203,90.31999969482422,15827.08984375,103.80291748046875,1,0,0,1,1
2021-05-17,66.2699966430664,69.45999908447266,3.1089999675750732,27.95989990234375,90.22000122070312,15353.8896484375,101.3476791381836,1,0,0,1,1
2021-05-18,65.48999786376953,68.70999908447266,3.01200008392334,28.05419921875,89.75,16145.98046875,102.3076171875,1,0,0,1,1
2021-05-19,63.36000061035156,66.66000366210938,2.9639999866485596,27.965499877929688,90.19000244140625,16132.66015625,103.7475357055664,1,0,0,1,1
2021-05-20,62.04999923706055,65.11000061035156,2.924999952316284,27.890899658203125,89.80999755859375,16042.3603515625,104.55978393554688,1,0,0,1,1
2021-05-21,63.58000183105469,66.44000244140625,2.9059998989105225,27.95050048828125,90.0199966430664,16302.0595703125,103.2398681640625,1,0,0,1,1
2021-05-22,63.58000183105469,66.44000244140625,2.9059998989105225,27.95050048828125,90.0199966430664,16302.0595703125,103.2398681640625,1,0,0,1,1
2021-05-23,63.58000183105469,66.44000244140625,2.9059998989105225,27.95050048828125,90.0199966430664,16302.0595703125,103.2398681640625,1,0,0,1,1
2021-05-24,66.05000305175781,68.45999908447266,2.885999917984009,27.948999404907227,89.83000183105469,16338.2900390625,104.8828353881836,1,0,0,1,1
2021-05-25,66.06999969482422,68.6500015258789,2.9130001068115234,28.012399673461914,89.63999938964844,16595.669921875,105.48281860351562,1,0,0,1,1
2021-05-26,66.20999908447266,68.87000274658203,2.9839999675750732,27.820499420166016,90.04000091552734,16643.689453125,107.07040405273438,1,0,0,1,1
2021-05-27,66.8499984741211,69.45999908447266,2.9579999446868896,27.667999267578125,89.97000122070312,16601.609375,106.85809326171875,1,0,0,1,1
2021-05-28,66.31999969482422,69.62999725341797,2.9860000610351562,27.78700065612793,90.02999877929688,16870.859375,108.32572174072266,1,0,0,1,1
2021-05-29,66.31999969482422,69.62999725341797,2.9860000610351562,27.78700065612793,90.02999877929688,16870.859375,108.32572174072266,1,0,0,1,1
2021-05-30,66.31999969482422,69.62999725341797,2.9860000610351562,27.78700065612793,90.02999877929688,16870.859375,108.32572174072266,1,0,0,1,1
2021-05-31,66.31999969482422,69.62999725341797,2.9860000610351562,27.6200008392334,90.02999877929688,17068.4296875,108.32572174072266,1,0,0,1,1
2021-06-01,67.72000122070312,70.25,3.1040000915527344,27.516700744628906,89.83000183105469,17162.380859375,109.3871841430664,1,0,0,1,1
2021-06-02,68.83000183105469,71.3499984741211,3.075000047683716,27.58180046081543,89.9000015258789,17165.0390625,109.7933120727539,1,0,0,1,1
2021-06-03,68.80999755859375,71.30999755859375,3.0409998893737793,27.54400062561035,90.5,17246.16015625,107.8272933959961,1,0,0,1,1
2021-06-04,69.62000274658203,71.88999938964844,3.0969998836517334,27.62380027770996,90.13999938964844,17147.41015625,110.31021881103516,1,0,0,1,1
2021-06-05,69.62000274658203,71.88999938964844,3.0969998836517334,27.62380027770996,90.13999938964844,17147.41015625,110.31021881103516,1,0,0,1,1
2021-06-06,69.62000274658203,71.88999938964844,3.0969998836517334,27.62380027770996,90.13999938964844,17147.41015625,110.31021881103516,1,0,0,1,1
2021-06-07,69.2300033569336,71.48999786376953,3.069999933242798,27.535999298095703,89.94999694824219,17083.91015625,109.1195297241211,1,0,0,1,1
2021-06-08,70.05000305175781,72.22000122070312,3.128000020980835,27.622800827026367,90.08000183105469,17076.2109375,106.9965591430664,1,0,0,1,1
2021-06-09,69.95999908447266,72.22000122070312,3.128999948501587,27.58690071105957,90.12000274658203,16966.220703125,108.11341094970703,1,0,0,1,1
2021-06-10,70.29000091552734,72.5199966430664,3.1489999294281006,27.779499053955078,90.08000183105469,17159.220703125,109.13797760009766,1,0,0,1,1
2021-06-11,70.91000366210938,72.69000244140625,3.2960000038146973,27.5575008392334,90.55999755859375,17213.51953125,109.14720916748047,1,0,0,1,1
2021-06-12,70.91000366210938,72.69000244140625,3.2960000038146973,27.5575008392334,90.55999755859375,17213.51953125,109.14720916748047,1,0,0,1,1
2021-06-13,70.91000366210938,72.69000244140625,3.2960000038146973,27.5575008392334,90.55999755859375,17213.51953125,109.14720916748047,1,0,0,1,1
2021-06-14,70.87999725341797,72.86000061035156,3.3519999980926514,27.641000747680664,90.5199966430664,17213.51953125,111.67626953125,1,0,0,1,1
2021-06-15,72.12000274658203,73.98999786376953,3.240000009536743,27.63680076599121,90.54000091552734,17371.2890625,110.25482940673828,1,0,0,1,1
2021-06-16,72.1500015258789,74.38999938964844,3.250999927520752,27.561199188232422,91.12999725341797,17307.859375,108.93489837646484,1,0,0,1,1
2021-06-17,71.04000091552734,73.08000183105469,3.253000020980835,27.67799949645996,91.88999938964844,17390.609375,110.37200927734375,1,0,0,1,1
2021-06-18,71.63999938964844,73.51000213623047,3.2149999141693115,27.684999465942383,92.2300033569336,17318.5390625,107.28656005859375,1,0,0,1,1
2021-06-19,71.63999938964844,73.51000213623047,3.2149999141693115,27.684999465942383,92.2300033569336,17318.5390625,107.28656005859375,1,0,0,1,1
2021-06-20,71.63999938964844,73.51000213623047,3.2149999141693115,27.684999465942383,92.2300033569336,17318.5390625,107.28656005859375,1,0,0,1,1
2021-06-21,73.66000366210938,74.9000015258789,3.190999984741211,27.7810001373291,91.86000061035156,17062.98046875,105.75772094726562,1,0,0,1,1
2021-06-22,73.05999755859375,74.80999755859375,3.257999897003174,27.947500228881836,91.7300033569336,17075.55078125,105.93376922607422,1,0,0,1,1
2021-06-23,73.08000183105469,75.19000244140625,3.3329999446868896,27.950300216674805,91.80000305175781,17336.7109375,107.5274658203125,1,0,0,1,1
2021-06-24,73.30000305175781,75.55999755859375,3.4179999828338623,28.034700393676758,91.81999969482422,17407.9609375,108.63006591796875,1,0,0,1,1
2021-06-25,74.05000305175781,76.18000030517578,3.496000051498413,27.906099319458008,91.80999755859375,17502.990234375,107.97221374511719,1,0,0,1,1
2021-06-26,74.05000305175781,76.18000030517578,3.496000051498413,27.906099319458008,91.80999755859375,17502.990234375,107.97221374511719,1,0,0,1,1
2021-06-27,74.05000305175781,76.18000030517578,3.496000051498413,27.906099319458008,91.80999755859375,17502.990234375,107.97221374511719,1,0,0,1,1
2021-06-28,72.91000366210938,74.68000030517578,3.617000102996826,27.865800857543945,91.87999725341797,17590.970703125,110.8260269165039,1,0,0,1,1
2021-06-29,72.9800033569336,74.76000213623047,3.630000114440918,27.81599998474121,92.05000305175781,17598.189453125,111.40049743652344,1,0,0,1,1
2021-06-30,73.47000122070312,75.12999725341797,3.6500000953674316,27.875900268554688,92.44000244140625,17755.4609375,111.33563995361328,1,0,0,1,1
2021-07-01,75.2300033569336,75.83999633789062,3.6610000133514404,27.81800079345703,92.5999984741211,17713.939453125,109.72341918945312,1,0,0,1,1
2021-07-02,75.16000366210938,76.16999816894531,3.700000047683716,27.878999710083008,92.2300033569336,17710.150390625,110.17742919921875,1,0,0,1,1
2021-07-03,75.16000366210938,76.16999816894531,3.700000047683716,27.878999710083008,92.2300033569336,17710.150390625,110.17742919921875,1,0,0,1,1
2021-07-04,75.16000366210938,76.16999816894531,3.700000047683716,27.878999710083008,92.2300033569336,17710.150390625,110.17742919921875,1,0,0,1,1
2021-07-05,75.16000366210938,76.16999816894531,3.700000047683716,27.937999725341797,92.2300033569336,17919.330078125,110.17742919921875,1,0,0,1,1
2021-07-06,73.37000274658203,74.52999877929688,3.63700008392334,27.968799591064453,92.55000305175781,17913.0703125,111.23370361328125,1,0,0,1,1
2021-07-07,72.19999694824219,73.43000030517578,3.5959999561309814,27.896900177001953,92.63999938964844,17850.689453125,109.5658950805664,1,0,0,1,1
2021-07-08,72.94000244140625,74.12000274658203,3.687999963760376,27.88159942626953,92.36000061035156,17866.08984375,109.21379089355469,1,0,0,1,1
2021-07-09,74.55999755859375,75.55000305175781,3.6740000247955322,27.959999084472656,92.12999725341797,17661.48046875,111.70623779296875,1,0,0,1,1
2021-07-10,74.55999755859375,75.55000305175781,3.6740000247955322,27.959999084472656,92.12999725341797,17661.48046875,111.70623779296875,1,0,0,1,1
2021-07-11,74.55999755859375,75.55000305175781,3.6740000247955322,27.959999084472656,92.12999725341797,17661.48046875,111.70623779296875,1,0,0,1,1
2021-07-12,74.0999984741211,75.16000366210938,3.749000072479248,27.951000213623047,92.2300033569336,17814.330078125,113.62422180175781,1,0,0,1,1
2021-07-13,75.25,76.48999786376953,3.696000099182129,27.959199905395508,92.75,17847.51953125,114.80095672607422,1,0,0,1,1
2021-07-14,73.12999725341797,74.76000213623047,3.6600000858306885,28.01919937133789,92.41000366210938,17845.75,115.25499725341797,1,0,0,1,1
2021-07-15,71.6500015258789,73.47000122070312,3.614000082015991,27.96660041809082,92.62000274658203,18034.189453125,108.8987808227539,1,0,0,1,1
2021-07-16,71.80999755859375,73.58999633789062,3.6740000247955322,27.87969970703125,92.69000244140625,17895.25,107.24021911621094,1,0,0,1,1
2021-07-17,71.80999755859375,73.58999633789062,3.6740000247955322,27.87969970703125,92.69000244140625,17895.25,107.24021911621094,1,0,0,1,1
2021-07-18,71.80999755859375,73.58999633789062,3.6740000247955322,27.87969970703125,92.69000244140625,17895.25,107.24021911621094,1,0,0,1,1
2021-07-19,66.41999816894531,68.62000274658203,3.7790000438690186,27.972000122070312,92.88999938964844,17789.25,106.87886810302734,1,0,0,1,1
2021-07-20,67.41999816894531,69.3499984741211,3.875999927520752,28.077299118041992,92.97000122070312,17528.740234375,107.85176849365234,1,0,0,1,1
2021-07-21,70.30000305175781,72.2300033569336,3.9590001106262207,27.999099731445312,92.75,17458.7890625,109.21379089355469,1,0,0,1,1
2021-07-22,71.91000366210938,73.79000091552734,4.002999782562256,27.961599349975586,92.81999969482422,17572.330078125,108.00000762939453,1,0,0,1,1
2021-07-23,72.06999969482422,74.0999984741211,4.059999942779541,27.99570083618164,92.91000366210938,17572.919921875,108.21312713623047,1,0,0,1,1
2021-07-24,72.06999969482422,74.0999984741211,4.059999942779541,27.99570083618164,92.91000366210938,17572.919921875,108.21312713623047,1,0,0,1,1
2021-07-25,72.06999969482422,74.0999984741211,4.059999942779541,27.99570083618164,92.91000366210938,17572.919921875,108.21312713623047,1,0,0,1,1
2021-07-26,71.91000366210938,74.5,4.1020002365112305,28.018299102783203,92.6500015258789,17403.560546875,107.1568374633789,1,0,0,1,1
2021-07-27,71.6500015258789,74.4800033569336,3.9709999561309814,28.047199249267578,92.43000030517578,17269.869140625,105.2017822265625,1,0,0,1,1
2021-07-28,72.38999938964844,74.73999786376953,4.044000148773193,28.02389907836914,92.31999969482422,17135.220703125,106.61943817138672,1,0,0,1,1
2021-07-29,73.62000274658203,76.05000305175781,4.059000015258789,27.89900016784668,91.86000061035156,17402.810546875,107.62013244628906,1,0,0,1,1
2021-07-30,73.94999694824219,76.33000183105469,3.9140000343322754,27.844999313354492,92.16999816894531,17247.41015625,108.07411193847656,1,0,0,1,1
2021-07-31,73.94999694824219,76.33000183105469,3.9140000343322754,27.844999313354492,92.16999816894531,17247.41015625,108.07411193847656,1,0,0,1,1
2021-08-01,73.94999694824219,76.33000183105469,3.9140000343322754,27.844999313354492,92.16999816894531,17247.41015625,108.07411193847656,1,0,0,1,1
2021-08-02,71.26000213623047,72.88999938964844,3.934999942779541,27.924100875854492,92.05000305175781,17503.279296875,108.27798461914062,1,0,0,1,1
2021-08-03,70.55999755859375,72.41000366210938,4.0269999504089355,27.920900344848633,92.08000183105469,17553.759765625,109.7141342163086,1,0,0,1,1
2021-08-04,68.1500015258789,70.37999725341797,4.1579999923706055,27.850299835205078,92.2699966430664,17623.890625,110.0199203491211,1,0,0,1,1
2021-08-05,69.08999633789062,71.29000091552734,4.139999866485596,27.71470069885254,92.23999786376953,17603.119140625,110.46465301513672,1,0,0,1,1
2021-08-06,68.27999877929688,70.69999694824219,4.139999866485596,27.72640037536621,92.80000305175781,17526.279296875,109.52882385253906,1,0,0,1,1
2021-08-07,68.27999877929688,70.69999694824219,4.139999866485596,27.72640037536621,92.80000305175781,17526.279296875,109.52882385253906,1,0,0,1,1
2021-08-08,68.27999877929688,70.69999694824219,4.139999866485596,27.72640037536621,92.80000305175781,17526.279296875,109.52882385253906,1,0,0,1,1
2021-08-09,66.4800033569336,69.04000091552734,4.059999942779541,27.82229995727539,92.94999694824219,17485.150390625,109.53811645507812,1,0,0,1,1
2021-08-10,68.29000091552734,70.62999725341797,4.089000225067139,27.785600662231445,93.05999755859375,17323.640625,107.81470489501953,1,0,0,1,1
2021-08-11,69.25,71.44000244140625,4.059000015258789,27.826200485229492,92.91000366210938,17227.1796875,107.47186279296875,1,0,0,1,1
2021-08-12,69.08999633789062,71.30999755859375,3.933000087738037,27.791500091552734,93.04000091552734,17219.939453125,107.20316314697266,1,0,0,1,1
2021-08-13,68.44000244140625,70.58999633789062,3.8610000610351562,27.796499252319336,92.5199966430664,16982.109375,107.01786041259766,1,0,0,1,1
2021-08-14,68.44000244140625,70.58999633789062,3.8610000610351562,27.796499252319336,92.5199966430664,16982.109375,107.01786041259766,1,0,0,1,1
2021-08-15,68.44000244140625,70.58999633789062,3.8610000610351562,27.796499252319336,92.5199966430664,16982.109375,107.01786041259766,1,0,0,1,1
2021-08-16,67.29000091552734,69.51000213623047,3.946000099182129,27.808000564575195,92.62999725341797,16858.76953125,106.21173095703125,1,0,0,1,1
2021-08-17,66.58999633789062,69.02999877929688,3.8369998931884766,27.78969955444336,93.12999725341797,16661.359375,102.95024871826172,1,0,0,1,1
2021-08-18,65.45999908447266,68.2300033569336,3.8519999980926514,27.89940071105957,93.13999938964844,16826.26953125,102.33872985839844,1,0,0,1,1
2021-08-19,63.689998626708984,66.44999694824219,3.8299999237060547,27.842199325561523,93.56999969482422,16375.400390625,102.4035873413086,1,0,0,1,1
2021-08-20,62.31999969482422,65.18000030517578,3.8510000705718994,28.01799964904785,93.5,16341.9404296875,100.17982482910156,1,0,0,1,1
2021-08-21,62.31999969482422,65.18000030517578,3.8510000705718994,28.01799964904785,93.5,16341.9404296875,100.17982482910156,1,0,0,1,1
2021-08-22,62.31999969482422,65.18000030517578,3.8510000705718994,28.01799964904785,93.5,16341.9404296875,100.17982482910156,1,0,0,1,1
2021-08-23,65.63999938964844,68.75,3.944999933242798,27.97100067138672,92.95999908447266,16741.83984375,102.81127166748047,1,0,0,1,1
2021-08-24,67.54000091552734,71.05000305175781,3.8959999084472656,27.901199340820312,92.88999938964844,16818.73046875,103.8768081665039,1,0,0,1,1
2021-08-25,68.36000061035156,72.25,3.8970000743865967,27.89310073852539,92.83000183105469,17045.859375,108.43548583984375,1,0,0,1,1
2021-08-26,67.41999816894531,71.06999969482422,4.184000015258789,27.884899139404297,93.05999755859375,17066.9609375,109.4269027709961,1,0,0,1,1
2021-08-27,68.73999786376953,72.69999694824219,4.369999885559082,27.91659927368164,92.69000244140625,17209.9296875,109.78826141357422,1,0,0,1,1
2021-08-28,68.73999786376953,72.69999694824219,4.369999885559082,27.91659927368164,92.69000244140625,17209.9296875,109.78826141357422,1,0,0,1,1
2021-08-29,68.73999786376953,72.69999694824219,4.369999885559082,27.91659927368164,92.69000244140625,17209.9296875,109.78826141357422,1,0,0,1,1
2021-08-30,69.20999908447266,73.41000366210938,4.304999828338623,27.87299919128418,92.6500015258789,17396.51953125,110.25155639648438,1,0,0,1,1
2021-08-31,68.5,72.98999786376953,4.376999855041504,27.72920036315918,92.62999725341797,17490.2890625,110.27008056640625,1,0,0,1,1
2021-09-01,68.58999633789062,71.58999633789062,4.614999771118164,27.568700790405273,92.44999694824219,17473.990234375,111.61360931396484,1,0,0,1,1
2021-09-02,69.98999786376953,73.02999877929688,4.640999794006348,27.671600341796875,92.2300033569336,17319.759765625,111.91938018798828,1,0,0,1,1
2021-09-03,69.29000091552734,72.61000061035156,4.711999893188477,27.62660026550293,92.04000091552734,17516.919921875,114.86582946777344,1,0,0,1,1
2021-09-04,69.29000091552734,72.61000061035156,4.711999893188477,27.62660026550293,92.04000091552734,17516.919921875,114.86582946777344,1,0,0,1,1
2021-09-05,69.29000091552734,72.61000061035156,4.711999893188477,27.62660026550293,92.04000091552734,17516.919921875,114.86582946777344,1,0,0,1,1
2021-09-06,69.29000091552734,72.61000061035156,4.711999893188477,27.60700035095215,92.04000091552734,17495.30078125,114.86582946777344,1,0,0,1,1
2021-09-07,68.3499984741211,71.69000244140625,4.567999839782715,27.533100128173828,92.5199966430664,17428.869140625,115.54222869873047,1,0,0,1,1
2021-09-08,69.30000305175781,72.5999984741211,4.914000034332275,27.59119987487793,92.6500015258789,17270.490234375,112.93858337402344,1,0,0,1,1
2021-09-09,68.13999938964844,71.44999694824219,5.031000137329102,27.670700073242188,92.4800033569336,17304.330078125,113.67056274414062,1,0,0,1,1
2021-09-10,69.72000122070312,72.91999816894531,4.938000202178955,27.629600524902344,92.58000183105469,17474.5703125,113.93927001953125,1,0,0,1,1
2021-09-11,69.72000122070312,72.91999816894531,4.938000202178955,27.629600524902344,92.58000183105469,17474.5703125,113.93927001953125,1,0,0,1,1
2021-09-12,69.72000122070312,72.91999816894531,4.938000202178955,27.629600524902344,92.58000183105469,17474.5703125,113.93927001953125,1,0,0,1,1
2021-09-13,70.44999694824219,73.51000213623047,5.230999946594238,27.65049934387207,92.62000274658203,17446.310546875,114.54154205322266,1,0,0,1,1
2021-09-14,70.45999908447266,73.5999984741211,5.260000228881836,27.639400482177734,92.6500015258789,17434.900390625,114.05044555664062,1,0,0,1,1
2021-09-15,72.61000061035156,75.45999908447266,5.460000038146973,27.63559913635254,92.48999786376953,17354.0,112.57723236083984,1,0,0,1,1
2021-09-16,72.61000061035156,75.66999816894531,5.335000038146973,27.612699508666992,92.86000061035156,17278.69921875,112.37907409667969,1,0,0,1,1
2021-09-17,71.97000122070312,75.33999633789062,5.105000019073486,27.69300079345703,93.19999694824219,17276.7890625,109.55073547363281,1,0,0,1,1
2021-09-18,71.97000122070312,75.33999633789062,5.105000019073486,27.69300079345703,93.19999694824219,17276.7890625,109.55073547363281,1,0,0,1,1
2021-09-19,71.97000122070312,75.33999633789062,5.105000019073486,27.69300079345703,93.19999694824219,17276.7890625,109.55073547363281,1,0,0,1,1
2021-09-20,70.29000091552734,73.91999816894531,4.985000133514404,27.781999588012695,93.23999786376953,17276.7890625,106.7131118774414,1,0,0,1,1
2021-09-21,70.55999755859375,74.36000061035156,4.804999828338623,27.766000747680664,93.19999694824219,17276.7890625,106.95503234863281,1,0,0,1,1
2021-09-22,72.2300033569336,76.19000244140625,4.804999828338623,27.718599319458008,93.45999908447266,16925.8203125,107.80164337158203,1,0,0,1,1
2021-09-23,73.30000305175781,77.25,4.97599983215332,27.703899383544922,93.0999984741211,17078.220703125,108.09937286376953,1,0,0,1,1
2021-09-24,73.9800033569336,78.08999633789062,5.139999866485596,27.684999465942383,93.33000183105469,17260.189453125,107.5876693725586,1,0,0,1,1
2021-09-25,73.9800033569336,78.08999633789062,5.139999866485596,27.684999465942383,93.33000183105469,17260.189453125,107.5876693725586,1,0,0,1,1
2021-09-26,73.9800033569336,78.08999633789062,5.139999866485596,27.684999465942383,93.33000183105469,17260.189453125,107.5876693725586,1,0,0,1,1
2021-09-27,75.44999694824219,79.52999877929688,5.705999851226807,27.726999282836914,93.37999725341797,17313.76953125,108.06216430664062,1,0,0,1,1
2021-09-28,75.29000091552734,79.08999633789062,5.841000080108643,27.654199600219727,93.7699966430664,17181.439453125,104.10810089111328,1,0,0,1,1
2021-09-29,74.83000183105469,78.63999938964844,5.4770002365112305,27.738100051879883,94.33999633789062,16855.4609375,103.84759521484375,1,0,0,1,1
2021-09-30,75.02999877929688,78.5199966430664,5.867000102996826,27.812400817871094,94.25,16934.76953125,103.87549591064453,1,0,0,1,1
2021-10-01,75.87999725341797,79.27999877929688,5.61899995803833,27.836599349975586,94.04000091552734,16570.890625,103.79177856445312,1,0,0,1,1
2021-10-02,75.87999725341797,79.27999877929688,5.61899995803833,27.836599349975586,94.04000091552734,16570.890625,103.79177856445312,1,0,0,1,1
2021-10-03,75.87999725341797,79.27999877929688,5.61899995803833,27.836599349975586,94.04000091552734,16570.890625,103.79177856445312,1,0,0,1,1
2021-10-04,77.62000274658203,81.26000213623047,5.765999794006348,27.753999710083008,93.80999755859375,16408.349609375,101.42863464355469,1,0,0,1,1
2021-10-05,78.93000030517578,82.55999755859375,6.311999797821045,27.882299423217773,93.9800033569336,16460.75,101.65192413330078,1,0,0,1,1
2021-10-06,77.43000030517578,81.08000183105469,5.675000190734863,27.871000289916992,94.2699966430664,16393.16015625,101.72634887695312,1,0,0,1,1
2021-10-07,78.30000305175781,81.94999694824219,5.677000045776367,27.951000213623047,94.22000122070312,16713.859375,103.11260986328125,1,0,0,1,1
2021-10-08,79.3499984741211,82.38999938964844,5.565000057220459,27.9685001373291,94.06999969482422,16640.4296875,102.37760162353516,1,0,0,1,1
2021-10-09,79.3499984741211,82.38999938964844,5.565000057220459,27.9685001373291,94.06999969482422,16640.4296875,102.37760162353516,1,0,0,1,1
2021-10-10,79.3499984741211,82.38999938964844,5.565000057220459,27.9685001373291,94.06999969482422,16640.4296875,102.37760162353516,1,0,0,1,1
2021-10-11,80.5199966430664,83.6500015258789,5.34499979019165,28.049999237060547,94.31999969482422,16640.4296875,102.58228302001953,1,0,0,1,1
2021-10-12,80.63999938964844,83.41999816894531,5.505000114440918,28.042999267578125,94.5199966430664,16462.83984375,101.59611511230469,1,0,0,1,1
2021-10-13,80.44000244140625,83.18000030517578,5.590000152587891,28.128700256347656,94.08000183105469,16347.990234375,102.32179260253906,1,0,0,1,1
2021-10-14,81.30999755859375,84.0,5.686999797821045,27.999500274658203,93.95999908447266,16387.279296875,104.72212982177734,1,0,0,1,1
2021-10-15,82.27999877929688,84.86000061035156,5.409999847412109,27.98889923095703,93.94000244140625,16781.189453125,106.86199188232422,1,0,0,1,1
2021-10-16,82.27999877929688,84.86000061035156,5.409999847412109,27.98889923095703,93.94000244140625,16781.189453125,106.86199188232422,1,0,0,1,1
2021-10-17,82.27999877929688,84.86000061035156,5.409999847412109,27.98889923095703,93.94000244140625,16781.189453125,106.86199188232422,1,0,0,1,1
2021-10-18,82.44000244140625,84.33000183105469,4.988999843597412,28.0,93.94999694824219,16705.4609375,107.30855560302734,1,0,0,1,1
2021-10-19,82.95999908447266,85.08000183105469,5.0879998207092285,27.949199676513672,93.79000091552734,16900.669921875,108.81574249267578,1,0,0,1,1
2021-10-20,83.87000274658203,85.81999969482422,5.170000076293945,27.8262996673584,93.55999755859375,16887.8203125,107.54112243652344,1,0,0,1,1
2021-10-21,82.5,84.61000061035156,5.114999771118164,27.805999755859375,93.7699966430664,16889.509765625,108.19241333007812,1,0,0,1,1
2021-10-22,83.76000213623047,85.52999877929688,5.28000020980835,27.818500518798828,93.61000061035156,16888.740234375,106.27586364746094,1,0,0,1,1
2021-10-23,83.76000213623047,85.52999877929688,5.28000020980835,27.818500518798828,93.61000061035156,16888.740234375,106.27586364746094,1,0,0,1,1
2021-10-24,83.76000213623047,85.52999877929688,5.28000020980835,27.818500518798828,93.61000061035156,16888.740234375,106.27586364746094,1,0,0,1,1
2021-10-25,83.76000213623047,85.98999786376953,5.8979997634887695,27.836999893188477,93.80999755859375,16894.240234375,105.72694396972656,1,0,0,1,1
2021-10-26,84.6500015258789,86.4000015258789,5.881999969482422,27.80620002746582,93.94999694824219,17034.33984375,106.22932434082031,1,0,0,1,1
2021-10-27,82.66000366210938,84.58000183105469,6.202000141143799,27.796300888061523,93.86000061035156,17074.55078125,105.82926177978516,1,0,0,1,1
2021-10-28,82.80999755859375,84.31999969482422,5.7820000648498535,27.762500762939453,93.3499984741211,17041.630859375,107.9319076538086,1,0,0,1,1
2021-10-29,83.56999969482422,84.37999725341797,5.426000118255615,27.72330093383789,94.12000274658203,16987.41015625,105.78275299072266,1,0,0,1,1
2021-10-30,83.56999969482422,84.37999725341797,5.426000118255615,27.72330093383789,94.12000274658203,16987.41015625,105.78275299072266,1,0,0,1,1
2021-10-31,83.56999969482422,84.37999725341797,5.426000118255615,27.72330093383789,94.12000274658203,16987.41015625,105.78275299072266,1,0,0,1,1
2021-11-01,84.05000305175781,84.70999908447266,5.185999870300293,27.816699981689453,93.87999725341797,17068.240234375,106.17349243164062,1,0,0,1,1
2021-11-02,83.91000366210938,84.72000122070312,5.541999816894531,27.80109977722168,94.08999633789062,17065.970703125,106.16419219970703,1,0,0,1,1
2021-11-03,80.86000061035156,81.98999786376953,5.670000076293945,27.85849952697754,93.86000061035156,17122.16015625,106.0711669921875,1,0,0,1,1
2021-11-04,78.80999755859375,80.54000091552734,5.716000080108643,27.789499282836914,94.3499984741211,17078.859375,109.58795928955078,1,0,0,1,1
2021-11-05,81.2699966430664,82.73999786376953,5.515999794006348,27.874099731445312,94.31999969482422,17296.900390625,109.59724426269531,1,0,0,1,1
2021-11-06,81.2699966430664,82.73999786376953,5.515999794006348,27.874099731445312,94.31999969482422,17296.900390625,109.59724426269531,1,0,0,1,1
2021-11-07,81.2699966430664,82.73999786376953,5.515999794006348,27.874099731445312,94.31999969482422,17296.900390625,109.59724426269531,1,0,0,1,1
2021-11-08,81.93000030517578,83.43000030517578,5.427000045776367,27.83009910583496,94.05000305175781,17415.30078125,112.49070739746094,1,0,0,1,1
2021-11-09,84.1500015258789,84.77999877929688,4.979000091552734,27.80120086669922,93.95999908447266,17541.359375,113.30011749267578,1,0,0,1,1
2021-11-10,81.33999633789062,82.63999938964844,4.880000114440918,27.731300354003906,94.8499984741211,17559.650390625,109.96939086914062,1,0,0,1,1
2021-11-11,81.58999633789062,82.87000274658203,5.14900016784668,27.759000778198242,95.18000030517578,17452.51953125,109.9601058959961,1,0,0,1,1
2021-11-12,80.79000091552734,82.16999816894531,4.790999889373779,27.801700592041016,95.12999725341797,17518.130859375,110.42527770996094,1,0,0,1,1
2021-11-13,80.79000091552734,82.16999816894531,4.790999889373779,27.801700592041016,95.12999725341797,17518.130859375,110.42527770996094,1,0,0,1,1
2021-11-14,80.79000091552734,82.16999816894531,4.790999889373779,27.801700592041016,95.12999725341797,17518.130859375,110.42527770996094,1,0,0,1,1
2021-11-15,80.87999725341797,82.05000305175781,5.017000198364258,27.781299591064453,95.41000366210938,17634.470703125,109.89496612548828,1,0,0,1,1
2021-11-16,80.76000213623047,82.43000030517578,5.177000045776367,27.752500534057617,95.91999816894531,17693.130859375,109.8577651977539,1,0,0,1,1
2021-11-17,78.36000061035156,80.27999877929688,4.815999984741211,27.80069923400879,95.83000183105469,17764.0390625,110.7695083618164,1,0,0,1,1
2021-11-18,79.01000213623047,81.23999786376953,4.9019999504089355,27.740699768066406,95.54000091552734,17841.369140625,114.79801940917969,1,0,0,1,1
2021-11-19,76.0999984741211,78.88999938964844,5.065000057220459,27.806400299072266,96.06999969482422,17818.310546875,115.60743713378906,1,0,0,1,1
2021-11-20,76.0999984741211,78.88999938964844,5.065000057220459,27.806400299072266,96.06999969482422,17818.310546875,115.60743713378906,1,0,0,1,1
2021-11-21,76.0999984741211,78.88999938964844,5.065000057220459,27.806400299072266,96.06999969482422,17818.310546875,115.60743713378906,1,0,0,1,1
2021-11-22,76.75,79.69999694824219,4.789000034332275,27.792999267578125,96.5,17803.5390625,116.06330871582031,1,0,0,1,1
2021-11-23,78.5,82.30999755859375,4.9670000076293945,27.769500732421875,96.48999786376953,17666.119140625,112.90937042236328,1,0,0,1,1
2021-11-24,78.38999938964844,82.25,5.067999839782715,27.751399993896484,96.83999633789062,17642.51953125,112.30461883544922,1,0,0,1,1
2021-11-25,78.38999938964844,82.25,5.067999839782715,27.7677001953125,96.83999633789062,17654.189453125,112.30461883544922,1,0,0,1,1
2021-11-26,68.1500015258789,72.72000122070312,5.447000026702881,27.764699935913086,96.08999633789062,17369.390625,108.93667602539062,1,0,0,1,1
2021-11-27,68.1500015258789,72.72000122070312,5.447000026702881,27.764699935913086,96.08999633789062,17369.390625,108.93667602539062,1,0,0,1,1
2021-11-28,68.1500015258789,72.72000122070312,5.447000026702881,27.764699935913086,96.08999633789062,17369.390625,108.93667602539062,1,0,0,1,1
2021-11-29,69.94999694824219,73.44000244140625,4.854000091552734,27.853900909423828,96.33999633789062,17328.08984375,110.97418975830078,1,0,0,1,1
2021-11-30,66.18000030517578,70.56999969482422,4.566999912261963,27.7455997467041,95.98999786376953,17427.759765625,108.99252319335938,1,0,0,1,1
2021-12-01,65.56999969482422,68.87000274658203,4.257999897003174,27.578699111938477,96.05000305175781,17585.990234375,112.23018646240234,1,0,0,1,1
2021-12-02,66.5,69.66999816894531,4.056000232696533,27.60449981689453,96.12999725341797,17724.880859375,113.22567749023438,1,0,0,1,1
2021-12-03,66.26000213623047,69.87999725341797,4.131999969482422,27.678699493408203,96.12000274658203,17697.140625,111.02071380615234,1,0,0,1,1
2021-12-04,66.26000213623047,69.87999725341797,4.131999969482422,27.678699493408203,96.12000274658203,17697.140625,111.02071380615234,1,0,0,1,1
2021-12-05,66.26000213623047,69.87999725341797,4.131999969482422,27.678699493408203,96.12000274658203,17697.140625,111.02071380615234,1,0,0,1,1
2021-12-06,69.48999786376953,73.08000183105469,3.6570000648498535,27.65719985961914,96.29000091552734,17688.2109375,110.84394836425781,1,0,0,1,1
2021-12-07,72.05000305175781,75.44000244140625,3.7079999446868896,27.65920066833496,96.37000274658203,17796.919921875,113.80252075195312,1,0,0,1,1
2021-12-08,72.36000061035156,75.81999969482422,3.815000057220459,27.742599487304688,95.88999938964844,17832.419921875,113.3187255859375,1,0,0,1,1
2021-12-09,70.94000244140625,74.41999816894531,3.813999891281128,27.630699157714844,96.2699966430664,17914.119140625,111.17889404296875,1,0,0,1,1
2021-12-10,71.66999816894531,75.1500015258789,3.924999952316284,27.68560028076172,96.05000305175781,17826.259765625,110.83462524414062,1,0,0,1,1
2021-12-11,71.66999816894531,75.1500015258789,3.924999952316284,27.68560028076172,96.05000305175781,17826.259765625,110.83462524414062,1,0,0,1,1
2021-12-12,71.66999816894531,75.1500015258789,3.924999952316284,27.68560028076172,96.05000305175781,17826.259765625,110.83462524414062,1,0,0,1,1
2021-12-13,71.29000091552734,74.38999938964844,3.7939999103546143,27.63599967956543,96.31999969482422,17767.599609375,108.3133544921875,1,0,0,1,1
2021-12-14,70.7300033569336,73.69999694824219,3.746999979019165,27.745899200439453,96.56999969482422,17599.369140625,108.19241333007812,1,0,0,1,1
2021-12-15,70.87000274658203,73.87999725341797,3.802000045776367,27.78420066833496,96.51000213623047,17660.099609375,112.01622009277344,1,0,0,1,1
2021-12-16,72.37999725341797,75.0199966430664,3.7660000324249268,27.739700317382812,96.04000091552734,17785.740234375,108.90154266357422,1,0,0,1,1
2021-12-17,70.86000061035156,73.5199966430664,3.690000057220459,27.757699966430664,96.56999969482422,17812.58984375,108.66796112060547,1,0,0,1,1
2021-12-18,70.86000061035156,73.5199966430664,3.690000057220459,27.757699966430664,96.56999969482422,17812.58984375,108.66796112060547,1,0,0,1,1
2021-12-19,70.86000061035156,73.5199966430664,3.690000057220459,27.757699966430664,96.56999969482422,17812.58984375,108.66796112060547,1,0,0,1,1
2021-12-20,68.2300033569336,71.5199966430664,3.8340001106262207,27.827199935913086,96.55000305175781,17669.109375,107.3787612915039,1,0,0,1,1
2021-12-21,71.12000274658203,73.9800033569336,3.86899995803833,27.815399169921875,96.48999786376953,17789.26953125,109.71430969238281,1,0,0,1,1
2021-12-22,72.76000213623047,75.29000091552734,3.9760000705718994,27.730199813842773,96.08000183105469,17826.830078125,113.32038116455078,1,0,0,1,1
2021-12-23,73.79000091552734,76.8499984741211,3.7309999465942383,27.711000442504883,96.0199966430664,17946.66015625,112.74114990234375,1,0,0,1,1
2021-12-24,73.79000091552734,76.8499984741211,3.7309999465942383,27.62470054626465,96.0199966430664,17961.640625,112.74114990234375,1,0,0,1,1
2021-12-25,73.79000091552734,76.8499984741211,3.7309999465942383,27.62470054626465,96.0199966430664,17961.640625,112.74114990234375,1,0,0,1,1
2021-12-26,73.79000091552734,76.8499984741211,3.7309999465942383,27.62470054626465,96.0199966430664,17961.640625,112.74114990234375,1,0,0,1,1
2021-12-27,75.56999969482422,78.5999984741211,4.059999942779541,27.67930030822754,96.08999633789062,18048.939453125,114.6282730102539,1,0,0,1,1
2021-12-28,75.9800033569336,78.94000244140625,4.054999828338623,27.683700561523438,96.19999694824219,18196.810546875,114.03038024902344,1,0,0,1,1
2021-12-29,76.55999755859375,79.2300033569336,4.02400016784668,27.53499984741211,95.93000030517578,18248.279296875,113.42314147949219,1,0,0,1,1
2021-12-30,76.98999786376953,79.31999969482422,3.561000108718872,27.617399215698242,95.97000122070312,18218.83984375,112.4982681274414,1,0,0,1,1
2021-12-31,75.20999908447266,77.77999877929688,3.7300000190734863,27.658700942993164,95.66999816894531,18218.83984375,112.39550018310547,1,0,0,1,1
2022-01-01,75.20999908447266,77.77999877929688,3.7300000190734863,27.658700942993164,95.66999816894531,18218.83984375,112.39550018310547,1,0,0,1,1
2022-01-02,75.20999908447266,77.77999877929688,3.7300000190734863,27.658700942993164,95.66999816894531,18218.83984375,112.39550018310547,1,0,0,1,1
2022-01-03,76.08000183105469,78.9800033569336,3.815000057220459,27.70210075378418,96.23999786376953,18270.509765625,120.32698822021484,1,0,0,1,1
2022-01-04,76.98999786376953,80.0,3.7170000076293945,27.62470054626465,96.29000091552734,18526.349609375,124.62434387207031,1,0,0,1,1
2022-01-05,77.8499984741211,80.80000305175781,3.881999969482422,27.515499114990234,96.19000244140625,18499.9609375,118.70146942138672,1,0,0,1,1
2022-01-06,79.45999908447266,81.98999786376953,3.812000036239624,27.596399307250977,96.25,18367.919921875,120.01870727539062,1,0,0,1,1
2022-01-07,78.9000015258789,81.75,3.9159998893737793,27.6200008392334,95.73999786376953,18169.759765625,115.37565612792969,1,0,0,1,1
2022-01-08,78.9000015258789,81.75,3.9159998893737793,27.6200008392334,95.73999786376953,18169.759765625,115.37565612792969,1,0,0,1,1
2022-01-09,78.9000015258789,81.75,3.9159998893737793,27.6200008392334,95.73999786376953,18169.759765625,115.37565612792969,1,0,0,1,1
2022-01-10,78.2300033569336,80.87000274658203,4.078999996185303,27.658000946044922,95.98999786376953,18239.380859375,116.78630828857422,1,0,0,1,1
2022-01-11,81.22000122070312,83.72000122070312,4.249000072479248,27.598899841308594,95.62000274658203,18288.2109375,120.67266082763672,1,0,0,1,1
2022-01-12,82.63999938964844,84.66999816894531,4.85699987411499,27.62700080871582,95.0,18375.400390625,123.5313491821289,1,0,0,1,1
2022-01-13,82.12000274658203,84.47000122070312,4.269999980926514,27.598600387573242,94.79000091552734,18436.9296875,130.0334930419922,1,0,0,1,1
2022-01-14,83.81999969482422,86.05999755859375,4.26200008392334,27.56599998474121,95.16999816894531,18403.330078125,131.4067840576172,1,0,0,1,1
2022-01-15,83.81999969482422,86.05999755859375,4.26200008392334,27.56599998474121,95.16999816894531,18403.330078125,131.4067840576172,1,0,0,1,1
2022-01-16,83.81999969482422,86.05999755859375,4.26200008392334,27.56599998474121,95.16999816894531,18403.330078125,131.4067840576172,1,0,0,1,1
2022-01-17,83.81999969482422,86.05999755859375,4.26200008392334,27.538000106811523,95.16999816894531,18525.439453125,131.4067840576172,1,0,0,1,1
2022-01-18,85.43000030517578,87.51000213623047,4.2829999923706055,27.4237003326416,95.7300033569336,18378.640625,125.0261001586914,1,0,0,1,1
2022-01-19,86.95999908447266,88.44000244140625,4.031000137329102,27.516199111938477,95.51000213623047,18227.4609375,122.3916015625,1,0,0,1,1
2022-01-20,86.9000015258789,88.37999725341797,3.802000045776367,27.54759979248047,95.73999786376953,18218.279296875,119.8879165649414,1,0,0,1,1
2022-01-21,85.13999938964844,87.88999938964844,3.999000072479248,27.615699768066406,95.63999938964844,17899.30078125,116.33789825439453,1,0,0,1,1
2022-01-22,85.13999938964844,87.88999938964844,3.999000072479248,27.615699768066406,95.63999938964844,17899.30078125,116.33789825439453,1,0,0,1,1
2022-01-23,85.13999938964844,87.88999938964844,3.999000072479248,27.615699768066406,95.63999938964844,17899.30078125,116.33789825439453,1,0,0,1,1
2022-01-24,83.30999755859375,86.2699966430664,4.0269999504089355,27.691200256347656,95.91999816894531,17989.0390625,117.67382049560547,1,0,0,1,1
2022-01-25,85.5999984741211,88.19999694824219,4.052999973297119,27.66390037536621,95.94999694824219,17701.119140625,114.42276763916016,1,0,0,1,1
2022-01-26,87.3499984741211,89.95999908447266,4.2769999504089355,27.697999954223633,96.48999786376953,17674.400390625,114.98329162597656,1,0,0,1,1
2022-01-27,86.61000061035156,89.33999633789062,6.264999866485596,27.664499282836914,97.26000213623047,17674.400390625,108.72402954101562,1,0,0,1,1
2022-01-28,86.81999969482422,90.02999877929688,4.638999938964844,27.756500244140625,97.2699966430664,17674.400390625,109.87311553955078,1,0,0,1,1
2022-01-29,86.81999969482422,90.02999877929688,4.638999938964844,27.756500244140625,97.2699966430664,17674.400390625,109.87311553955078,1,0,0,1,1
2022-01-30,86.81999969482422,90.02999877929688,4.638999938964844,27.756500244140625,97.2699966430664,17674.400390625,109.87311553955078,1,0,0,1,1
2022-01-31,88.1500015258789,91.20999908447266,4.874000072479248,27.82699966430664,96.54000091552734,17674.400390625,114.56288146972656,1,0,0,1,1
2022-02-01,88.19999694824219,89.16000366210938,4.750999927520752,27.77039909362793,96.38999938964844,17674.400390625,114.95525360107422,1,0,0,1,1
2022-02-02,88.26000213623047,89.47000122070312,5.500999927520752,27.742300033569336,95.94000244140625,17674.400390625,115.9828872680664,1,0,0,1,1
2022-02-03,90.2699966430664,91.11000061035156,4.888000011444092,27.75079917907715,95.37999725341797,17674.400390625,111.95642852783203,1,0,0,1,1
2022-02-04,92.30999755859375,93.2699966430664,4.572000026702881,27.743900299072266,95.4800033569336,17674.400390625,113.05879974365234,1,0,0,1,1
2022-02-05,92.30999755859375,93.2699966430664,4.572000026702881,27.743900299072266,95.4800033569336,17674.400390625,113.05879974365234,1,0,0,1,1
2022-02-06,92.30999755859375,93.2699966430664,4.572000026702881,27.743900299072266,95.4800033569336,17674.400390625,113.05879974365234,1,0,0,1,1
2022-02-07,91.31999969482422,92.69000244140625,4.23199987411499,27.799999237060547,95.4000015258789,17900.30078125,114.263916015625,1,0,0,1,1
2022-02-08,89.36000061035156,90.77999877929688,4.248000144958496,27.826000213623047,95.63999938964844,17966.560546875,115.57183837890625,1,0,0,1,1
2022-02-09,89.66000366210938,91.55000305175781,4.008999824523926,27.805200576782227,95.48999786376953,18151.759765625,117.26274108886719,1,0,0,1,1
2022-02-10,89.87999725341797,91.41000366210938,3.9590001106262207,27.78070068359375,95.55000305175781,18338.05078125,116.50605010986328,1,0,0,1,1
2022-02-11,93.0999984741211,94.44000244140625,3.940999984741211,27.826400756835938,96.08000183105469,18310.939453125,113.04945373535156,1,0,0,1,1
2022-02-12,93.0999984741211,94.44000244140625,3.940999984741211,27.826400756835938,96.08000183105469,18310.939453125,113.04945373535156,1,0,0,1,1
2022-02-13,93.0999984741211,94.44000244140625,3.940999984741211,27.826400756835938,96.08000183105469,18310.939453125,113.04945373535156,1,0,0,1,1
2022-02-14,95.45999908447266,96.4800033569336,4.195000171661377,27.9060001373291,96.37000274658203,17997.669921875,111.8910140991211,1,0,0,1,1
2022-02-15,92.06999969482422,93.27999877929688,4.306000232696533,27.861799240112305,95.98999786376953,17951.810546875,116.32853698730469,1,0,0,1,1
2022-02-16,93.66000366210938,94.80999755859375,4.7170000076293945,27.82069969177246,95.69999694824219,18231.470703125,115.46907806396484,1,0,0,1,1
2022-02-17,91.76000213623047,92.97000122070312,4.486000061035156,27.810800552368164,95.80000305175781,18268.5703125,111.88170623779297,1,0,0,1,1
2022-02-18,91.06999969482422,93.54000091552734,4.431000232696533,27.836700439453125,96.04000091552734,18232.349609375,111.46128845214844,1,0,0,1,1
2022-02-19,91.06999969482422,93.54000091552734,4.431000232696533,27.836700439453125,96.04000091552734,18232.349609375,111.46128845214844,1,0,0,1,1
2022-02-20,91.06999969482422,93.54000091552734,4.431000232696533,27.836700439453125,96.04000091552734,18232.349609375,111.46128845214844,1,0,0,1,1
2022-02-21,91.06999969482422,93.54000091552734,4.431000232696533,27.8700008392334,96.04000091552734,18221.490234375,111.46128845214844,1,0,0,1,1
2022-02-22,92.3499984741211,96.83999633789062,4.498000144958496,27.812400817871094,96.02999877929688,17969.2890625,109.21916961669922,1,0,0,1,1
2022-02-23,92.0999984741211,96.83999633789062,4.623000144958496,27.837400436401367,96.19000244140625,18055.73046875,108.2756118774414,1,0,0,1,1
2022-02-24,92.80999755859375,99.08000183105469,4.567999839782715,27.872699737548828,97.13999938964844,17594.55078125,104.52007293701172,1,1,0,1,2
2022-02-25,91.58999633789062,97.93000030517578,4.46999979019165,28.06719970703125,96.62000274658203,17652.1796875,103.91282653808594,1,1,0,1,2
2022-02-26,91.58999633789062,97.93000030517578,4.46999979019165,28.06719970703125,96.62000274658203,17652.1796875,103.91282653808594,1,1,0,1,2
2022-02-27,91.58999633789062,97.93000030517578,4.46999979019165,28.06719970703125,96.62000274658203,17652.1796875,103.91282653808594,1,1,0,1,2
2022-02-28,95.72000122070312,100.98999786376953,4.4019999504089355,27.962799072265625,96.70999908447266,17652.1796875,99.97042846679688,1,1,0,1,2
2022-03-01,103.41000366210938,104.97000122070312,4.572999954223633,27.97559928894043,97.41000366210938,17898.25,100.94203186035156,1,1,0,1,2
2022-03-02,110.5999984741211,112.93000030517578,4.76200008392334,28.04680061340332,97.38999938964844,17867.599609375,102.39938354492188,1,1,0,1,2
2022-03-03,107.66999816894531,110.45999908447266,4.7220001220703125,27.970500946044922,97.79000091552734,17934.400390625,101.63333129882812,1,1,0,1,2
2022-03-04,115.68000030517578,118.11000061035156,5.015999794006348,28.050500869750977,98.6500015258789,17736.51953125,98.14869689941406,1,1,0,1,2
2022-03-05,115.68000030517578,118.11000061035156,5.015999794006348,28.050500869750977,98.6500015258789,17736.51953125,98.14869689941406,1,1,0,1,2
2022-03-06,115.68000030517578,118.11000061035156,5.015999794006348,28.050500869750977,98.6500015258789,17736.51953125,98.14869689941406,1,1,0,1,2
2022-03-07,119.4000015258789,123.20999908447266,4.833000183105469,28.125999450683594,99.29000091552734,17178.689453125,92.75828552246094,1,1,0,1,2
2022-03-08,123.69999694824219,127.9800033569336,4.5269999504089355,28.27589988708496,99.05999755859375,16825.25,93.42157745361328,1,1,0,1,2
2022-03-09,108.69999694824219,111.13999938964844,4.526000022888184,28.30340003967285,97.97000122070312,17015.359375,98.04592895507812,1,1,0,1,2
2022-03-10,106.0199966430664,109.33000183105469,4.63100004196167,28.26799964904785,98.51000213623047,17433.19921875,97.12107849121094,1,1,0,1,2
2022-03-11,109.33000183105469,112.66999816894531,4.724999904632568,28.30069923400879,99.12000274658203,17264.740234375,94.73882293701172,1,1,0,1,2
2022-03-12,109.33000183105469,112.66999816894531,4.724999904632568,28.30069923400879,99.12000274658203,17264.740234375,94.73882293701172,1,1,0,1,2
2022-03-13,109.33000183105469,112.66999816894531,4.724999904632568,28.30069923400879,99.12000274658203,17264.740234375,94.73882293701172,1,1,0,1,2
2022-03-14,103.01000213623047,106.9000015258789,4.6579999923706055,28.410999298095703,99.05999755859375,17263.0390625,92.76762390136719,1,1,0,1,2
2022-03-15,96.44000244140625,99.91000366210938,4.567999839782715,28.51099967956543,99.06999969482422,16926.060546875,95.37407684326172,1,1,0,1,2
2022-03-16,95.04000091552734,98.0199966430664,4.748000144958496,28.51889991760254,98.37999725341797,16940.830078125,99.21345520019531,1,1,0,1,2
2022-03-17,102.9800033569336,106.63999938964844,4.989999771118164,28.378999710083008,98.01000213623047,17448.220703125,99.96443939208984,1,1,0,1,2
2022-03-18,104.69999694824219,107.93000030517578,4.86299991607666,28.17799949645996,98.2300033569336,17456.51953125,100.18034362792969,1,1,0,1,2
2022-03-19,104.69999694824219,107.93000030517578,4.86299991607666,28.17799949645996,98.2300033569336,17456.51953125,100.18034362792969,1,1,0,1,2
2022-03-20,104.69999694824219,107.93000030517578,4.86299991607666,28.17799949645996,98.2300033569336,17456.51953125,100.18034362792969,1,1,0,1,2
2022-03-21,112.12000274658203,115.62000274658203,4.900000095367432,28.356000900268555,98.5,17560.359375,100.36807250976562,1,1,0,1,2
2022-03-22,111.76000213623047,115.4800033569336,5.186999797821045,28.40999984741211,98.48999786376953,17559.7109375,100.48072814941406,1,1,0,1,2
2022-03-23,114.93000030517578,121.5999984741211,5.23199987411499,28.46739959716797,98.62000274658203,17731.369140625,98.89430236816406,1,1,0,1,2
2022-03-24,112.33999633789062,119.02999877929688,5.401000022888184,28.55970001220703,98.79000091552734,17699.060546875,101.30680084228516,1,1,0,1,2
2022-03-25,113.9000015258789,120.6500015258789,5.571000099182129,28.651500701904297,98.80999755859375,17676.94921875,100.1897201538086,1,1,0,1,2
2022-03-26,113.9000015258789,120.6500015258789,5.571000099182129,28.651500701904297,98.80999755859375,17676.94921875,100.1897201538086,1,1,0,1,2
2022-03-27,113.9000015258789,120.6500015258789,5.571000099182129,28.651500701904297,98.80999755859375,17676.94921875,100.1897201538086,1,1,0,1,2
2022-03-28,105.95999908447266,112.4800033569336,5.507999897003174,28.66900062561035,99.08999633789062,17520.009765625,99.8142318725586,1,1,0,1,2
2022-03-29,104.23999786376953,110.2300033569336,5.335999965667725,28.783700942993164,98.4000015258789,17548.66015625,102.5552978515625,1,1,0,1,2
2022-03-30,107.81999969482422,113.44999694824219,5.605000019073486,28.628299713134766,97.79000091552734,17740.560546875,100.1897201538086,1,1,0,1,2
2022-03-31,100.27999877929688,107.91000366210938,5.642000198364258,28.52560043334961,98.30999755859375,17693.470703125,97.87109375,1,1,0,1,2
2022-04-01,99.2699966430664,104.38999938964844,5.71999979019165,28.615699768066406,98.62999725341797,17625.58984375,96.49117279052734,1,1,0,1,2
2022-04-02,99.2699966430664,104.38999938964844,5.71999979019165,28.615699768066406,98.62999725341797,17625.58984375,96.49117279052734,1,1,0,1,2
2022-04-03,99.2699966430664,104.38999938964844,5.71999979019165,28.615699768066406,98.62999725341797,17625.58984375,96.49117279052734,1,1,0,1,2
2022-04-04,103.27999877929688,107.52999877929688,5.711999893188477,28.667999267578125,98.98999786376953,17625.58984375,98.36860656738281,1,1,0,1,2
2022-04-05,101.95999908447266,106.63999938964844,6.0320000648498535,28.588499069213867,99.47000122070312,17625.58984375,96.21892547607422,1,1,0,1,2
2022-04-06,96.2300033569336,101.06999969482422,6.0289998054504395,28.653200149536133,99.5999984741211,17522.5,94.97982025146484,1,1,0,1,2
2022-04-07,96.02999877929688,100.58000183105469,6.359000205993652,28.725400924682617,99.75,17178.630859375,94.36026763916016,1,1,0,1,2
2022-04-08,98.26000213623047,102.77999877929688,6.2779998779296875,28.7987003326416,99.80000305175781,17284.5390625,93.20564270019531,1,1,0,1,2
2022-04-09,98.26000213623047,102.77999877929688,6.2779998779296875,28.7987003326416,99.80000305175781,17284.5390625,93.20564270019531,1,1,0,1,2
2022-04-10,98.26000213623047,102.77999877929688,6.2779998779296875,28.7987003326416,99.80000305175781,17284.5390625,93.20564270019531,1,1,0,1,2
2022-04-11,94.29000091552734,98.4800033569336,6.64300012588501,28.891000747680664,99.93000030517578,17048.369140625,91.5910415649414,1,1,0,1,2
2022-04-12,100.5999984741211,104.63999938964844,6.679999828338623,29.0310001373291,100.29000091552734,16990.91015625,91.468994140625,1,1,0,1,2
2022-04-13,104.25,108.77999877929688,6.997000217437744,29.038000106811523,99.87999725341797,17301.650390625,95.28019714355469,1,1,0,1,2
2022-04-14,106.94999694824219,111.69999694824219,7.300000190734863,28.86669921875,100.31999969482422,17245.650390625,92.33262634277344,1,1,0,1,2
2022-04-15,106.94999694824219,111.69999694824219,7.300000190734863,28.96619987487793,100.31999969482422,17004.1796875,92.33262634277344,1,1,0,1,2
2022-04-16,106.94999694824219,111.69999694824219,7.300000190734863,28.96619987487793,100.31999969482422,17004.1796875,92.33262634277344,1,1,0,1,2
2022-04-17,106.94999694824219,111.69999694824219,7.300000190734863,28.96619987487793,100.31999969482422,17004.1796875,92.33262634277344,1,1,0,1,2
2022-04-18,108.20999908447266,113.16000366210938,7.820000171661377,29.111000061035156,100.77999877929688,16898.869140625,92.71748352050781,1,1,0,1,2
2022-04-19,102.55999755859375,107.25,7.176000118255615,29.214000701904297,100.95999908447266,16993.400390625,93.35584259033203,1,1,0,1,2
2022-04-20,102.75,106.80000305175781,6.936999797821045,29.253700256347656,100.38999938964844,17148.880859375,92.94280242919922,1,1,0,1,2
2022-04-21,103.79000091552734,108.33000183105469,6.956999778747559,29.16349983215332,100.58000183105469,17127.94921875,91.67552947998047,1,1,0,1,2
2022-04-22,102.06999969482422,106.6500015258789,6.533999919891357,29.288999557495117,101.22000122070312,17025.08984375,89.81685638427734,1,1,0,1,2
2022-04-23,102.06999969482422,106.6500015258789,6.533999919891357,29.288999557495117,101.22000122070312,17025.08984375,89.81685638427734,1,1,0,1,2
2022-04-24,102.06999969482422,106.6500015258789,6.533999919891357,29.288999557495117,101.22000122070312,17025.08984375,89.81685638427734,1,1,0,1,2
2022-04-25,98.54000091552734,102.31999969482422,6.669000148773193,29.31100082397461,101.75,16620.900390625,90.34253692626953,1,1,0,1,2
2022-04-26,101.69999694824219,104.98999786376953,6.849999904632568,29.193700790405273,102.30000305175781,16644.7890625,87.08516693115234,1,1,0,1,2
2022-04-27,102.0199966430664,105.31999969482422,7.267000198364258,29.30069923400879,102.94999694824219,16303.349609375,84.72898864746094,1,1,0,1,2
2022-04-28,105.36000061035156,107.58999633789062,6.888000011444092,29.37470054626465,103.62000274658203,16419.380859375,89.38504791259766,1,1,0,1,2
2022-04-29,104.69000244140625,109.33999633789062,7.24399995803833,29.452699661254883,102.95999908447266,16592.1796875,87.23536682128906,1,1,0,1,2
2022-04-30,104.69000244140625,109.33999633789062,7.24399995803833,29.452699661254883,102.95999908447266,16592.1796875,87.23536682128906,1,1,0,1,2
2022-05-01,104.69000244140625,109.33999633789062,7.24399995803833,29.452699661254883,102.95999908447266,16592.1796875,87.23536682128906,1,1,0,1,2
2022-05-02,105.16999816894531,107.58000183105469,7.474999904632568,29.43400001525879,103.73999786376953,16592.1796875,88.01451110839844,1,1,0,1,2
2022-05-03,102.41000366210938,104.97000122070312,7.953999996185303,29.484600067138672,103.47000122070312,16498.900390625,87.8924789428711,1,1,0,1,2
2022-05-04,107.80999755859375,110.13999938964844,8.414999961853027,29.422100067138672,102.58999633789062,16565.830078125,90.10785675048828,1,1,0,1,2
2022-05-05,108.26000213623047,110.9000015258789,8.782999992370605,29.239999771118164,103.75,16696.119140625,86.50318908691406,1,1,0,1,2
2022-05-06,109.7699966430664,112.38999938964844,8.043000221252441,29.606700897216797,103.66000366210938,16408.19921875,86.0150375366211,1,1,0,1,2
2022-05-07,109.7699966430664,112.38999938964844,8.043000221252441,29.606700897216797,103.66000366210938,16408.19921875,86.0150375366211,1,1,0,1,2
2022-05-08,109.7699966430664,112.38999938964844,8.043000221252441,29.606700897216797,103.66000366210938,16408.19921875,86.0150375366211,1,1,0,1,2
2022-05-09,103.08999633789062,105.94000244140625,7.026000022888184,29.649999618530273,103.6500015258789,16048.919921875,81.95037078857422,1,1,0,1,2
2022-05-10,99.76000213623047,102.45999908447266,7.385000228881836,29.750999450683594,103.91999816894531,16061.7001953125,83.37722778320312,1,1,0,1,2
2022-05-11,105.70999908447266,107.51000213623047,7.639999866485596,29.641700744628906,103.8499984741211,16006.25,82.4478988647461,1,1,0,1,2
2022-05-12,106.12999725341797,107.44999694824219,7.738999843597412,29.68899917602539,104.8499984741211,15616.6796875,82.31646728515625,1,1,0,1,2
2022-05-13,110.48999786376953,111.55000305175781,7.663000106811523,29.821500778198242,104.55999755859375,15832.5400390625,85.38609313964844,1,1,0,1,2
2022-05-14,110.48999786376953,111.55000305175781,7.663000106811523,29.821500778198242,104.55999755859375,15832.5400390625,85.38609313964844,1,1,0,1,2
2022-05-15,110.48999786376953,111.55000305175781,7.663000106811523,29.821500778198242,104.55999755859375,15832.5400390625,85.38609313964844,1,1,0,1,2
2022-05-16,114.19999694824219,114.23999786376953,7.955999851226807,29.781999588012695,104.19000244140625,15901.0400390625,84.86979675292969,1,1,0,1,2
2022-05-17,112.4000015258789,111.93000030517578,8.303999900817871,29.71190071105957,103.36000061035156,16056.08984375,87.6014633178711,1,1,0,1,2
2022-05-18,109.58999633789062,109.11000061035156,8.368000030517578,29.60580062866211,103.80999755859375,16296.8603515625,84.98242950439453,1,1,0,1,2
2022-05-19,112.20999908447266,112.04000091552734,8.307999610900879,29.74020004272461,102.72000122070312,16020.3203125,84.68204498291016,1,1,0,1,2
2022-05-20,113.2300033569336,112.55000305175781,8.083000183105469,29.600500106811523,103.1500015258789,16144.849609375,85.21710968017578,1,1,0,1,2
2022-05-21,113.2300033569336,112.55000305175781,8.083000183105469,29.600500106811523,103.1500015258789,16144.849609375,85.21710968017578,1,1,0,1,2
2022-05-22,113.2300033569336,112.55000305175781,8.083000183105469,29.600500106811523,103.1500015258789,16144.849609375,85.21710968017578,1,1,0,1,2
2022-05-23,110.29000091552734,113.41999816894531,8.744000434875488,29.71299934387207,102.08000183105469,16156.41015625,85.89299011230469,1,1,0,1,2
2022-05-24,109.7699966430664,113.55999755859375,8.795999526977539,29.489999771118164,101.86000061035156,15963.6298828125,83.2833480834961,1,1,0,1,2
2022-05-25,110.33000183105469,114.02999877929688,8.970999717712402,29.531700134277344,102.05999755859375,16104.0302734375,84.86979675292969,1,1,0,1,2
2022-05-26,114.08999633789062,117.4000015258789,8.907999992370605,29.40999984741211,101.83000183105469,15968.830078125,85.42363739013672,1,1,0,1,2
2022-05-27,115.06999969482422,119.43000030517578,8.72700023651123,29.312999725341797,101.66999816894531,16266.2197265625,88.02388763427734,1,1,0,1,2
2022-05-28,115.06999969482422,119.43000030517578,8.72700023651123,29.312999725341797,101.66999816894531,16266.2197265625,88.02388763427734,1,1,0,1,2
2022-05-29,115.06999969482422,119.43000030517578,8.72700023651123,29.312999725341797,101.66999816894531,16266.2197265625,88.02388763427734,1,1,0,1,2
2022-05-30,115.06999969482422,119.43000030517578,8.72700023651123,29.29599952697754,101.66999816894531,16610.619140625,88.02388763427734,1,1,0,1,2
2022-05-31,114.66999816894531,122.83999633789062,8.145000457763672,28.83099937438965,101.75,16807.76953125,89.46014404296875,1,1,0,1,2
2022-06-01,115.26000213623047,116.29000091552734,8.696000099182129,28.991500854492188,102.55000305175781,16675.08984375,88.94386291503906,1,1,0,1,2
2022-06-02,116.87000274658203,117.61000061035156,8.484999656677246,29.128299713134766,101.7699966430664,16552.5703125,90.43641662597656,1,1,0,1,2
2022-06-03,118.87000274658203,119.72000122070312,8.52299976348877,29.10099983215332,102.13999938964844,16552.5703125,88.02388763427734,1,1,0,1,2
2022-06-04,118.87000274658203,119.72000122070312,8.52299976348877,29.10099983215332,102.13999938964844,16552.5703125,88.02388763427734,1,1,0,1,2
2022-06-05,118.87000274658203,119.72000122070312,8.52299976348877,29.10099983215332,102.13999938964844,16552.5703125,88.02388763427734,1,1,0,1,2
2022-06-06,118.5,119.51000213623047,9.321999549865723,29.361000061035156,102.44000244140625,16605.9609375,87.40434265136719,1,1,0,1,2
2022-06-07,119.41000366210938,120.56999969482422,9.293000221252441,29.38129997253418,102.31999969482422,16512.880859375,88.08961486816406,1,1,0,1,2
2022-06-08,122.11000061035156,123.58000183105469,8.699000358581543,29.405000686645508,102.54000091552734,16670.509765625,87.74227905273438,1,1,0,1,2
2022-06-09,121.51000213623047,123.06999969482422,8.963000297546387,29.438800811767578,103.22000122070312,16621.33984375,85.2828140258789,1,1,0,1,2
2022-06-10,120.66999816894531,122.01000213623047,8.850000381469727,29.5856990814209,104.1500015258789,16460.119140625,83.24581146240234,1,1,0,1,2
2022-06-11,120.66999816894531,122.01000213623047,8.850000381469727,29.5856990814209,104.1500015258789,16460.119140625,83.24581146240234,1,1,0,1,2
2022-06-12,120.66999816894531,122.01000213623047,8.850000381469727,29.5856990814209,104.1500015258789,16460.119140625,83.24581146240234,1,1,0,1,2
2022-06-13,120.93000030517578,122.2699966430664,8.609000205993652,29.642000198364258,105.08000183105469,16070.98046875,80.3076171875,1,1,0,1,2
2022-06-14,118.93000030517578,121.16999816894531,7.189000129699707,29.68869972229004,105.5199966430664,16047.3701171875,81.84712982177734,1,1,0,1,2
2022-06-15,115.30999755859375,118.51000213623047,7.420000076293945,29.577699661254883,105.16000366210938,15999.25,83.66822052001953,1,1,0,1,2
2022-06-16,117.58999633789062,119.80999755859375,7.464000225067139,29.405000686645508,103.62999725341797,15838.6103515625,79.75862121582031,1,1,0,1,2
2022-06-17,109.55999755859375,113.12000274658203,6.943999767303467,29.695999145507812,104.69999694824219,15641.259765625,80.21159362792969,1,1,0,1,2
2022-06-18,109.55999755859375,113.12000274658203,6.943999767303467,29.695999145507812,104.69999694824219,15641.259765625,80.21159362792969,1,1,0,1,2
2022-06-19,109.55999755859375,113.12000274658203,6.943999767303467,29.695999145507812,104.69999694824219,15641.259765625,80.21159362792969,1,1,0,1,2
2022-06-20,109.55999755859375,113.12000274658203,6.943999767303467,29.70199966430664,104.69999694824219,15367.580078125,80.21159362792969,1,1,0,1,2
2022-06-21,110.6500015258789,114.6500015258789,6.808000087738037,29.702999114990234,104.44000244140625,15728.6396484375,82.05172729492188,1,1,0,1,2
2022-06-22,106.19000244140625,111.73999786376953,6.857999801635742,29.724000930786133,104.19999694824219,15347.75,80.12665557861328,1,1,0,1,2
2022-06-23,104.2699966430664,110.05000305175781,6.238999843597412,29.67169952392578,104.43000030517578,15176.4404296875,79.38117980957031,1,1,0,1,2
2022-06-24,107.62000274658203,113.12000274658203,6.21999979019165,29.613100051879883,104.19000244140625,15303.3203125,81.07975006103516,1,1,0,1,2
2022-06-25,107.62000274658203,113.12000274658203,6.21999979019165,29.613100051879883,104.19000244140625,15303.3203125,81.07975006103516,1,1,0,1,2
2022-06-26,107.62000274658203,113.12000274658203,6.21999979019165,29.613100051879883,104.19000244140625,15303.3203125,81.07975006103516,1,1,0,1,2
2022-06-27,109.56999969482422,115.08999633789062,6.500999927520752,29.694000244140625,103.94000244140625,15548.009765625,81.02314758300781,1,1,0,1,2
2022-06-28,111.76000213623047,117.9800033569336,6.551000118255615,29.43000030517578,104.51000213623047,15439.919921875,79.5887680053711,1,1,0,1,2
2022-06-29,109.77999877929688,116.26000213623047,6.498000144958496,29.67099952697754,105.11000061035156,15240.1298828125,78.93762969970703,1,1,0,1,2
2022-06-30,105.76000213623047,114.80999755859375,5.423999786376953,29.665000915527344,104.69000244140625,14825.73046875,77.14466857910156,1,1,0,1,2
2022-07-01,108.43000030517578,111.62999725341797,5.730000019073486,29.65570068359375,105.13999938964844,14343.080078125,72.66226196289062,1,1,0,1,2
2022-07-02,108.43000030517578,111.62999725341797,5.730000019073486,29.65570068359375,105.13999938964844,14343.080078125,72.66226196289062,1,1,0,1,2
2022-07-03,108.43000030517578,111.62999725341797,5.730000019073486,29.65570068359375,105.13999938964844,14343.080078125,72.66226196289062,1,1,0,1,2
2022-07-04,108.43000030517578,111.62999725341797,5.730000019073486,29.79599952697754,105.13999938964844,14217.0595703125,72.66226196289062,1,1,0,1,2
2022-07-05,99.5,102.7699966430664,5.5229997634887695,29.690000534057617,106.5,14349.2001953125,71.82240295410156,1,1,0,1,2
2022-07-06,98.52999877929688,100.69000244140625,5.510000228881836,29.78070068359375,107.0999984741211,13985.509765625,71.30338287353516,1,1,0,1,2
2022-07-07,102.7300033569336,104.6500015258789,6.296999931335449,29.788000106811523,107.12999725341797,14336.26953125,76.10662078857422,1,1,0,1,2
2022-07-08,104.79000091552734,107.0199966430664,6.033999919891357,29.75200080871582,107.01000213623047,14464.5302734375,76.91819763183594,1,1,0,1,2
2022-07-09,104.79000091552734,107.0199966430664,6.033999919891357,29.75200080871582,107.01000213623047,14464.5302734375,76.91819763183594,1,1,0,1,2
2022-07-10,104.79000091552734,107.0199966430664,6.033999919891357,29.75200080871582,107.01000213623047,14464.5302734375,76.91819763183594,1,1,0,1,2
2022-07-11,104.08999633789062,107.0999984741211,6.426000118255615,29.75200080871582,108.0199966430664,14340.5302734375,74.65340423583984,1,1,0,1,2
2022-07-12,95.83999633789062,99.48999786376953,6.163000106811523,29.86319923400879,108.06999969482422,13950.6201171875,74.6439437866211,1,1,0,1,2
2022-07-13,96.30000305175781,99.56999969482422,6.689000129699707,29.864999771118164,107.95999908447266,14324.6796875,76.71056365966797,1,1,0,1,2
2022-07-14,95.77999877929688,99.0999984741211,6.599999904632568,29.766000747680664,108.54000091552734,14438.51953125,78.9565200805664,1,1,0,1,2
2022-07-15,97.58999633789062,101.16000366210938,7.015999794006348,29.918699264526367,108.05999755859375,14550.6201171875,80.80608367919922,1,1,0,1,2
2022-07-16,97.58999633789062,101.16000366210938,7.015999794006348,29.918699264526367,108.05999755859375,14550.6201171875,80.80608367919922,1,1,0,1,2
2022-07-17,97.58999633789062,101.16000366210938,7.015999794006348,29.918699264526367,108.05999755859375,14550.6201171875,80.80608367919922,1,1,0,1,2
2022-07-18,102.5999984741211,106.2699966430664,7.479000091552734,29.910999298095703,107.37000274658203,14719.6396484375,78.87158203125,1,1,0,1,2
2022-07-19,104.22000122070312,107.3499984741211,7.263999938964844,29.81999969482422,106.68000030517578,14694.080078125,81.29679870605469,1,1,0,1,2
2022-07-20,102.26000213623047,106.91999816894531,8.006999969482422,29.785999298095703,107.08000183105469,14733.2197265625,81.68370056152344,1,1,0,1,2
2022-07-21,96.3499984741211,103.86000061035156,7.932000160217285,29.880699157714844,106.91000366210938,14937.7001953125,82.84442138671875,1,1,0,1,2
2022-07-22,94.69999694824219,103.19999694824219,8.298999786376953,29.880300521850586,106.7300033569336,14949.3603515625,81.45722961425781,1,1,0,1,2
2022-07-23,94.69999694824219,103.19999694824219,8.298999786376953,29.880300521850586,106.7300033569336,14949.3603515625,81.45722961425781,1,1,0,1,2
2022-07-24,94.69999694824219,103.19999694824219,8.298999786376953,29.880300521850586,106.7300033569336,14949.3603515625,81.45722961425781,1,1,0,1,2
2022-07-25,96.69999694824219,105.1500015258789,8.72700023651123,29.801000595092773,106.4800033569336,14936.330078125,81.4383544921875,1,1,0,1,2
2022-07-26,94.9800033569336,104.4000015258789,8.993000030517578,29.827999114990234,107.19000244140625,14806.7802734375,79.66426086425781,1,1,0,1,2
2022-07-27,97.26000213623047,106.62000274658203,8.687000274658203,29.920299530029297,106.44999694824219,14921.58984375,82.69342803955078,1,1,0,1,2
2022-07-28,96.41999816894531,107.13999938964844,8.133999824523926,29.85930061340332,106.3499984741211,14891.900390625,83.61822509765625,1,1,0,1,2
2022-07-29,98.62000274658203,110.01000213623047,8.229000091552734,29.915000915527344,105.9000015258789,15000.0703125,83.49553680419922,1,1,0,1,2
2022-07-30,98.62000274658203,110.01000213623047,8.229000091552734,29.915000915527344,105.9000015258789,15000.0703125,83.49553680419922,1,1,0,1,2
2022-07-31,98.62000274658203,110.01000213623047,8.229000091552734,29.915000915527344,105.9000015258789,15000.0703125,83.49553680419922,1,1,0,1,2
2022-08-01,93.88999938964844,100.02999877929688,8.282999992370605,30.00200080871582,105.44999694824219,14981.6904296875,81.44779968261719,1,1,0,1,2
2022-08-02,94.41999816894531,100.54000091552734,7.705999851226807,30.167999267578125,106.23999786376953,14747.23046875,81.20243835449219,1,1,0,1,2
2022-08-03,90.66000366210938,96.77999877929688,8.265999794006348,29.966299057006836,106.51000213623047,14777.01953125,81.63652801513672,1,1,0,1,2
2022-08-04,88.54000091552734,94.12000274658203,8.121999740600586,29.941999435424805,105.69000244140625,14702.2001953125,83.43892669677734,1,1,0,1,2
2022-08-05,89.01000213623047,94.91999816894531,8.064000129699707,29.95170021057129,106.62000274658203,15036.0400390625,84.71287536621094,1,1,0,1,2
2022-08-06,89.01000213623047,94.91999816894531,8.064000129699707,29.95170021057129,106.62000274658203,15036.0400390625,84.71287536621094,1,1,0,1,2
2022-08-07,89.01000213623047,94.91999816894531,8.064000129699707,29.95170021057129,106.62000274658203,15036.0400390625,84.71287536621094,1,1,0,1,2
2022-08-08,90.76000213623047,96.6500015258789,7.589000225067139,29.94499969482422,106.44000244140625,15020.41015625,82.98595428466797,1,1,0,1,2
2022-08-09,90.5,96.30999755859375,7.833000183105469,30.000699996948242,106.37000274658203,15050.2802734375,80.4097671508789,1,1,0,1,2
2022-08-10,91.93000030517578,97.4000015258789,8.20199966430664,30.027999877929688,105.19999694824219,14939.01953125,83.67483520507812,1,1,0,1,2
2022-08-11,94.33999633789062,99.5999984741211,8.87399959564209,29.910400390625,105.08999633789062,15197.849609375,84.47695922851562,1,1,0,1,2
2022-08-12,92.08999633789062,98.1500015258789,8.767999649047852,29.94930076599121,105.62999725341797,15288.9697265625,85.74146270751953,1,1,0,1,2
2022-08-13,92.08999633789062,98.1500015258789,8.767999649047852,29.94930076599121,105.62999725341797,15288.9697265625,85.74146270751953,1,1,0,1,2
2022-08-14,92.08999633789062,98.1500015258789,8.767999649047852,29.94930076599121,105.62999725341797,15288.9697265625,85.74146270751953,1,1,0,1,2
2022-08-15,89.41000366210938,95.0999984741211,8.727999687194824,29.94300079345703,106.55000305175781,15417.349609375,86.41146850585938,1,1,0,1,2
2022-08-16,86.52999877929688,92.33999633789062,9.329000473022461,29.98270034790039,106.5,15420.5703125,84.88274383544922,1,1,0,1,2
2022-08-17,88.11000061035156,93.6500015258789,9.244000434875488,29.94379997253418,106.56999969482422,15465.4501953125,84.17495727539062,1,1,0,1,2
2022-08-18,90.5,96.58999633789062,9.187999725341797,29.935699462890625,107.4800033569336,15396.759765625,84.24104309082031,1,1,0,1,2
2022-08-19,90.7699966430664,96.72000122070312,9.336000442504883,29.97369956970215,108.16999816894531,15408.7802734375,82.28764343261719,1,1,0,1,2
2022-08-20,90.7699966430664,96.72000122070312,9.336000442504883,29.97369956970215,108.16999816894531,15408.7802734375,82.28764343261719,1,1,0,1,2
2022-08-21,90.7699966430664,96.72000122070312,9.336000442504883,29.97369956970215,108.16999816894531,15408.7802734375,82.28764343261719,1,1,0,1,2
2022-08-22,90.2300033569336,96.4800033569336,9.680000305175781,30.101999282836914,109.05000305175781,15245.1396484375,80.43807983398438,1,1,0,1,2
2022-08-23,93.73999786376953,100.22000122070312,9.192999839782715,30.13170051574707,108.62000274658203,15095.8896484375,81.18356323242188,1,1,0,1,2
2022-08-24,94.88999938964844,101.22000122070312,9.329999923706055,30.170000076293945,108.68000030517578,15069.1904296875,80.74003601074219,1,1,0,1,2
2022-08-25,92.5199966430664,99.33999633789062,9.375,30.204999923706055,108.47000122070312,15200.0400390625,82.63681030273438,1,1,0,1,2
2022-08-26,93.05999755859375,100.98999786376953,9.295999526977539,30.187999725341797,108.80000305175781,15278.4404296875,79.96621704101562,1,1,0,1,2
2022-08-27,93.05999755859375,100.98999786376953,9.295999526977539,30.187999725341797,108.80000305175781,15278.4404296875,79.96621704101562,1,1,0,1,2
2022-08-28,93.05999755859375,100.98999786376953,9.295999526977539,30.187999725341797,108.80000305175781,15278.4404296875,79.96621704101562,1,1,0,1,2
2022-08-29,97.01000213623047,105.08999633789062,9.352999687194824,30.2810001373291,108.83999633789062,14926.1904296875,78.18270111083984,1,1,0,1,2
2022-08-30,91.63999938964844,99.30999755859375,9.041999816894531,30.368000030517578,108.7699966430664,14953.6298828125,78.1260757446289,1,1,0,1,2
2022-08-31,89.55000305175781,96.48999786376953,9.126999855041504,30.43670082092285,108.69999694824219,15095.4404296875,78.65453338623047,1,1,0,1,2
2022-09-01,86.61000061035156,92.36000061035156,9.26200008392334,30.332700729370117,109.69000244140625,14801.8603515625,77.04085540771484,1,1,0,1,2
2022-09-02,86.87000274658203,93.0199966430664,8.78600025177002,30.548200607299805,109.52999877929688,14673.0400390625,76.3425521850586,1,1,0,1,2
2022-09-03,86.87000274658203,93.0199966430664,8.78600025177002,30.548200607299805,109.52999877929688,14673.0400390625,76.3425521850586,1,1,0,1,2
2022-09-04,86.87000274658203,93.0199966430664,8.78600025177002,30.548200607299805,109.52999877929688,14673.0400390625,76.3425521850586,1,1,0,1,2
2022-09-05,86.87000274658203,93.0199966430664,8.78600025177002,30.613000869750977,109.52999877929688,14661.099609375,76.3425521850586,1,1,0,1,2
2022-09-06,86.87999725341797,92.83000183105469,8.145000457763672,30.68600082397461,110.20999908447266,14677.2001953125,75.52156829833984,1,1,0,1,2
2022-09-07,81.94000244140625,88.0,7.8420000076293945,30.7987003326416,109.83999633789062,14410.0498046875,75.44608306884766,1,1,0,1,2
2022-09-08,83.54000091552734,89.1500015258789,7.914999961853027,30.84779930114746,109.70999908447266,14583.419921875,75.71973419189453,1,1,0,1,2
2022-09-09,86.79000091552734,92.83999633789062,7.995999813079834,30.858699798583984,109.0,14583.419921875,76.93704986572266,1,1,0,1,2
2022-09-10,86.79000091552734,92.83999633789062,7.995999813079834,30.858699798583984,109.0,14583.419921875,76.93704986572266,1,1,0,1,2
2022-09-11,86.79000091552734,92.83999633789062,7.995999813079834,30.858699798583984,109.0,14583.419921875,76.93704986572266,1,1,0,1,2
2022-09-12,87.77999877929688,94.0,8.24899959564209,30.850000381469727,108.33000183105469,14807.4296875,77.52213287353516,1,1,0,1,2
2022-09-13,87.30999755859375,93.16999816894531,8.284000396728516,30.882999420166016,109.81999969482422,14894.41015625,74.37029266357422,1,1,0,1,2
2022-09-14,88.4800033569336,94.0999984741211,9.11400032043457,31.11870002746582,109.66000366210938,14658.3095703125,75.17241668701172,1,1,0,1,2
2022-09-15,85.0999984741211,90.83999633789062,8.324000358581543,31.069000244140625,109.73999786376953,14670.0400390625,74.00324249267578,1,1,0,1,2
2022-09-16,85.11000061035156,91.3499984741211,7.763999938964844,31.222000122070312,109.76000213623047,14561.759765625,73.91783142089844,1,1,0,1,2
2022-09-17,85.11000061035156,91.3499984741211,7.763999938964844,31.222000122070312,109.76000213623047,14561.759765625,73.91783142089844,1,1,0,1,2
2022-09-18,85.11000061035156,91.3499984741211,7.763999938964844,31.222000122070312,109.76000213623047,14561.759765625,73.91783142089844,1,1,0,1,2
2022-09-19,85.7300033569336,92.0,7.751999855041504,31.26099967956543,109.73999786376953,14425.6796875,74.24048614501953,1,1,0,1,2
2022-09-20,84.44999694824219,90.62000274658203,7.7170000076293945,31.32200050354004,110.22000122070312,14549.2998046875,74.16458892822266,1,1,0,1,2
2022-09-21,82.94000244140625,89.83000183105469,7.7789998054504395,31.339000701904297,110.63999938964844,14424.51953125,73.2060775756836,1,1,0,1,2
2022-09-22,83.48999786376953,90.45999908447266,7.089000225067139,31.450000762939453,111.3499984741211,14284.6298828125,71.7730712890625,1,1,0,1,2
2022-09-23,78.73999786376953,86.1500015258789,6.828000068664551,31.538299560546875,113.19000244140625,14118.3798828125,70.10283660888672,1,1,0,1,2
2022-09-24,78.73999786376953,86.1500015258789,6.828000068664551,31.538299560546875,113.19000244140625,14118.3798828125,70.10283660888672,1,1,0,1,2
2022-09-25,78.73999786376953,86.1500015258789,6.828000068664551,31.538299560546875,113.19000244140625,14118.3798828125,70.10283660888672,1,1,0,1,2
2022-09-26,76.70999908447266,84.05999755859375,6.9029998779296875,31.791000366210938,114.0999984741211,13778.1904296875,69.28670501708984,1,1,0,1,2
2022-09-27,78.5,86.2699966430664,6.651000022888184,31.822999954223633,114.11000061035156,13826.58984375,69.30567169189453,1,1,0,1,2
2022-09-28,82.1500015258789,89.31999969482422,6.868000030517578,31.674999237060547,112.5999984741211,13466.0703125,68.4515609741211,1,1,0,1,2
2022-09-29,81.2300033569336,88.48999786376953,6.874000072479248,31.67099952697754,112.25,13534.259765625,65.74691772460938,1,1,0,1,2
2022-09-30,79.48999786376953,87.95999908447266,6.765999794006348,31.63050079345703,112.12000274658203,13424.580078125,65.06363677978516,1,1,0,1,2
2022-10-01,79.48999786376953,87.95999908447266,6.765999794006348,31.63050079345703,112.12000274658203,13424.580078125,65.06363677978516,1,1,0,1,2
2022-10-02,79.48999786376953,87.95999908447266,6.765999794006348,31.63050079345703,112.12000274658203,13424.580078125,65.06363677978516,1,1,0,1,2
2022-10-03,83.62999725341797,88.86000061035156,6.46999979019165,31.80299949645996,111.75,13300.48046875,65.71844482421875,1,1,0,1,2
2022-10-04,86.5199966430664,91.80000305175781,6.836999893188477,31.783700942993164,110.06999969482422,13576.51953125,69.09687805175781,1,1,0,1,2
2022-10-05,87.76000213623047,93.37000274658203,6.929999828338623,31.628000259399414,111.06999969482422,13801.4296875,70.68173217773438,1,1,0,1,2
2022-10-06,88.44999694824219,94.41999816894531,6.9720001220703125,31.523500442504883,112.26000213623047,13892.0498046875,70.55835723876953,1,1,0,1,2
2022-10-07,92.63999938964844,97.91999816894531,6.748000144958496,31.538999557495117,112.80000305175781,13702.2802734375,66.19294738769531,1,1,0,1,2
2022-10-08,92.63999938964844,97.91999816894531,6.748000144958496,31.538999557495117,112.80000305175781,13702.2802734375,66.19294738769531,1,1,0,1,2
2022-10-09,92.63999938964844,97.91999816894531,6.748000144958496,31.538999557495117,112.80000305175781,13702.2802734375,66.19294738769531,1,1,0,1,2
2022-10-10,91.12999725341797,96.19000244140625,6.434999942779541,31.711000442504883,113.13999938964844,13702.2802734375,64.00074005126953,1,1,0,1,2
2022-10-11,89.3499984741211,94.29000091552734,6.5960001945495605,31.792800903320312,113.22000122070312,13106.0302734375,60.214229583740234,1,1,0,1,2
2022-10-12,87.2699966430664,92.44999694824219,6.434999942779541,31.825300216674805,113.31999969482422,13081.240234375,60.84056854248047,1,1,0,1,2
2022-10-13,89.11000061035156,94.56999969482422,6.741000175476074,31.774200439453125,112.36000061035156,12810.73046875,63.22255325317383,1,1,0,1,2
2022-10-14,85.61000061035156,91.62999725341797,6.453000068664551,31.848600387573242,113.30999755859375,13128.1201171875,60.660255432128906,1,1,0,1,2
2022-10-15,85.61000061035156,91.62999725341797,6.453000068664551,31.848600387573242,113.30999755859375,13128.1201171875,60.660255432128906,1,1,0,1,2
2022-10-16,85.61000061035156,91.62999725341797,6.453000068664551,31.848600387573242,113.30999755859375,13128.1201171875,60.660255432128906,1,1,0,1,2
2022-10-17,85.45999908447266,91.62000274658203,5.999000072479248,31.961999893188477,112.04000091552734,12966.0498046875,61.58079147338867,1,1,0,1,2
2022-10-18,82.81999969482422,90.02999877929688,5.744999885559082,31.988000869750977,112.12999725341797,13124.6796875,60.460968017578125,1,1,0,1,2
2022-10-19,85.55000305175781,92.41000366210938,5.461999893188477,32.016998291015625,112.9800033569336,12976.759765625,60.41352081298828,1,1,0,1,2
2022-10-20,85.9800033569336,92.37999725341797,5.357999801635742,32.152000427246094,112.87999725341797,12946.099609375,60.33759307861328,1,1,0,1,2
2022-10-21,85.05000305175781,93.5,4.959000110626221,32.09400177001953,112.01000213623047,12819.2001953125,60.498931884765625,1,1,0,1,2
2022-10-22,85.05000305175781,93.5,4.959000110626221,32.09400177001953,112.01000213623047,12819.2001953125,60.498931884765625,1,1,0,1,2
2022-10-23,85.05000305175781,93.5,4.959000110626221,32.09400177001953,112.01000213623047,12819.2001953125,60.498931884765625,1,1,0,1,2
2022-10-24,84.58000183105469,93.26000213623047,5.198999881744385,32.18000030517578,111.98999786376953,12856.98046875,58.16438293457031,1,1,0,1,2
2022-10-25,85.31999969482422,93.5199966430664,5.61299991607666,32.31129837036133,110.94999694824219,12666.1201171875,58.02202224731445,1,1,0,1,2
2022-10-26,87.91000366210938,95.69000244140625,5.605999946594238,32.22700119018555,109.69999694824219,12729.0498046875,57.737327575683594,1,1,0,1,2
2022-10-27,89.08000183105469,96.95999908447266,5.185999870300293,31.962900161743164,110.58999633789062,12926.3701171875,57.84171676635742,1,1,0,1,2
2022-10-28,87.9000015258789,95.7699966430664,5.684000015258789,32.042999267578125,110.66999816894531,12788.419921875,58.847660064697266,1,1,0,1,2
2022-10-29,87.9000015258789,95.7699966430664,5.684000015258789,32.042999267578125,110.66999816894531,12788.419921875,58.847660064697266,1,1,0,1,2
2022-10-30,87.9000015258789,95.7699966430664,5.684000015258789,32.042999267578125,110.66999816894531,12788.419921875,58.847660064697266,1,1,0,1,2
2022-10-31,86.52999877929688,94.83000183105469,6.355000019073486,32.11399841308594,111.52999877929688,12949.75,58.4111213684082,1,1,0,1,2
2022-11-01,88.37000274658203,94.6500015258789,5.714000225067139,32.24769973754883,111.4800033569336,13037.2099609375,58.43959426879883,1,1,0,1,2
2022-11-02,90.0,96.16000366210938,6.26800012588501,32.124000549316406,111.3499984741211,13100.169921875,57.43364715576172,1,1,0,1,2
2022-11-03,88.16999816894531,94.66999816894531,5.974999904632568,32.247501373291016,112.93000030517578,12986.599609375,57.20588302612305,1,1,0,1,2
2022-11-04,92.61000061035156,98.56999969482422,6.400000095367432,32.150001525878906,110.87999725341797,13026.7099609375,59.29369354248047,1,1,0,1,2
2022-11-05,92.61000061035156,98.56999969482422,6.400000095367432,32.150001525878906,110.87999725341797,13026.7099609375,59.29369354248047,1,1,0,1,2
2022-11-06,92.61000061035156,98.56999969482422,6.400000095367432,32.150001525878906,110.87999725341797,13026.7099609375,59.29369354248047,1,1,0,1,2
2022-11-07,91.79000091552734,97.91999816894531,6.943999767303467,31.999000549316406,110.12000274658203,13223.73046875,59.559410095214844,1,1,0,1,2
2022-11-08,88.91000366210938,95.36000061035156,6.138000011444092,31.850000381469727,109.62000274658203,13347.759765625,61.70415115356445,1,1,0,1,2
2022-11-09,85.83000183105469,92.6500015258789,5.864999771118164,31.7898006439209,110.55000305175781,13638.8095703125,61.68518829345703,1,1,0,1,2
2022-11-10,86.47000122070312,93.66999816894531,6.238999843597412,31.91200065612793,108.20999908447266,13503.759765625,67.22735595703125,1,1,0,1,2
2022-11-11,88.95999908447266,95.98999786376953,5.879000186920166,31.402000427246094,106.29000091552734,14007.5595703125,70.06487274169922,1,1,0,1,2
2022-11-12,88.95999908447266,95.98999786376953,5.879000186920166,31.402000427246094,106.29000091552734,14007.5595703125,70.06487274169922,1,1,0,1,2
2022-11-13,88.95999908447266,95.98999786376953,5.879000186920166,31.402000427246094,106.29000091552734,14007.5595703125,70.06487274169922,1,1,0,1,2
2022-11-14,85.87000274658203,93.13999938964844,5.933000087738037,31.096599578857422,106.66000366210938,14174.900390625,69.08740997314453,1,1,0,1,2
2022-11-15,86.91999816894531,93.86000061035156,6.033999919891357,30.888999938964844,106.4000015258789,14546.3095703125,76.35674285888672,1,1,0,1,2
2022-11-16,85.58999633789062,92.86000061035156,6.199999809265137,31.07900047302246,106.27999877929688,14537.349609375,75.39826202392578,1,1,0,1,2
2022-11-17,81.63999938964844,89.77999877929688,6.36899995803833,31.03499984741211,106.69000244140625,14535.23046875,77.32475280761719,1,1,0,1,2
2022-11-18,80.08000183105469,87.62000274658203,6.302999973297119,31.024999618530273,106.93000030517578,14504.990234375,78.07445526123047,1,1,0,1,2
2022-11-19,80.08000183105469,87.62000274658203,6.302999973297119,31.024999618530273,106.93000030517578,14504.990234375,78.07445526123047,1,1,0,1,2
2022-11-20,80.08000183105469,87.62000274658203,6.302999973297119,31.024999618530273,106.93000030517578,14504.990234375,78.07445526123047,1,1,0,1,2
2022-11-21,79.7300033569336,87.44999694824219,6.776000022888184,31.111299514770508,107.83999633789062,14449.3896484375,75.85379791259766,1,1,0,1,2
2022-11-22,80.94999694824219,88.36000061035156,6.7789998054504395,31.131000518798828,107.22000122070312,14542.2001953125,78.3306884765625,1,1,0,1,2
2022-11-23,77.94000244140625,85.41000366210938,7.308000087738037,31.107200622558594,106.08000183105469,14608.5400390625,77.78976440429688,1,1,0,1,2
2022-11-24,77.94000244140625,85.41000366210938,7.308000087738037,31.079700469970703,106.08000183105469,14784.0,77.78976440429688,1,1,0,1,2
2022-11-25,76.27999877929688,83.62999725341797,7.02400016784668,30.913000106811523,105.95999908447266,14778.509765625,77.24882507324219,1,1,0,1,2
2022-11-26,76.27999877929688,83.62999725341797,7.02400016784668,30.913000106811523,105.95999908447266,14778.509765625,77.24882507324219,1,1,0,1,2
2022-11-27,76.27999877929688,83.62999725341797,7.02400016784668,30.913000106811523,105.95999908447266,14778.509765625,77.24882507324219,1,1,0,1,2
2022-11-28,77.23999786376953,83.19000244140625,6.711999893188477,30.928499221801758,106.68000030517578,14556.8701171875,75.18001556396484,1,1,0,1,2
2022-11-29,78.19999694824219,83.02999877929688,7.235000133514404,31.006099700927734,106.81999969482422,14709.6396484375,75.28439331054688,1,1,0,1,2
2022-11-30,80.55000305175781,85.43000030517578,6.929999828338623,30.945999145507812,105.94999694824219,14879.5498046875,78.74825286865234,1,1,0,1,2
2022-12-01,81.22000122070312,86.87999725341797,6.73799991607666,30.777999877929688,104.7300033569336,15012.7998046875,78.46354675292969,1,1,0,1,2
2022-12-02,79.9800033569336,85.56999969482422,6.281000137329102,30.587799072265625,104.55000305175781,14970.6796875,77.34371948242188,1,1,0,1,2
2022-12-03,79.9800033569336,85.56999969482422,6.281000137329102,30.587799072265625,104.55000305175781,14970.6796875,77.34371948242188,1,1,0,1,2
2022-12-04,79.9800033569336,85.56999969482422,6.281000137329102,30.587799072265625,104.55000305175781,14970.6796875,77.34371948242188,1,1,0,1,2
2022-12-05,76.93000030517578,82.68000030517578,5.577000141143799,30.538000106811523,105.29000091552734,14980.740234375,77.45761108398438,1,1,0,1,2
2022-12-06,74.25,79.3499984741211,5.468999862670898,30.562999725341797,105.58000183105469,14728.8798828125,75.50264739990234,1,1,0,1,2
2022-12-07,72.01000213623047,77.16999816894531,5.7230000495910645,30.633499145507812,105.0999984741211,14630.009765625,75.198974609375,1,1,0,1,2
2022-12-08,71.45999908447266,76.1500015258789,5.961999893188477,30.636999130249023,104.7699966430664,14553.0400390625,76.67942810058594,1,1,0,1,2
2022-12-09,71.0199966430664,76.0999984741211,6.244999885559082,30.46299934387207,104.80999755859375,14705.4296875,76.57502746582031,1,1,0,1,2
2022-12-10,71.0199966430664,76.0999984741211,6.244999885559082,30.46299934387207,104.80999755859375,14705.4296875,76.57502746582031,1,1,0,1,2
2022-12-11,71.0199966430664,76.0999984741211,6.244999885559082,30.46299934387207,104.80999755859375,14705.4296875,76.57502746582031,1,1,0,1,2
2022-12-12,73.16999816894531,77.98999786376953,6.586999893188477,30.693700790405273,105.12999725341797,14612.58984375,76.32829284667969,1,1,0,1,2
2022-12-13,75.38999938964844,80.68000030517578,6.934999942779541,30.68000030517578,103.9800033569336,14522.9599609375,76.40421295166016,1,1,0,1,2
2022-12-14,77.27999877929688,82.69999694824219,6.429999828338623,30.60099983215332,103.7699966430664,14739.3603515625,75.939208984375,1,1,0,1,2
2022-12-15,76.11000061035156,81.20999908447266,6.96999979019165,30.48430061340332,104.55999755859375,14734.1298828125,74.06957244873047,1,1,0,1,2
2022-12-16,74.29000091552734,79.04000091552734,6.599999904632568,30.809999465942383,104.69999694824219,14528.5498046875,72.81932067871094,1,1,0,1,2
2022-12-17,74.29000091552734,79.04000091552734,6.599999904632568,30.809999465942383,104.69999694824219,14528.5498046875,72.81932067871094,1,1,0,1,2
2022-12-18,74.29000091552734,79.04000091552734,6.599999904632568,30.809999465942383,104.69999694824219,14528.5498046875,72.81932067871094,1,1,0,1,2
2022-12-19,75.19000244140625,79.80000305175781,5.85099983215332,30.77079963684082,104.72000122070312,14433.3203125,72.62845611572266,1,1,0,1,2
2022-12-20,76.08999633789062,79.98999786376953,5.326000213623047,30.78569984436035,103.97000122070312,14170.0302734375,72.17034149169922,1,1,0,1,2
2022-12-21,78.29000091552734,82.19999694824219,5.331999778747559,30.724000930786133,104.16000366210938,14234.400390625,73.62100982666016,1,1,0,1,2
2022-12-22,77.48999786376953,80.9800033569336,4.999000072479248,30.679000854492188,104.43000030517578,14442.9404296875,71.84586334228516,1,1,0,1,2
2022-12-23,79.55999755859375,83.91999816894531,5.078999996185303,30.739999771118164,104.30999755859375,14271.6298828125,71.47364807128906,1,1,0,1,2
2022-12-24,79.55999755859375,83.91999816894531,5.078999996185303,30.739999771118164,104.30999755859375,14271.6298828125,71.47364807128906,1,1,0,1,2
2022-12-25,79.55999755859375,83.91999816894531,5.078999996185303,30.739999771118164,104.30999755859375,14271.6298828125,71.47364807128906,1,1,0,1,2
2022-12-26,79.55999755859375,83.91999816894531,5.078999996185303,30.745100021362305,104.30999755859375,14285.1298828125,71.47364807128906,1,1,0,1,2
2022-12-27,79.52999877929688,84.33000183105469,5.2820000648498535,30.7189998626709,104.18000030517578,14328.4296875,70.92965698242188,1,1,0,1,2
2022-12-28,78.95999908447266,83.26000213623047,4.709000110626221,30.72209930419922,104.45999908447266,14173.099609375,69.72714233398438,1,1,0,1,2
2022-12-29,78.4000015258789,82.26000213623047,4.559000015258789,30.72800064086914,103.83999633789062,14085.01953125,72.53301239013672,1,1,0,1,2
2022-12-30,80.26000213623047,85.91000366210938,4.474999904632568,30.680099487304688,103.5199966430664,14137.6904296875,71.0918960571289,1,1,0,1,2
2022-12-31,80.26000213623047,85.91000366210938,4.474999904632568,30.680099487304688,103.5199966430664,14137.6904296875,71.0918960571289,1,1,0,1,2
2023-01-01,80.26000213623047,85.91000366210938,4.474999904632568,30.680099487304688,103.5199966430664,14137.6904296875,71.0918960571289,1,1,0,1,2
2023-01-02,80.26000213623047,85.91000366210938,4.474999904632568,30.64780044555664,103.5199966430664,14137.6904296875,71.0918960571289,1,1,0,1,2
2023-01-03,76.93000030517578,82.0999984741211,3.98799991607666,30.72010040283203,104.5199966430664,14224.1201171875,70.65288543701172,1,1,0,1,2
2023-01-04,72.83999633789062,77.83999633789062,4.171999931335449,30.650299072265625,104.25,14199.1298828125,72.8384017944336,1,1,0,1,2
2023-01-05,73.66999816894531,78.69000244140625,3.7200000286102295,30.687999725341797,105.04000091552734,14301.0498046875,72.27534484863281,1,1,0,1,2
2023-01-06,73.7699966430664,78.56999969482422,3.7100000381469727,30.62299919128418,103.87999725341797,14373.33984375,74.50858306884766,1,1,0,1,2
2023-01-07,73.7699966430664,78.56999969482422,3.7100000381469727,30.62299919128418,103.87999725341797,14373.33984375,74.50858306884766,1,1,0,1,2
2023-01-08,73.7699966430664,78.56999969482422,3.7100000381469727,30.62299919128418,103.87999725341797,14373.33984375,74.50858306884766,1,1,0,1,2
2023-01-09,74.62999725341797,79.6500015258789,3.9100000858306885,30.561500549316406,103.0,14752.2099609375,76.64639282226562,1,1,0,1,2
2023-01-10,75.12000274658203,80.0999984741211,3.6389999389648438,30.461999893188477,103.23999786376953,14802.9599609375,77.56261444091797,1,1,0,1,2
2023-01-11,77.41000366210938,82.66999816894531,3.6710000038146973,30.432600021362305,103.19000244140625,14751.4404296875,78.04933166503906,1,1,0,1,2
2023-01-12,78.38999938964844,84.02999877929688,3.694999933242798,30.434999465942383,102.25,14731.6396484375,83.03121185302734,1,1,0,1,2
2023-01-13,79.86000061035156,85.27999877929688,3.4189999103546143,30.32550048828125,102.19999694824219,14824.1298828125,82.84033203125,1,1,0,1,2
2023-01-14,79.86000061035156,85.27999877929688,3.4189999103546143,30.32550048828125,102.19999694824219,14824.1298828125,82.84033203125,1,1,0,1,2
2023-01-15,79.86000061035156,85.27999877929688,3.4189999103546143,30.32550048828125,102.19999694824219,14824.1298828125,82.84033203125,1,1,0,1,2
2023-01-16,79.86000061035156,85.27999877929688,3.4189999103546143,30.279300689697266,102.19999694824219,14927.009765625,82.84033203125,1,1,0,1,2
2023-01-17,80.18000030517578,85.91999816894531,3.5859999656677246,30.32900047302246,102.38999938964844,14932.9296875,84.930419921875,1,1,0,1,2
2023-01-18,79.4800033569336,84.9800033569336,3.311000108718872,30.27630043029785,102.36000061035156,14932.9296875,85.38854217529297,1,1,0,1,2
2023-01-19,80.33000183105469,86.16000366210938,3.2750000953674316,30.184999465942383,102.05999755859375,14932.9296875,84.36736297607422,1,1,0,1,2
2023-01-20,81.30999755859375,87.62999725341797,3.1740000247955322,30.339000701904297,102.01000213623047,14932.9296875,86.87736511230469,1,1,0,1,2
2023-01-21,81.30999755859375,87.62999725341797,3.1740000247955322,30.339000701904297,102.01000213623047,14932.9296875,86.87736511230469,1,1,0,1,2
2023-01-22,81.30999755859375,87.62999725341797,3.1740000247955322,30.339000701904297,102.01000213623047,14932.9296875,86.87736511230469,1,1,0,1,2
2023-01-23,81.62000274658203,88.19000244140625,3.447000026702881,30.317699432373047,102.13999938964844,14932.9296875,91.2961654663086,1,1,0,1,2
2023-01-24,80.12999725341797,86.12999725341797,3.257999897003174,30.292999267578125,101.91999816894531,14932.9296875,90.24633026123047,1,1,0,1,2
2023-01-25,80.1500015258789,86.12000274658203,3.066999912261963,30.267499923706055,101.63999938964844,14932.9296875,88.19441223144531,1,1,0,1,2
2023-01-26,81.01000213623047,87.47000122070312,2.944000005722046,30.247600555419922,101.83999633789062,14932.9296875,89.18696594238281,1,1,0,1,2
2023-01-27,79.68000030517578,86.66000366210938,3.1089999675750732,30.208799362182617,101.93000030517578,14932.9296875,89.04381561279297,1,1,0,1,2
2023-01-28,79.68000030517578,86.66000366210938,3.1089999675750732,30.208799362182617,101.93000030517578,14932.9296875,89.04381561279297,1,1,0,1,2
2023-01-29,79.68000030517578,86.66000366210938,3.1089999675750732,30.208799362182617,101.93000030517578,14932.9296875,89.04381561279297,1,1,0,1,2
2023-01-30,77.9000015258789,84.9000015258789,2.677000045776367,30.256000518798828,102.27999877929688,15493.8203125,88.8815689086914,1,1,0,1,2
2023-01-31,78.87000274658203,84.48999786376953,2.684000015258789,30.094999313354492,102.0999984741211,15265.2001953125,88.49983215332031,1,1,0,1,2
2023-02-01,76.41000366210938,82.83999633789062,2.4679999351501465,30.0310001373291,101.22000122070312,15420.1298828125,90.41813659667969,1,1,0,1,2
2023-02-02,75.87999725341797,82.16999816894531,2.4560000896453857,29.533000946044922,101.75,15595.16015625,92.2409896850586,1,1,0,1,2
2023-02-03,73.38999938964844,79.94000244140625,2.4100000858306885,29.542999267578125,102.91999816894531,15602.66015625,90.34178161621094,1,1,0,1,2
2023-02-04,73.38999938964844,79.94000244140625,2.4100000858306885,29.542999267578125,102.91999816894531,15602.66015625,90.34178161621094,1,1,0,1,2
2023-02-05,73.38999938964844,79.94000244140625,2.4100000858306885,29.542999267578125,102.91999816894531,15602.66015625,90.34178161621094,1,1,0,1,2
2023-02-06,74.11000061035156,80.98999786376953,2.4570000171661377,29.96579933166504,103.62000274658203,15392.8203125,87.64088439941406,1,1,0,1,2
2023-02-07,77.13999938964844,83.69000244140625,2.5840001106262207,29.998300552368164,103.43000030517578,15400.91015625,90.23680114746094,1,1,0,1,2
2023-02-08,78.47000122070312,85.08999633789062,2.3959999084472656,30.027099609375,103.41000366210938,15618.169921875,89.97911071777344,1,1,0,1,2
2023-02-09,78.05999755859375,84.5,2.430000066757202,30.041500091552734,103.22000122070312,15598.7099609375,92.27919006347656,1,1,0,1,2
2023-02-10,79.72000122070312,86.38999938964844,2.5139999389648438,30.003000259399414,103.62999725341797,15586.650390625,91.0193862915039,1,1,0,1,2
2023-02-11,79.72000122070312,86.38999938964844,2.5139999389648438,30.003000259399414,103.62999725341797,15586.650390625,91.0193862915039,1,1,0,1,2
2023-02-12,79.72000122070312,86.38999938964844,2.5139999389648438,30.003000259399414,103.62999725341797,15586.650390625,91.0193862915039,1,1,0,1,2
2023-02-13,80.13999938964844,86.61000061035156,2.4049999713897705,30.18079948425293,103.3499984741211,15544.2802734375,91.72563934326172,1,1,0,1,2
2023-02-14,79.05999755859375,85.58000183105469,2.566999912261963,30.219999313354492,103.2300033569336,15654.48046875,93.49122619628906,1,1,0,1,2
2023-02-15,78.58999633789062,85.37999725341797,2.4709999561309814,30.248699188232422,103.91999816894531,15432.8896484375,88.5284652709961,1,1,0,1,2
2023-02-16,78.48999786376953,85.13999938964844,2.3889999389648438,30.302000045776367,103.86000061035156,15550.5,86.67694854736328,1,1,0,1,2
2023-02-17,76.33999633789062,83.0,2.2750000953674316,30.253000259399414,103.86000061035156,15479.7001953125,85.98979187011719,1,1,0,1,2
2023-02-18,76.33999633789062,83.0,2.2750000953674316,30.253000259399414,103.86000061035156,15479.7001953125,85.98979187011719,1,1,0,1,2
2023-02-19,76.33999633789062,83.0,2.2750000953674316,30.253000259399414,103.86000061035156,15479.7001953125,85.98979187011719,1,1,0,1,2
2023-02-20,76.33999633789062,83.0,2.2750000953674316,30.373300552368164,103.86000061035156,15551.23046875,85.98979187011719,1,1,0,1,2
2023-02-21,76.16000366210938,83.05000305175781,2.072999954223633,30.364500045776367,104.18000030517578,15563.0,83.64202117919922,1,1,0,1,2
2023-02-22,73.94999694824219,80.5999984741211,2.1740000247955322,30.484500885009766,104.58999633789062,15418.76953125,82.86897277832031,1,1,0,1,2
2023-02-23,75.38999938964844,82.20999908447266,2.313999891281128,30.475299835205078,104.5999984741211,15615.41015625,85.970703125,1,1,0,1,2
2023-02-24,76.31999969482422,83.16000366210938,2.4509999752044678,30.283000946044922,105.20999908447266,15503.7900390625,84.090576171875,1,1,0,1,2
2023-02-25,76.31999969482422,83.16000366210938,2.4509999752044678,30.283000946044922,105.20999908447266,15503.7900390625,84.090576171875,1,1,0,1,2
2023-02-26,76.31999969482422,83.16000366210938,2.4509999752044678,30.283000946044922,105.20999908447266,15503.7900390625,84.090576171875,1,1,0,1,2
2023-02-27,75.68000030517578,82.44999694824219,2.7309999465942383,30.65679931640625,104.66999816894531,15503.7900390625,83.3175277709961,1,1,0,1,2
2023-02-28,77.05000305175781,83.88999938964844,2.746999979019165,30.59779930114746,104.87000274658203,15503.7900390625,83.09801483154297,1,1,0,1,2
2023-03-01,77.69000244140625,84.30999755859375,2.811000108718872,30.64579963684082,104.4800033569336,15598.490234375,84.38643646240234,1,1,0,1,2
2023-03-02,78.16000366210938,84.75,2.765000104904175,30.560699462890625,105.02999877929688,15598.7197265625,84.9686050415039,1,1,0,1,2
2023-03-03,79.68000030517578,85.83000183105469,3.009000062942505,30.601499557495117,104.5199966430664,15608.419921875,85.69393920898438,1,1,0,1,2
2023-03-04,79.68000030517578,85.83000183105469,3.009000062942505,30.601499557495117,104.5199966430664,15608.419921875,85.69393920898438,1,1,0,1,2
2023-03-05,79.68000030517578,85.83000183105469,3.009000062942505,30.601499557495117,104.5199966430664,15608.419921875,85.69393920898438,1,1,0,1,2
2023-03-06,80.45999908447266,86.18000030517578,2.572000026702881,30.498600006103516,104.3499984741211,15763.509765625,85.49351501464844,1,1,0,1,2
2023-03-07,77.58000183105469,83.29000091552734,2.687000036239624,30.575000762939453,105.62000274658203,15857.8896484375,84.79682159423828,1,1,0,1,2
2023-03-08,76.66000366210938,82.66000366210938,2.5510001182556152,30.726299285888672,105.66000366210938,15818.2001953125,86.6865005493164,1,1,0,1,2
2023-03-09,75.72000122070312,81.58999633789062,2.5429999828338623,30.72480010986328,105.30999755859375,15770.66015625,84.82544708251953,1,1,0,1,2
2023-03-10,76.68000030517578,82.77999877929688,2.430000066757202,30.813899993896484,104.58000183105469,15526.2001953125,83.26982116699219,1,1,0,1,2
2023-03-11,76.68000030517578,82.77999877929688,2.430000066757202,30.813899993896484,104.58000183105469,15526.2001953125,83.26982116699219,1,1,0,1,2
2023-03-12,76.68000030517578,82.77999877929688,2.430000066757202,30.813899993896484,104.58000183105469,15526.2001953125,83.26982116699219,1,1,0,1,2
2023-03-13,74.80000305175781,80.7699966430664,2.6059999465942383,30.828699111938477,103.5999984741211,15560.490234375,83.7374496459961,1,1,0,1,2
2023-03-14,71.33000183105469,77.44999694824219,2.572999954223633,30.454999923706055,103.5999984741211,15360.419921875,85.21675109863281,1,1,0,1,2
2023-03-15,67.61000061035156,73.69000244140625,2.438999891281128,30.378999710083008,104.6500015258789,15387.58984375,82.7448959350586,1,1,0,1,2
2023-03-16,68.3499984741211,74.69999694824219,2.5139999389648438,30.520000457763672,104.41999816894531,15221.1201171875,85.66996002197266,1,1,0,1,2
2023-03-17,66.73999786376953,72.97000122070312,2.3380000591278076,30.548999786376953,103.70999908447266,15452.9599609375,85.83305358886719,1,1,0,1,2
2023-03-18,66.73999786376953,72.97000122070312,2.3380000591278076,30.548999786376953,103.70999908447266,15452.9599609375,85.83305358886719,1,1,0,1,2
2023-03-19,66.73999786376953,72.97000122070312,2.3380000591278076,30.548999786376953,103.70999908447266,15452.9599609375,85.83305358886719,1,1,0,1,2
2023-03-20,67.63999938964844,73.79000091552734,2.2230000495910645,30.618000030517578,103.27999877929688,15419.9697265625,86.37987518310547,1,1,0,1,2
2023-03-21,69.33000183105469,75.31999969482422,2.3480000495910645,30.506000518798828,103.26000213623047,15513.4501953125,88.73987579345703,1,1,0,1,2
2023-03-22,70.9000015258789,76.69000244140625,2.1710000038146973,30.480100631713867,102.3499984741211,15760.4599609375,88.85499572753906,1,1,0,1,2
2023-03-23,69.95999908447266,75.91000366210938,2.1540000438690186,30.350000381469727,102.52999877929688,15863.9501953125,90.74490356445312,1,1,0,1,2
2023-03-24,69.26000213623047,74.98999786376953,2.2160000801086426,30.13800048828125,103.12000274658203,15914.7001953125,89.01808166503906,1,1,0,1,2
2023-03-25,69.26000213623047,74.98999786376953,2.2160000801086426,30.13800048828125,103.12000274658203,15914.7001953125,89.01808166503906,1,1,0,1,2
2023-03-26,69.26000213623047,74.98999786376953,2.2160000801086426,30.13800048828125,103.12000274658203,15914.7001953125,89.01808166503906,1,1,0,1,2
2023-03-27,72.80999755859375,78.12000274658203,2.0880000591278076,30.320999145507812,102.86000061035156,15830.3095703125,86.97468566894531,1,1,0,1,2
2023-03-28,73.19999694824219,78.6500015258789,2.0299999713897705,30.163000106811523,102.43000030517578,15701.48046875,87.11857604980469,1,1,0,1,2
2023-03-29,72.97000122070312,78.27999877929688,1.9910000562667847,30.344999313354492,102.63999938964844,15769.759765625,88.98930358886719,1,1,0,1,2
2023-03-30,74.37000274658203,79.2699966430664,2.1040000915527344,30.516000747680664,102.13999938964844,15849.4296875,88.71109771728516,1,1,0,1,2
2023-03-31,75.66999816894531,79.7699966430664,2.2160000801086426,30.351999282836914,102.51000213623047,15868.0595703125,89.23872375488281,1,1,0,1,2
2023-04-01,75.66999816894531,79.7699966430664,2.2160000801086426,30.351999282836914,102.51000213623047,15868.0595703125,89.23872375488281,1,1,0,1,2
2023-04-02,75.66999816894531,79.7699966430664,2.2160000801086426,30.351999282836914,102.51000213623047,15868.0595703125,89.23872375488281,1,1,0,1,2
2023-04-03,80.41999816894531,84.93000030517578,2.0969998836517334,30.524999618530273,102.08999633789062,15868.0595703125,89.06604766845703,1,1,0,1,2
2023-04-04,80.70999908447266,84.94000244140625,2.1059999465942383,30.478599548339844,101.58999633789062,15868.0595703125,88.42328643798828,1,1,0,1,2
2023-04-05,80.61000061035156,84.98999786376953,2.1549999713897705,30.385299682617188,101.8499984741211,15868.0595703125,86.53336334228516,1,1,0,1,2
2023-04-06,80.69999694824219,85.12000274658203,2.010999917984009,30.540800094604492,101.81999969482422,15810.76953125,86.57173919677734,1,1,0,1,2
2023-04-07,80.69999694824219,85.12000274658203,2.010999917984009,30.510400772094727,101.81999969482422,15836.5,86.57173919677734,1,1,0,1,2
2023-04-08,80.69999694824219,85.12000274658203,2.010999917984009,30.510400772094727,101.81999969482422,15836.5,86.57173919677734,1,1,0,1,2
2023-04-09,80.69999694824219,85.12000274658203,2.010999917984009,30.510400772094727,101.81999969482422,15836.5,86.57173919677734,1,1,0,1,2
2023-04-10,79.73999786376953,84.18000030517578,2.171999931335449,30.39299964904785,102.58000183105469,15876.169921875,85.40132904052734,1,1,0,1,2
2023-04-11,81.52999877929688,85.61000061035156,2.186000108718872,30.522199630737305,102.19999694824219,15913.8798828125,85.61238861083984,1,1,0,1,2
2023-04-12,83.26000213623047,87.33000183105469,2.0929999351501465,30.479900360107422,101.5,15932.9697265625,83.33873748779297,1,1,0,1,2
2023-04-13,82.16000366210938,86.08999633789062,2.006999969482422,30.446500778198242,101.01000213623047,15804.759765625,83.51142120361328,1,1,0,1,2
2023-04-14,82.5199966430664,86.30999755859375,2.114000082015991,30.451000213623047,101.55000305175781,15929.4296875,83.65530395507812,1,1,0,1,2
2023-04-15,82.5199966430664,86.30999755859375,2.114000082015991,30.451000213623047,101.55000305175781,15929.4296875,83.65530395507812,1,1,0,1,2
2023-04-16,82.5199966430664,86.30999755859375,2.114000082015991,30.451000213623047,101.55000305175781,15929.4296875,83.65530395507812,1,1,0,1,2
2023-04-17,80.83000183105469,84.76000213623047,2.2750000953674316,30.506000518798828,102.0999984741211,15963.5498046875,84.4132080078125,1,1,0,1,2
2023-04-18,80.86000061035156,84.7699966430664,2.365999937057495,30.46649932861328,101.75,15869.4404296875,84.5571060180664,1,1,0,1,2
2023-04-19,79.16000366210938,83.12000274658203,2.2219998836517334,30.451900482177734,101.97000122070312,15770.4697265625,83.6841049194336,1,1,0,1,2
2023-04-20,77.29000091552734,81.0999984741211,2.249000072479248,30.537500381469727,101.83999633789062,15707.51953125,85.66035461425781,1,1,0,1,2
2023-04-21,77.87000274658203,81.66000366210938,2.2330000400543213,30.55929946899414,101.81999969482422,15602.990234375,81.89971160888672,1,1,0,1,2
2023-04-22,77.87000274658203,81.66000366210938,2.2330000400543213,30.55929946899414,101.81999969482422,15602.990234375,81.89971160888672,1,1,0,1,2
2023-04-23,77.87000274658203,81.66000366210938,2.2330000400543213,30.55929946899414,101.81999969482422,15602.990234375,81.89971160888672,1,1,0,1,2
2023-04-24,78.76000213623047,82.7300033569336,2.2730000019073486,30.625,101.3499984741211,15626.8701171875,81.19938659667969,1,1,0,1,2
2023-04-25,77.06999969482422,80.7699966430664,2.306999921798706,30.57200050354004,101.86000061035156,15370.73046875,78.94490814208984,1,1,0,1,2
2023-04-26,74.30000305175781,77.69000244140625,2.117000102996826,30.693700790405273,101.47000122070312,15374.6298828125,78.90652465820312,1,1,0,1,2
2023-04-27,74.76000213623047,78.37000274658203,2.3550000190734863,30.628299713134766,101.5,15411.490234375,80.26881408691406,1,1,0,1,2
2023-04-28,76.77999877929688,79.54000091552734,2.4100000858306885,30.626800537109375,101.66999816894531,15579.1796875,80.87321472167969,1,1,0,1,2
2023-04-29,76.77999877929688,79.54000091552734,2.4100000858306885,30.626800537109375,101.66999816894531,15579.1796875,80.87321472167969,1,1,0,1,2
2023-04-30,76.77999877929688,79.54000091552734,2.4100000858306885,30.626800537109375,101.66999816894531,15579.1796875,80.87321472167969,1,1,0,1,2
2023-05-01,75.66000366210938,79.30999755859375,2.318000078201294,30.746000289916992,102.1500015258789,15579.1796875,80.56621551513672,1,1,0,1,2
2023-05-02,71.66000366210938,75.31999969482422,2.2139999866485596,30.72879981994629,101.95999908447266,15636.48046875,79.58767700195312,1,1,0,1,2
2023-05-03,68.5999984741211,72.33000183105469,2.1700000762939453,30.75480079650879,101.33999633789062,15553.41015625,79.33822631835938,1,1,0,1,2
2023-05-04,68.55999755859375,72.5,2.1010000705718994,30.646799087524414,101.4000015258789,15609.0302734375,80.09613037109375,1,1,0,1,2
2023-05-05,71.33999633789062,75.30000305175781,2.13700008392334,30.627899169921875,101.20999908447266,15626.0703125,81.51596069335938,1,1,0,1,2
2023-05-06,71.33999633789062,75.30000305175781,2.13700008392334,30.627899169921875,101.20999908447266,15626.0703125,81.51596069335938,1,1,0,1,2
2023-05-07,71.33999633789062,75.30000305175781,2.13700008392334,30.627899169921875,101.20999908447266,15626.0703125,81.51596069335938,1,1,0,1,2
2023-05-08,73.16000366210938,77.01000213623047,2.23799991607666,30.577999114990234,101.37000274658203,15699.5703125,82.06281280517578,1,1,0,1,2
2023-05-09,73.70999908447266,77.44000244140625,2.2669999599456787,30.58799934387207,101.63999938964844,15727.7001953125,81.602294921875,1,1,0,1,2
2023-05-10,72.55999755859375,76.41000366210938,2.190999984741211,30.649799346923828,101.4800033569336,15641.759765625,81.44881439208984,1,1,0,1,2
2023-05-11,70.87000274658203,74.9800033569336,2.190000057220459,30.61440086364746,102.05999755859375,15514.6396484375,80.03856658935547,1,1,0,1,2
2023-05-12,70.04000091552734,74.16999816894531,2.2660000324249268,30.697900772094727,102.68000030517578,15502.3603515625,80.03856658935547,1,1,0,1,2
2023-05-13,70.04000091552734,74.16999816894531,2.2660000324249268,30.697900772094727,102.68000030517578,15502.3603515625,80.03856658935547,1,1,0,1,2
2023-05-14,70.04000091552734,74.16999816894531,2.2660000324249268,30.697900772094727,102.68000030517578,15502.3603515625,80.03856658935547,1,1,0,1,2
2023-05-15,71.11000061035156,75.2300033569336,2.375,30.809999465942383,102.43000030517578,15475.0498046875,82.17791748046875,1,1,0,1,2
2023-05-16,70.86000061035156,74.91000366210938,2.375999927520752,30.743000030517578,102.55999755859375,15673.900390625,82.38897705078125,1,1,0,1,2
2023-05-17,72.83000183105469,76.95999908447266,2.365000009536743,30.777799606323242,102.87999725341797,15925.2900390625,87.18572998046875,1,1,0,1,2
2023-05-18,71.86000061035156,75.86000061035156,2.5920000076293945,30.79129981994629,103.58000183105469,16101.8798828125,88.88378143310547,1,1,0,1,2
2023-05-19,71.55000305175781,75.58000183105469,2.5850000381469727,30.69029998779297,103.19999694824219,16174.919921875,88.8166275024414,1,1,0,1,2
2023-05-20,71.55000305175781,75.58000183105469,2.5850000381469727,30.69029998779297,103.19999694824219,16174.919921875,88.8166275024414,1,1,0,1,2
2023-05-21,71.55000305175781,75.58000183105469,2.5850000381469727,30.69029998779297,103.19999694824219,16174.919921875,88.8166275024414,1,1,0,1,2
2023-05-22,71.98999786376953,75.98999786376953,2.4000000953674316,30.6200008392334,103.19999694824219,16180.8896484375,87.99158477783203,1,1,0,1,2
2023-05-23,72.91000366210938,76.83999633789062,2.321000099182129,30.660999298095703,103.48999786376953,16188.0302734375,86.76361846923828,1,1,0,1,2
2023-05-24,74.33999633789062,78.36000061035156,2.3980000019073486,30.805400848388672,103.88999938964844,16159.3203125,86.46621704101562,1,1,0,1,2
2023-05-25,71.83000183105469,76.26000213623047,2.306999921798706,30.808399200439453,104.20999908447266,16292.0,96.84638977050781,1,1,0,1,2
2023-05-26,72.66999816894531,76.94999694824219,2.180999994277954,30.75979995727539,104.20999908447266,16505.05078125,99.01451873779297,1,1,0,1,2
2023-05-27,72.66999816894531,76.94999694824219,2.180999994277954,30.75979995727539,104.20999908447266,16505.05078125,99.01451873779297,1,1,0,1,2
2023-05-28,72.66999816894531,76.94999694824219,2.180999994277954,30.75979995727539,104.20999908447266,16505.05078125,99.01451873779297,1,1,0,1,2
2023-05-29,72.66999816894531,76.94999694824219,2.180999994277954,30.684999465942383,104.20999908447266,16636.30078125,99.01451873779297,1,1,0,1,2
2023-05-30,69.45999908447266,73.54000091552734,2.3269999027252197,30.535999298095703,104.16999816894531,16622.740234375,97.83451843261719,1,1,0,1,2
2023-05-31,68.08999633789062,72.66000366210938,2.2660000324249268,30.56130027770996,104.31999969482422,16578.9609375,94.58232116699219,1,1,0,1,2
2023-06-01,70.0999984741211,74.27999877929688,2.1579999923706055,30.64590072631836,103.55999755859375,16512.650390625,94.82215881347656,0,1,0,1,1
2023-06-02,71.73999786376953,76.12999725341797,2.171999931335449,30.582799911499023,104.0199966430664,16706.91015625,94.91809844970703,0,1,0,1,1
2023-06-03,71.73999786376953,76.12999725341797,2.171999931335449,30.582799911499023,104.0199966430664,16706.91015625,94.91809844970703,0,1,0,1,1
2023-06-04,71.73999786376953,76.12999725341797,2.171999931335449,30.582799911499023,104.0199966430664,16706.91015625,94.91809844970703,0,1,0,1,1
2023-06-05,72.1500015258789,76.70999908447266,2.244999885559082,30.66699981689453,104.0,16714.4296875,94.06427764892578,0,1,0,1,1
2023-06-06,71.73999786376953,76.29000091552734,2.26200008392334,30.64579963684082,104.12999725341797,16761.66015625,95.76231384277344,0,1,0,1,1
2023-06-07,72.52999877929688,76.94999694824219,2.3289999961853027,30.631799697875977,104.0999984741211,16922.48046875,96.21320343017578,0,1,0,1,1
2023-06-08,71.29000091552734,75.95999908447266,2.3519999980926514,30.712900161743164,103.33999633789062,16733.689453125,95.87743377685547,0,1,0,1,1
2023-06-09,70.16999816894531,74.79000091552734,2.253999948501587,30.64579963684082,103.55999755859375,16886.400390625,98.6211929321289,0,1,0,1,1
2023-06-10,70.16999816894531,74.79000091552734,2.253999948501587,30.64579963684082,103.55999755859375,16886.400390625,98.6211929321289,0,1,0,1,1
2023-06-11,70.16999816894531,74.79000091552734,2.253999948501587,30.64579963684082,103.55999755859375,16886.400390625,98.6211929321289,0,1,0,1,1
2023-06-12,67.12000274658203,71.83999633789062,2.2660000324249268,30.660999298095703,103.62999725341797,16955.369140625,102.70801544189453,0,1,0,1,1
2023-06-13,69.41999816894531,74.29000091552734,2.3399999141693115,30.711299896240234,103.33999633789062,17216.599609375,102.45858001708984,0,1,0,1,1
2023-06-14,68.2699966430664,73.19999694824219,2.3420000076293945,30.577999114990234,103.01000213623047,17238.140625,103.04379272460938,0,1,0,1,1
2023-06-15,70.62000274658203,75.66999816894531,2.5329999923706055,30.731300354003906,102.12000274658203,17334.98046875,101.3270492553711,0,1,0,1,1
2023-06-16,71.77999877929688,76.61000061035156,2.631999969482422,30.65329933166504,102.30000305175781,17288.91015625,100.73941040039062,0,1,0,1,1
2023-06-17,71.77999877929688,76.61000061035156,2.631999969482422,30.65329933166504,102.30000305175781,17288.91015625,100.73941040039062,0,1,0,1,1
2023-06-18,71.77999877929688,76.61000061035156,2.631999969482422,30.65329933166504,102.30000305175781,17288.91015625,100.73941040039062,0,1,0,1,1
2023-06-19,71.77999877929688,76.61000061035156,2.631999969482422,30.70800018310547,102.30000305175781,17274.560546875,100.73941040039062,0,1,0,1,1
2023-06-20,70.5,75.9000015258789,2.492000102996826,30.791799545288086,102.54000091552734,17184.91015625,100.1710205078125,0,1,0,1,1
2023-06-21,72.52999877929688,77.12000274658203,2.5969998836517334,30.95330047607422,102.06999969482422,17202.400390625,97.91675567626953,0,1,0,1,1
2023-06-22,69.51000213623047,74.13999938964844,2.6080000400543213,30.92300033569336,102.38999938964844,17202.400390625,99.35216522216797,0,1,0,1,1
2023-06-23,69.16000366210938,73.8499984741211,2.7290000915527344,30.993799209594727,102.9000015258789,17202.400390625,98.1768569946289,0,1,0,1,1
2023-06-24,69.16000366210938,73.8499984741211,2.7290000915527344,30.993799209594727,102.9000015258789,17202.400390625,98.1768569946289,0,1,0,1,1
2023-06-25,69.16000366210938,73.8499984741211,2.7290000915527344,30.993799209594727,102.9000015258789,17202.400390625,98.1768569946289,0,1,0,1,1
2023-06-26,69.37000274658203,74.18000030517578,2.7909998893737793,30.996999740600586,102.69000244140625,17059.240234375,96.44279479980469,0,1,0,1,1
2023-06-27,67.69999694824219,72.26000213623047,2.763000011444092,31.003999710083008,102.48999786376953,16887.900390625,98.34062194824219,0,1,0,1,1
2023-06-28,69.55999755859375,74.02999877929688,2.6029999256134033,30.993499755859375,102.91000366210938,16935.630859375,97.22310638427734,0,1,0,1,1
2023-06-29,69.86000061035156,74.33999633789062,2.7009999752044678,31.056499481201172,103.33999633789062,16942.30078125,96.95335388183594,0,1,0,1,1
2023-06-30,70.63999938964844,74.9000015258789,2.7980000972747803,31.117300033569336,102.91000366210938,16915.5390625,97.22310638427734,0,1,0,1,1
2023-07-01,70.63999938964844,74.9000015258789,2.7980000972747803,31.117300033569336,102.91000366210938,16915.5390625,97.22310638427734,0,1,0,1,1
2023-07-02,70.63999938964844,74.9000015258789,2.7980000972747803,31.117300033569336,102.91000366210938,16915.5390625,97.22310638427734,0,1,0,1,1
2023-07-03,69.79000091552734,74.6500015258789,2.7090001106262207,31.145999908447266,102.98999786376953,17084.19921875,99.3714370727539,0,1,0,1,1
2023-07-04,69.79000091552734,74.6500015258789,2.7090001106262207,31.087799072265625,102.98999786376953,17140.76953125,99.3714370727539,0,1,0,1,1
2023-07-05,71.79000091552734,76.6500015258789,2.6570000648498535,31.077999114990234,103.37000274658203,17056.4296875,97.29054260253906,0,1,0,1,1
2023-07-06,71.80000305175781,76.5199966430664,2.6089999675750732,31.224199295043945,103.16999816894531,16762.169921875,95.76842498779297,0,1,0,1,1
2023-07-07,73.86000061035156,78.47000122070312,2.5820000171661377,31.326900482177734,102.2699966430664,16664.2109375,96.55840301513672,0,1,0,1,1
2023-07-08,73.86000061035156,78.47000122070312,2.5820000171661377,31.326900482177734,102.2699966430664,16664.2109375,96.55840301513672,0,1,0,1,1
2023-07-09,73.86000061035156,78.47000122070312,2.5820000171661377,31.326900482177734,102.2699966430664,16664.2109375,96.55840301513672,0,1,0,1,1
2023-07-10,72.98999786376953,77.69000244140625,2.6689999103546143,31.259000778198242,101.97000122070312,16652.80078125,96.11524200439453,0,1,0,1,1
2023-07-11,74.83000183105469,79.4000015258789,2.7309999465942383,31.360000610351562,101.7300033569336,16898.91015625,97.5506591796875,0,1,0,1,1
2023-07-12,75.75,80.11000061035156,2.631999969482422,31.265499114990234,100.5199966430664,16962.029296875,100.09396362304688,0,1,0,1,1
2023-07-13,76.88999938964844,81.36000061035156,2.5450000762939453,31.03380012512207,99.7699966430664,17061.400390625,101.70277404785156,0,1,0,1,1
2023-07-14,75.41999816894531,79.87000274658203,2.5390000343322754,30.957799911499023,99.91000366210938,17283.7109375,101.28852081298828,0,1,0,1,1
2023-07-15,75.41999816894531,79.87000274658203,2.5390000343322754,30.957799911499023,99.91000366210938,17283.7109375,101.28852081298828,0,1,0,1,1
2023-07-16,75.41999816894531,79.87000274658203,2.5390000343322754,30.957799911499023,99.91000366210938,17283.7109375,101.28852081298828,0,1,0,1,1
2023-07-17,74.1500015258789,78.5,2.51200008392334,30.950000762939453,99.83999633789062,17334.2890625,100.95134735107422,0,1,0,1,1
2023-07-18,75.75,79.62999725341797,2.628999948501587,30.950000762939453,99.94000244140625,17227.91015625,99.3714370727539,0,1,0,1,1
2023-07-19,75.3499984741211,79.45999908447266,2.6029999256134033,30.902999877929688,100.27999877929688,17116.439453125,99.28472137451172,0,1,0,1,1
2023-07-20,75.62999725341797,79.63999938964844,2.756999969482422,31.04330062866211,100.87999725341797,17164.890625,94.27520751953125,0,1,0,1,1
2023-07-21,77.06999969482422,81.06999969482422,2.7130000591278076,31.037799835205078,101.06999969482422,17030.69921875,93.68755340576172,0,1,0,1,1
2023-07-22,77.06999969482422,81.06999969482422,2.7130000591278076,31.037799835205078,101.06999969482422,17030.69921875,93.68755340576172,0,1,0,1,1
2023-07-23,77.06999969482422,81.06999969482422,2.7130000591278076,31.037799835205078,101.06999969482422,17030.69921875,93.68755340576172,0,1,0,1,1
2023-07-24,78.73999786376953,82.73999786376953,2.684999942779541,31.32200050354004,101.3499984741211,17033.609375,94.65092468261719,0,1,0,1,1
2023-07-25,79.62999725341797,83.63999938964844,2.7300000190734863,31.299999237060547,101.3499984741211,17198.890625,96.64508819580078,0,1,0,1,1
2023-07-26,78.77999877929688,82.91999816894531,2.6649999618530273,31.166000366210938,100.88999938964844,17162.55078125,95.76842498779297,0,1,0,1,1
2023-07-27,80.08999633789062,84.23999786376953,2.492000102996826,31.214000701904297,101.7699966430664,17241.8203125,95.71063232421875,0,1,0,1,1
2023-07-28,80.58000183105469,84.98999786376953,2.638000011444092,31.296300888061523,101.62000274658203,17292.9296875,97.1653060913086,0,1,0,1,1
2023-07-29,80.58000183105469,84.98999786376953,2.638000011444092,31.296300888061523,101.62000274658203,17292.9296875,97.1653060913086,0,1,0,1,1
2023-07-30,80.58000183105469,84.98999786376953,2.638000011444092,31.296300888061523,101.62000274658203,17292.9296875,97.1653060913086,0,1,0,1,1
2023-07-31,81.80000305175781,85.55999755859375,2.634000062942505,31.353500366210938,101.86000061035156,17145.4296875,95.51795959472656,0,1,0,1,1
2023-08-01,81.37000274658203,84.91000366210938,2.559999942779541,31.39889907836914,102.30000305175781,17212.869140625,94.79541778564453,0,1,0,1,1
2023-08-02,79.48999786376953,83.19999694824219,2.4769999980926514,31.594999313354492,102.58999633789062,16893.73046875,92.1943359375,0,1,0,1,1
2023-08-03,81.55000305175781,85.13999938964844,2.565000057220459,31.63010025024414,102.54000091552734,16893.73046875,91.50070190429688,0,1,0,1,1
2023-08-04,82.81999969482422,86.23999786376953,2.5769999027252197,31.640499114990234,102.0199966430664,16843.6796875,92.63748168945312,0,1,0,1,1
2023-08-05,82.81999969482422,86.23999786376953,2.5769999027252197,31.640499114990234,102.0199966430664,16843.6796875,92.63748168945312,0,1,0,1,1
2023-08-06,82.81999969482422,86.23999786376953,2.5769999027252197,31.640499114990234,102.0199966430664,16843.6796875,92.63748168945312,0,1,0,1,1
2023-08-07,81.94000244140625,85.33999633789062,2.7249999046325684,31.652000427246094,102.05000305175781,16996.0,92.82051849365234,0,1,0,1,1
2023-08-08,82.91999816894531,86.16999816894531,2.7769999504089355,31.66550064086914,102.52999877929688,16877.0703125,91.02864837646484,0,1,0,1,1
2023-08-09,84.4000015258789,87.55000305175781,2.9590001106262207,31.795499801635742,102.48999786376953,16870.939453125,90.53734588623047,0,1,0,1,1
2023-08-10,82.81999969482422,86.4000015258789,2.763000011444092,31.708999633789062,102.5199966430664,16634.69921875,91.32730102539062,0,1,0,1,1
2023-08-11,83.19000244140625,86.80999755859375,2.7699999809265137,31.741500854492188,102.83999633789062,16601.25,88.62022399902344,0,1,0,1,1
2023-08-12,83.19000244140625,86.80999755859375,2.7699999809265137,31.741500854492188,102.83999633789062,16601.25,88.62022399902344,0,1,0,1,1
2023-08-13,83.19000244140625,86.80999755859375,2.7699999809265137,31.741500854492188,102.83999633789062,16601.25,88.62022399902344,0,1,0,1,1
2023-08-14,82.51000213623047,86.20999908447266,2.7950000762939453,31.893999099731445,103.19000244140625,16393.66015625,89.66068267822266,0,1,0,1,1
2023-08-15,80.98999786376953,84.88999938964844,2.6589999198913574,31.90399932861328,103.20999908447266,16454.80078125,88.32160186767578,0,1,0,1,1
2023-08-16,79.37999725341797,83.44999694824219,2.5920000076293945,31.864900588989258,103.41999816894531,16446.779296875,88.41793060302734,0,1,0,1,1
2023-08-17,80.38999938964844,84.12000274658203,2.621000051498413,31.912799835205078,103.44000244140625,16516.66015625,88.28306579589844,0,1,0,1,1
2023-08-18,81.25,84.80000305175781,2.5510001182556152,31.896400451660156,103.37999725341797,16381.3095703125,87.76283264160156,0,1,0,1,1
2023-08-19,81.25,84.80000305175781,2.5510001182556152,31.896400451660156,103.37999725341797,16381.3095703125,87.76283264160156,0,1,0,1,1
2023-08-20,81.25,84.80000305175781,2.5510001182556152,31.896400451660156,103.37999725341797,16381.3095703125,87.76283264160156,0,1,0,1,1
2023-08-21,80.72000122070312,84.45999908447266,2.631999969482422,31.902000427246094,103.33000183105469,16381.490234375,89.16934204101562,0,1,0,1,1
2023-08-22,80.3499984741211,84.02999877929688,2.559999942779541,31.916200637817383,103.55999755859375,16437.609375,88.86107635498047,0,1,0,1,1
2023-08-23,78.88999938964844,83.20999908447266,2.496999979019165,31.976999282836914,103.36000061035156,16576.900390625,90.76856231689453,0,1,0,1,1
2023-08-24,79.05000305175781,83.36000061035156,2.5190000534057617,31.85580062866211,103.9800033569336,16770.869140625,89.14044952392578,0,1,0,1,1
2023-08-25,79.83000183105469,84.4800033569336,2.5399999618530273,31.81410026550293,104.08000183105469,16481.580078125,89.68958282470703,0,1,0,1,1
2023-08-26,79.83000183105469,84.4800033569336,2.5399999618530273,31.81410026550293,104.08000183105469,16481.580078125,89.68958282470703,0,1,0,1,1
2023-08-27,79.83000183105469,84.4800033569336,2.5399999618530273,31.81410026550293,104.08000183105469,16481.580078125,89.68958282470703,0,1,0,1,1
2023-08-28,80.0999984741211,84.41999816894531,2.5789999961853027,31.812000274658203,104.05999755859375,16509.259765625,90.55660247802734,0,1,0,1,1
2023-08-29,81.16000366210938,85.48999786376953,2.555999994277954,31.81800079345703,103.55000305175781,16623.650390625,91.5970458984375,0,1,0,1,1
2023-08-30,81.62999725341797,85.86000061035156,2.7960000038146973,31.767000198364258,103.16000366210938,16719.8203125,91.30803680419922,0,1,0,1,1
2023-08-31,83.62999725341797,86.86000061035156,2.7679998874664307,31.798799514770508,103.62000274658203,16634.509765625,90.14236450195312,0,1,0,1,1
2023-09-01,85.55000305175781,88.55000305175781,2.765000104904175,31.80780029296875,104.23999786376953,16644.939453125,89.77627563476562,0,1,0,1,1
2023-09-02,85.55000305175781,88.55000305175781,2.765000104904175,31.80780029296875,104.23999786376953,16644.939453125,89.77627563476562,0,1,0,1,1
2023-09-03,85.55000305175781,88.55000305175781,2.765000104904175,31.80780029296875,104.23999786376953,16644.939453125,89.77627563476562,0,1,0,1,1
2023-09-04,85.55000305175781,88.55000305175781,2.765000104904175,31.863000869750977,104.23999786376953,16789.689453125,89.77627563476562,0,1,0,1,1
2023-09-05,86.69000244140625,90.04000091552734,2.5820000171661377,31.857799530029297,104.80999755859375,16791.609375,91.13463592529297,0,1,0,1,1
2023-09-06,87.54000091552734,90.5999984741211,2.509999990463257,31.904499053955078,104.86000061035156,16738.16015625,88.88035583496094,0,1,0,1,1
2023-09-07,86.87000274658203,89.91999816894531,2.5789999961853027,31.933900833129883,105.05999755859375,16619.140625,86.75130462646484,0,1,0,1,1
2023-09-08,87.51000213623047,90.6500015258789,2.6050000190734863,32.03139877319336,105.08999633789062,16576.01953125,86.35631561279297,0,1,0,1,1
2023-09-09,87.51000213623047,90.6500015258789,2.6050000190734863,32.03139877319336,105.08999633789062,16576.01953125,86.35631561279297,0,1,0,1,1
2023-09-10,87.51000213623047,90.6500015258789,2.6050000190734863,32.03139877319336,105.08999633789062,16576.01953125,86.35631561279297,0,1,0,1,1
2023-09-11,87.29000091552734,90.63999938964844,2.6080000400543213,32.084999084472656,104.56999969482422,16432.94921875,86.31777954101562,0,1,0,1,1
2023-09-12,88.83999633789062,92.05999755859375,2.743000030517578,31.9064998626709,104.70999908447266,16572.7109375,87.16555786132812,0,1,0,1,1
2023-09-13,88.5199966430664,91.87999725341797,2.680000066757202,31.96380043029785,104.7699966430664,16581.509765625,87.87844848632812,0,1,0,1,1
2023-09-14,90.16000366210938,93.69999694824219,2.7079999446868896,31.894899368286133,105.41000366210938,16807.560546875,88.5766372680664,0,1,0,1,1
2023-09-15,90.7699966430664,93.93000030517578,2.6440000534057617,31.868900299072266,105.31999969482422,16920.919921875,86.4268569946289,0,1,0,1,1
2023-09-16,90.7699966430664,93.93000030517578,2.6440000534057617,31.868900299072266,105.31999969482422,16920.919921875,86.4268569946289,0,1,0,1,1
2023-09-17,90.7699966430664,93.93000030517578,2.6440000534057617,31.868900299072266,105.31999969482422,16920.919921875,86.4268569946289,0,1,0,1,1
2023-09-18,91.4800033569336,94.43000030517578,2.7279999256134033,31.878000259399414,105.19999694824219,16698.240234375,86.02013397216797,0,1,0,1,1
2023-09-19,91.19999694824219,94.33999633789062,2.8480000495910645,31.898500442504883,105.19999694824219,16636.3203125,85.38101959228516,0,1,0,1,1
2023-09-20,90.27999877929688,93.52999877929688,2.7330000400543213,31.979999542236328,105.16000366210938,16534.75,84.52885437011719,0,1,0,1,1
2023-09-21,89.62999725341797,93.30000305175781,2.609999895095825,32.0088996887207,105.36000061035156,16316.669921875,82.65989685058594,0,1,0,1,1
2023-09-22,90.02999877929688,93.2699966430664,2.63700008392334,32.13800048828125,105.58000183105469,16344.48046875,82.9310531616211,0,1,0,1,1
2023-09-23,90.02999877929688,93.2699966430664,2.63700008392334,32.13800048828125,105.58000183105469,16344.48046875,82.9310531616211,0,1,0,1,1
2023-09-24,90.02999877929688,93.2699966430664,2.63700008392334,32.13800048828125,105.58000183105469,16344.48046875,82.9310531616211,0,1,0,1,1
2023-09-25,89.68000030517578,93.29000091552734,2.6389999389648438,32.13100051879883,106.0,16452.23046875,83.5120620727539,0,1,0,1,1
2023-09-26,90.38999938964844,93.95999908447266,2.6559998989105225,32.10279846191406,106.2300033569336,16276.0703125,81.62374877929688,0,1,0,1,1
2023-09-27,93.68000030517578,96.55000305175781,2.7639999389648438,32.18980026245117,106.66999816894531,16310.3603515625,82.73737335205078,0,1,0,1,1
2023-09-28,91.70999908447266,95.37999725341797,2.944999933242798,32.225799560546875,106.22000122070312,16353.740234375,83.67668914794922,0,1,0,1,1
2023-09-29,90.79000091552734,95.30999755859375,2.928999900817871,32.06079864501953,106.16999816894531,16353.740234375,84.15119171142578,0,1,0,1,1
2023-09-30,90.79000091552734,95.30999755859375,2.928999900817871,32.06079864501953,106.16999816894531,16353.740234375,84.15119171142578,0,1,0,1,1
2023-10-01,90.79000091552734,95.30999755859375,2.928999900817871,32.06079864501953,106.16999816894531,16353.740234375,84.15119171142578,0,1,0,1,1
2023-10-02,88.81999969482422,90.70999908447266,2.8399999141693115,32.244998931884766,106.9000015258789,16557.310546875,84.87747192382812,0,1,0,1,1
2023-10-03,89.2300033569336,90.91999816894531,2.9489998817443848,32.306800842285156,107.0,16454.33984375,82.70832061767578,0,1,0,1,1
2023-10-04,84.22000122070312,85.80999755859375,2.9619998931884766,32.31169891357422,106.80000305175781,16273.3798828125,83.928466796875,0,1,0,1,1
2023-10-05,82.30999755859375,84.06999969482422,3.1659998893737793,32.29119873046875,106.33000183105469,16453.51953125,84.2770767211914,0,1,0,1,1
2023-10-06,82.79000091552734,84.58000183105469,3.3380000591278076,32.20370101928711,106.04000091552734,16520.5703125,86.46559143066406,0,1,0,1,1
2023-10-07,82.79000091552734,84.58000183105469,3.3380000591278076,32.20370101928711,106.04000091552734,16520.5703125,86.46559143066406,0,1,0,1,1
2023-10-08,82.79000091552734,84.58000183105469,3.3380000591278076,32.20370101928711,106.04000091552734,16520.5703125,86.46559143066406,0,1,0,1,1
2023-10-09,86.37999725341797,88.1500015258789,3.375999927520752,32.11800003051758,106.08000183105469,16520.5703125,86.1750717163086,0,1,0,1,1
2023-10-10,85.97000122070312,87.6500015258789,3.381999969482422,32.137298583984375,105.83000183105469,16520.5703125,87.74384307861328,0,1,0,1,1
2023-10-11,83.48999786376953,85.81999969482422,3.377000093460083,32.01649856567383,105.81999969482422,16672.029296875,89.0898666381836,0,1,0,1,1
2023-10-12,82.91000366210938,86.0,3.3440001010894775,32.059200286865234,106.56999969482422,16825.91015625,89.49657440185547,0,1,0,1,1
2023-10-13,87.69000244140625,90.88999938964844,3.2360000610351562,32.1697998046875,106.6500015258789,16782.5703125,87.59857940673828,0,1,0,1,1
2023-10-14,87.69000244140625,90.88999938964844,3.2360000610351562,32.1697998046875,106.6500015258789,16782.5703125,87.59857940673828,0,1,0,1,1
2023-10-15,87.69000244140625,90.88999938964844,3.2360000610351562,32.1697998046875,106.6500015258789,16782.5703125,87.59857940673828,0,1,0,1,1
2023-10-16,86.66000366210938,89.6500015258789,3.1089999675750732,32.19490051269531,106.23999786376953,16652.240234375,88.33453369140625,0,1,0,1,1
2023-10-17,86.66000366210938,89.9000015258789,3.0789999961853027,32.186500549316406,106.25,16642.55078125,88.12149047851562,0,1,0,1,1
2023-10-18,88.31999969482422,91.5,3.055999994277954,32.32500076293945,106.56999969482422,16440.91015625,86.76578521728516,0,1,0,1,1
2023-10-19,89.37000274658203,92.37999725341797,2.9570000171661377,32.395301818847656,106.25,16452.73046875,89.9710922241211,0,1,0,1,1
2023-10-20,88.75,92.16000366210938,2.8989999294281006,32.34830093383789,106.16000366210938,16440.720703125,88.42169952392578,0,1,0,1,1
2023-10-21,88.75,92.16000366210938,2.8989999294281006,32.34830093383789,106.16000366210938,16440.720703125,88.42169952392578,0,1,0,1,1
2023-10-22,88.75,92.16000366210938,2.8989999294281006,32.34830093383789,106.16000366210938,16440.720703125,88.42169952392578,0,1,0,1,1
2023-10-23,85.48999786376953,89.83000183105469,2.9260001182556152,32.332000732421875,105.54000091552734,16251.3603515625,88.22802734375,0,1,0,1,1
2023-10-24,83.73999786376953,88.06999969482422,2.9709999561309814,32.236000061035156,106.2699966430664,16309.759765625,88.74125671386719,0,1,0,1,1
2023-10-25,85.38999938964844,90.12999725341797,3.009999990463257,32.20399856567383,106.52999877929688,16358.8896484375,84.86778259277344,0,1,0,1,1
2023-10-26,83.20999908447266,87.93000030517578,3.2139999866485596,32.38029861450195,106.5999984741211,16073.740234375,84.68379974365234,0,1,0,1,1
2023-10-27,85.54000091552734,90.4800033569336,3.1640000343322754,32.3588981628418,106.55999755859375,16134.6103515625,83.26998901367188,0,1,0,1,1
2023-10-28,85.54000091552734,90.4800033569336,3.1640000343322754,32.3588981628418,106.55999755859375,16134.6103515625,83.26998901367188,0,1,0,1,1
2023-10-29,85.54000091552734,90.4800033569336,3.1640000343322754,32.3588981628418,106.55999755859375,16134.6103515625,83.26998901367188,0,1,0,1,1
2023-10-30,82.30999755859375,87.44999694824219,3.3519999980926514,32.41400146484375,106.12000274658203,16149.6796875,83.3377685546875,0,1,0,1,1
2023-10-31,81.0199966430664,87.41000366210938,3.575000047683716,32.247501373291016,106.66000366210938,16001.26953125,83.57984924316406,0,1,0,1,1
2023-11-01,80.44000244140625,84.62999725341797,3.49399995803833,32.40290069580078,106.87999725341797,16038.5595703125,85.0227279663086,0,1,1,1,2
2023-11-02,82.45999908447266,86.8499984741211,3.4719998836517334,32.376800537109375,106.12000274658203,16396.94921875,87.6179428100586,0,1,1,1,2
2023-11-03,80.51000213623047,84.88999938964844,3.515000104904175,32.159000396728516,105.0199966430664,16507.650390625,88.88652038574219,0,1,1,1,2
2023-11-04,80.51000213623047,84.88999938964844,3.515000104904175,32.159000396728516,105.0199966430664,16507.650390625,88.88652038574219,0,1,1,1,2
2023-11-05,80.51000213623047,84.88999938964844,3.515000104904175,32.159000396728516,105.0199966430664,16507.650390625,88.88652038574219,0,1,1,1,2
2023-11-06,80.81999969482422,85.18000030517578,3.2639999389648438,32.08940124511719,105.22000122070312,16649.359375,89.67089080810547,0,1,1,1,2
2023-11-07,77.37000274658203,81.61000061035156,3.140000104904175,32.10200119018555,105.54000091552734,16684.94921875,89.48690795898438,0,1,1,1,2
2023-11-08,75.33000183105469,79.54000091552734,3.1059999465942383,32.0802001953125,105.58999633789062,16740.830078125,89.0898666381836,0,1,1,1,2
2023-11-09,75.73999786376953,80.01000213623047,3.0409998893737793,32.215999603271484,105.91000366210938,16745.650390625,88.72188568115234,0,1,1,1,2
2023-11-10,77.16999816894531,81.43000030517578,3.0329999923706055,32.253501892089844,105.86000061035156,16682.669921875,94.35779571533203,0,1,1,1,2
2023-11-11,77.16999816894531,81.43000030517578,3.0329999923706055,32.253501892089844,105.86000061035156,16682.669921875,94.35779571533203,0,1,1,1,2
2023-11-12,77.16999816894531,81.43000030517578,3.0329999923706055,32.253501892089844,105.86000061035156,16682.669921875,94.35779571533203,0,1,1,1,2
2023-11-13,78.26000213623047,82.5199966430664,3.197000026702881,32.34579849243164,105.66000366210938,16839.2890625,93.37005615234375,0,1,1,1,2
2023-11-14,78.26000213623047,82.47000122070312,3.1059999465942383,32.24449920654297,104.11000061035156,16915.7109375,95.78130340576172,0,1,1,1,2
2023-11-15,76.66000366210938,81.18000030517578,3.190000057220459,32.07699966430664,104.38999938964844,17128.779296875,95.67476654052734,0,1,1,1,2
2023-11-16,72.9000015258789,77.41999816894531,3.062000036239624,32.00859832763672,104.37000274658203,17171.1796875,95.42300415039062,0,1,1,1,2
2023-11-17,75.88999938964844,80.61000061035156,2.9600000381469727,31.836999893188477,103.81999969482422,17208.94921875,96.43010711669922,0,1,1,1,2
2023-11-18,75.88999938964844,80.61000061035156,2.9600000381469727,31.836999893188477,103.81999969482422,17208.94921875,96.43010711669922,0,1,1,1,2
2023-11-19,75.88999938964844,80.61000061035156,2.9600000381469727,31.836999893188477,103.81999969482422,17208.94921875,96.43010711669922,0,1,1,1,2
2023-11-20,77.5999984741211,82.31999969482422,2.881999969482422,31.734699249267578,103.47000122070312,17210.470703125,96.79808044433594,0,1,1,1,2
2023-11-21,77.7699966430664,82.44999694824219,2.8459999561309814,31.468000411987305,103.58999633789062,17416.69921875,95.29710388183594,0,1,1,1,2
2023-11-22,77.0999984741211,81.95999908447266,2.8970000743865967,31.374000549316406,103.91999816894531,17310.259765625,95.52952575683594,0,1,1,1,2
2023-11-23,77.0999984741211,81.37000274658203,2.934000015258789,31.51799964904785,103.91999816894531,17294.55078125,95.52952575683594,0,1,1,1,2
2023-11-24,75.54000091552734,80.58000183105469,2.8550000190734863,31.61400032043457,103.4000015258789,17287.419921875,94.7354736328125,0,1,1,1,2
2023-11-25,75.54000091552734,80.58000183105469,2.8550000190734863,31.61400032043457,103.4000015258789,17287.419921875,94.7354736328125,0,1,1,1,2
2023-11-26,75.54000091552734,80.58000183105469,2.8550000190734863,31.61400032043457,103.4000015258789,17287.419921875,94.7354736328125,0,1,1,1,2
2023-11-27,74.86000061035156,79.9800033569336,2.7939999103546143,31.63599967956543,103.19999694824219,17137.419921875,94.13507080078125,0,1,1,1,2
2023-11-28,76.41000366210938,81.68000030517578,2.7060000896453857,31.524999618530273,102.75,17341.25,94.88070678710938,0,1,1,1,2
2023-11-29,77.86000061035156,83.0999984741211,2.803999900817871,31.27199935913086,102.7699966430664,17370.560546875,95.75224304199219,0,1,1,1,2
2023-11-30,75.95999908447266,82.83000183105469,2.802000045776367,31.069000244140625,103.5,17433.849609375,94.23189544677734,0,1,1,1,2
2023-12-01,74.06999969482422,78.87999725341797,2.813999891281128,31.374000549316406,103.2699966430664,17438.349609375,95.43269348144531,0,1,1,1,2
2023-12-02,74.06999969482422,78.87999725341797,2.813999891281128,31.374000549316406,103.2699966430664,17438.349609375,95.43269348144531,0,1,1,1,2
2023-12-03,74.06999969482422,78.87999725341797,2.813999891281128,31.374000549316406,103.2699966430664,17438.349609375,95.43269348144531,0,1,1,1,2
2023-12-04,73.04000091552734,78.02999877929688,2.694000005722046,31.18899917602539,103.63999938964844,17421.48046875,93.94139099121094,0,1,1,1,2
2023-12-05,72.31999969482422,77.19999694824219,2.7100000381469727,31.423599243164062,104.05000305175781,17328.009765625,93.63153076171875,0,1,1,1,2
2023-12-06,69.37999725341797,74.30000305175781,2.569000005722046,31.516000747680664,104.1500015258789,17360.720703125,94.75482177734375,0,1,1,1,2
2023-12-07,69.33999633789062,74.05000305175781,2.5850000381469727,31.489099502563477,103.54000091552734,17278.740234375,96.1492691040039,0,1,1,1,2
2023-12-08,71.2300033569336,75.83999633789062,2.5810000896453857,31.427000045776367,104.01000213623047,17383.990234375,97.17575073242188,0,1,1,1,2
2023-12-09,71.2300033569336,75.83999633789062,2.5810000896453857,31.427000045776367,104.01000213623047,17383.990234375,97.17575073242188,0,1,1,1,2
2023-12-10,71.2300033569336,75.83999633789062,2.5810000896453857,31.427000045776367,104.01000213623047,17383.990234375,97.17575073242188,0,1,1,1,2
2023-12-11,71.31999969482422,76.02999877929688,2.430999994277954,31.409500122070312,104.0999984741211,17418.33984375,97.75675201416016,0,1,1,1,2
2023-12-12,68.61000061035156,73.23999786376953,2.311000108718872,31.327999114990234,103.87000274658203,17450.630859375,98.38619995117188,0,1,1,1,2
2023-12-13,69.47000122070312,74.26000213623047,2.3350000381469727,31.473100662231445,102.87000274658203,17468.9296875,98.88975524902344,0,1,1,1,2
2023-12-14,71.58000183105469,76.61000061035156,2.3919999599456787,31.156999588012695,101.95999908447266,17653.109375,100.64978790283203,0,1,1,1,2
2023-12-15,71.43000030517578,76.55000305175781,2.490999937057495,31.18429946899414,102.55000305175781,17673.869140625,99.7644271850586,0,1,1,1,2
2023-12-16,71.43000030517578,76.55000305175781,2.490999937057495,31.18429946899414,102.55000305175781,17673.869140625,99.7644271850586,0,1,1,1,2
2023-12-17,71.43000030517578,76.55000305175781,2.490999937057495,31.18429946899414,102.55000305175781,17673.869140625,99.7644271850586,0,1,1,1,2
2023-12-18,72.47000122070312,77.94999694824219,2.503000020980835,31.34779930114746,102.51000213623047,17652.029296875,100.14385986328125,0,1,1,1,2
2023-12-19,73.44000244140625,79.2300033569336,2.492000102996826,31.375,102.16999816894531,17576.55078125,101.05843353271484,0,1,1,1,2
2023-12-20,74.22000122070312,79.69999694824219,2.447000026702881,31.270000457763672,102.41000366210938,17635.19921875,97.33209991455078,0,1,1,1,2
2023-12-21,73.88999938964844,79.38999938964844,2.572000026702881,31.309999465942383,101.83999633789062,17543.740234375,99.7741470336914,0,1,1,1,2
2023-12-22,73.55999755859375,79.06999969482422,2.609999895095825,31.19300079345703,101.69999694824219,17596.630859375,100.35791778564453,0,1,1,1,2
2023-12-23,73.55999755859375,79.06999969482422,2.609999895095825,31.19300079345703,101.69999694824219,17596.630859375,100.35791778564453,0,1,1,1,2
2023-12-24,73.55999755859375,79.06999969482422,2.609999895095825,31.19300079345703,101.69999694824219,17596.630859375,100.35791778564453,0,1,1,1,2
2023-12-25,73.55999755859375,79.06999969482422,2.609999895095825,31.079999923706055,101.69999694824219,17604.83984375,100.35791778564453,0,1,1,1,2
2023-12-26,75.56999969482422,81.06999969482422,2.549999952316284,31.119699478149414,101.47000122070312,17751.73046875,101.62272644042969,0,1,1,1,2
2023-12-27,74.11000061035156,79.6500015258789,2.61899995803833,30.94300079345703,100.98999786376953,17891.5,101.81731414794922,0,1,1,1,2
2023-12-28,71.7699966430664,78.38999938964844,2.556999921798706,30.845699310302734,101.2300033569336,17910.369140625,101.86595153808594,0,1,1,1,2
2023-12-29,71.6500015258789,77.04000091552734,2.5139999389648438,30.697999954223633,101.33000183105469,17930.810546875,101.18489837646484,0,1,1,1,2
2023-12-30,71.6500015258789,77.04000091552734,2.5139999389648438,30.697999954223633,101.33000183105469,17930.810546875,101.18489837646484,0,1,1,1,2
2023-12-31,71.6500015258789,77.04000091552734,2.5139999389648438,30.697999954223633,101.33000183105469,17930.810546875,101.18489837646484,0,1,1,1,2
2024-01-01,71.6500015258789,77.04000091552734,2.5139999389648438,30.682100296020508,101.33000183105469,17930.810546875,101.18489837646484,0,1,1,1,2
2024-01-02,70.37999725341797,75.88999938964844,2.568000078201294,30.66860008239746,102.19999694824219,17853.759765625,98.78175354003906,0,1,1,1,2
2024-01-03,72.69999694824219,78.25,2.6679999828338623,30.878999710083008,102.45999908447266,17559.310546875,97.45857238769531,0,1,1,1,2
2024-01-04,72.19000244140625,77.58999633789062,2.821000099182129,31.041900634765625,102.41999816894531,17549.650390625,96.44672393798828,0,1,1,1,2
2024-01-05,73.80999755859375,78.76000213623047,2.8929998874664307,31.054000854492188,102.41000366210938,17519.140625,96.91373443603516,0,1,1,1,2
2024-01-06,73.80999755859375,78.76000213623047,2.8929998874664307,31.054000854492188,102.41000366210938,17519.140625,96.91373443603516,0,1,1,1,2
2024-01-07,73.80999755859375,78.76000213623047,2.8929998874664307,31.054000854492188,102.41000366210938,17519.140625,96.91373443603516,0,1,1,1,2
2024-01-08,70.7699966430664,76.12000274658203,2.9800000190734863,30.95199966430664,102.20999908447266,17572.66015625,99.47254943847656,0,1,1,1,2
2024-01-09,72.23999786376953,77.58999633789062,3.190000057220459,30.72100067138672,102.56999969482422,17535.490234375,99.13201904296875,0,1,1,1,2
2024-01-10,71.37000274658203,76.80000305175781,3.0390000343322754,31.061100006103516,102.36000061035156,17465.630859375,98.07152557373047,0,1,1,1,2
2024-01-11,72.0199966430664,77.41000366210938,3.0969998836517334,31.117799758911133,102.29000091552734,17545.3203125,98.48014831542969,0,1,1,1,2
2024-01-12,72.68000030517578,78.29000091552734,3.312999963760376,30.893999099731445,102.4000015258789,17512.830078125,98.4996109008789,0,1,1,1,2
2024-01-13,72.68000030517578,78.29000091552734,3.312999963760376,30.893999099731445,102.4000015258789,17512.830078125,98.4996109008789,0,1,1,1,2
2024-01-14,72.68000030517578,78.29000091552734,3.312999963760376,30.893999099731445,102.4000015258789,17512.830078125,98.4996109008789,0,1,1,1,2
2024-01-15,72.68000030517578,78.29000091552734,3.312999963760376,31.075599670410156,102.4000015258789,17546.8203125,98.4996109008789,0,1,1,1,2
2024-01-16,72.4000015258789,78.29000091552734,2.9000000953674316,31.19499969482422,103.36000061035156,17346.869140625,98.91796875,0,1,1,1,2
2024-01-17,72.55999755859375,77.87999725341797,2.869999885559082,31.45800018310547,103.44999694824219,17161.7890625,100.16332244873047,0,1,1,1,2
2024-01-18,74.08000183105469,79.0999984741211,2.697000026702881,31.542499542236328,103.54000091552734,17227.7890625,109.97047424316406,0,1,1,1,2
2024-01-19,73.41000366210938,78.55999755859375,2.5190000534057617,31.58060073852539,103.29000091552734,17681.51953125,111.10881042480469,0,1,1,1,2
2024-01-20,73.41000366210938,78.55999755859375,2.5190000534057617,31.58060073852539,103.29000091552734,17681.51953125,111.10881042480469,0,1,1,1,2
2024-01-21,73.41000366210938,78.55999755859375,2.5190000534057617,31.58060073852539,103.29000091552734,17681.51953125,111.10881042480469,0,1,1,1,2
2024-01-22,75.19000244140625,80.05999755859375,2.4189999103546143,31.383800506591797,103.33000183105469,17815.099609375,109.97047424316406,0,1,1,1,2
2024-01-23,74.37000274658203,79.55000305175781,2.450000047683716,31.368000030517578,103.62000274658203,17874.58984375,111.04070281982422,0,1,1,1,2
2024-01-24,75.08999633789062,80.04000091552734,2.6410000324249268,31.395000457763672,103.23999786376953,17875.830078125,113.36602020263672,0,1,1,1,2
2024-01-25,77.36000061035156,82.43000030517578,2.571000099182129,31.29199981689453,103.56999969482422,18002.619140625,113.40492248535156,0,1,1,1,2
2024-01-26,78.01000213623047,83.55000305175781,2.7119998931884766,31.315000534057617,103.47000122070312,17995.029296875,114.08597564697266,0,1,1,1,2
2024-01-27,78.01000213623047,83.55000305175781,2.7119998931884766,31.315000534057617,103.47000122070312,17995.029296875,114.08597564697266,0,1,1,1,2
2024-01-28,78.01000213623047,83.55000305175781,2.7119998931884766,31.315000534057617,103.47000122070312,17995.029296875,114.08597564697266,0,1,1,1,2
2024-01-29,76.77999877929688,82.4000015258789,2.490000009536743,31.273099899291992,103.61000061035156,18119.630859375,113.8135757446289,0,1,1,1,2
2024-01-30,77.81999969482422,82.87000274658203,2.0769999027252197,31.184999465942383,103.4000015258789,18034.630859375,112.91846466064453,0,1,1,1,2
2024-01-31,75.8499984741211,81.70999908447266,2.0999999046325684,31.159099578857422,103.2699966430664,17889.560546875,109.90237426757812,0,1,1,1,2
2024-02-01,73.81999969482422,78.69999694824219,2.049999952316284,31.2450008392334,103.05000305175781,17968.109375,110.32073974609375,0,1,1,1,2
2024-02-02,72.27999877929688,77.33000183105469,2.0789999961853027,31.233999252319336,103.91999816894531,18059.9296875,112.61686706542969,0,1,1,1,2
2024-02-03,72.27999877929688,77.33000183105469,2.0789999961853027,31.233999252319336,103.91999816894531,18059.9296875,112.61686706542969,0,1,1,1,2
2024-02-04,72.27999877929688,77.33000183105469,2.0789999961853027,31.233999252319336,103.91999816894531,18059.9296875,112.61686706542969,0,1,1,1,2
2024-02-05,72.77999877929688,77.98999786376953,2.0820000171661377,31.3257999420166,104.44999694824219,18096.0703125,115.5745620727539,0,1,1,1,2
2024-02-06,73.30999755859375,78.58999633789062,2.009000062942505,31.340299606323242,104.18000030517578,18096.0703125,116.14860534667969,0,1,1,1,2
2024-02-07,73.86000061035156,79.20999908447266,1.9670000076293945,31.20199966430664,104.04000091552734,18096.0703125,121.59700775146484,0,1,1,1,2
2024-02-08,76.22000122070312,81.62999725341797,1.9170000553131104,31.36680030822754,104.1500015258789,18096.0703125,130.11013793945312,0,1,1,1,2
2024-02-09,76.83999633789062,82.19000244140625,1.847000002861023,31.303300857543945,104.08000183105469,18096.0703125,129.5069580078125,0,1,1,1,2
2024-02-10,76.83999633789062,82.19000244140625,1.847000002861023,31.303300857543945,104.08000183105469,18096.0703125,129.5069580078125,0,1,1,1,2
2024-02-11,76.83999633789062,82.19000244140625,1.847000002861023,31.303300857543945,104.08000183105469,18096.0703125,129.5069580078125,0,1,1,1,2
2024-02-12,76.91999816894531,82.0,1.7680000066757202,31.367799758911133,104.16999816894531,18096.0703125,126.9286880493164,0,1,1,1,2
2024-02-13,77.87000274658203,82.7699966430664,1.6890000104904175,31.288400650024414,104.95999908447266,18096.0703125,124.09745025634766,0,1,1,1,2
2024-02-14,76.63999938964844,81.5999984741211,1.6089999675750732,31.468700408935547,104.72000122070312,18096.0703125,125.7708740234375,0,1,1,1,2
2024-02-15,78.02999877929688,82.86000061035156,1.5809999704360962,31.34510040283203,104.30000305175781,18644.5703125,125.53739166259766,0,1,1,1,2
2024-02-16,79.19000244140625,83.47000122070312,1.6089999675750732,31.262699127197266,104.27999877929688,18607.25,123.2607192993164,0,1,1,1,2
2024-02-17,79.19000244140625,83.47000122070312,1.6089999675750732,31.262699127197266,104.27999877929688,18607.25,123.2607192993164,0,1,1,1,2
2024-02-18,79.19000244140625,83.47000122070312,1.6089999675750732,31.262699127197266,104.27999877929688,18607.25,123.2607192993164,0,1,1,1,2
2024-02-19,79.19000244140625,83.47000122070312,1.6089999675750732,31.333200454711914,104.27999877929688,18635.80078125,123.2607192993164,0,1,1,1,2
2024-02-20,78.18000030517578,82.33999633789062,1.5759999752044678,31.402099609375,104.08000183105469,18753.16015625,121.93753814697266,0,1,1,1,2
2024-02-21,77.91000366210938,83.02999877929688,1.7730000019073486,31.37779998779297,104.01000213623047,18676.310546875,121.94725799560547,0,1,1,1,2
2024-02-22,78.61000061035156,83.66999816894531,1.7319999933242798,31.426300048828125,103.95999908447266,18852.779296875,125.57630157470703,0,1,1,1,2
2024-02-23,76.48999786376953,81.62000274658203,1.6030000448226929,31.45400047302246,103.94000244140625,18889.189453125,126.02385711669922,0,1,1,1,2
2024-02-24,76.48999786376953,81.62000274658203,1.6030000448226929,31.45400047302246,103.94000244140625,18889.189453125,126.02385711669922,0,1,1,1,2
2024-02-25,76.48999786376953,81.62000274658203,1.6030000448226929,31.45400047302246,103.94000244140625,18889.189453125,126.02385711669922,0,1,1,1,2
2024-02-26,77.58000183105469,82.52999877929688,1.659000039100647,31.601999282836914,103.83000183105469,18948.05078125,127.10379791259766,0,1,1,1,2
2024-02-27,78.87000274658203,83.6500015258789,1.6150000095367432,31.5487003326416,103.83000183105469,18854.41015625,125.10929107666016,0,1,1,1,2
2024-02-28,78.54000091552734,83.68000030517578,1.8849999904632568,31.576000213623047,103.9800033569336,18854.41015625,123.93205261230469,0,1,1,1,2
2024-02-29,78.26000213623047,83.62000274658203,1.8600000143051147,31.647899627685547,104.16000366210938,18966.76953125,125.18712615966797,0,1,1,1,2
2024-03-01,79.97000122070312,83.55000305175781,1.8350000381469727,31.614900588989258,103.86000061035156,18935.9296875,130.27557373046875,0,1,1,1,2
2024-03-02,79.97000122070312,83.55000305175781,1.8350000381469727,31.614900588989258,103.86000061035156,18935.9296875,130.27557373046875,0,1,1,1,2
2024-03-03,79.97000122070312,83.55000305175781,1.8350000381469727,31.614900588989258,103.86000061035156,18935.9296875,130.27557373046875,0,1,1,1,2
2024-03-04,78.73999786376953,82.80000305175781,1.9160000085830688,31.55929946899414,103.83000183105469,19305.310546875,134.51754760742188,0,1,1,1,2
2024-03-05,78.1500015258789,82.04000091552734,1.9570000171661377,31.509300231933594,103.80000305175781,19386.919921875,131.3166046142578,0,1,1,1,2
2024-03-06,79.12999725341797,82.95999908447266,1.9290000200271606,31.54050064086914,103.37000274658203,19499.44921875,137.73794555664062,0,1,1,1,2
2024-03-07,78.93000030517578,82.95999908447266,1.8179999589920044,31.464000701904297,102.81999969482422,19693.51953125,145.1614227294922,0,1,1,1,2
2024-03-08,78.01000213623047,82.08000183105469,1.8049999475479126,31.434799194335938,102.73999786376953,19785.3203125,142.4080047607422,0,1,1,1,2
2024-03-09,78.01000213623047,82.08000183105469,1.8049999475479126,31.434799194335938,102.73999786376953,19785.3203125,142.4080047607422,0,1,1,1,2
2024-03-10,78.01000213623047,82.08000183105469,1.8049999475479126,31.434799194335938,102.73999786376953,19785.3203125,142.4080047607422,0,1,1,1,2
2024-03-11,77.93000030517578,82.20999908447266,1.7589999437332153,31.452999114990234,102.87000274658203,19726.080078125,135.25697326660156,0,1,1,1,2
2024-03-12,77.55999755859375,81.91999816894531,1.7139999866485596,31.362199783325195,102.95999908447266,19914.55078125,140.4913330078125,0,1,1,1,2
2024-03-13,79.72000122070312,84.02999877929688,1.6579999923706055,31.398799896240234,102.79000091552734,19928.509765625,138.2925262451172,0,1,1,1,2
2024-03-14,81.26000213623047,85.41999816894531,1.7410000562667847,31.406600952148438,103.36000061035156,19937.919921875,135.8407440185547,0,1,1,1,2
2024-03-15,81.04000091552734,85.33999633789062,1.6549999713897705,31.525999069213867,103.43000030517578,19682.5,133.27218627929688,0,1,1,1,2
2024-03-16,81.04000091552734,85.33999633789062,1.6549999713897705,31.525999069213867,103.43000030517578,19682.5,133.27218627929688,0,1,1,1,2
2024-03-17,81.04000091552734,85.33999633789062,1.6549999713897705,31.525999069213867,103.43000030517578,19682.5,133.27218627929688,0,1,1,1,2
2024-03-18,82.72000122070312,86.88999938964844,1.7029999494552612,31.603700637817383,103.58000183105469,19879.849609375,133.4812774658203,0,1,1,1,2
2024-03-19,83.47000122070312,87.37999725341797,1.74399995803833,31.641000747680664,103.80999755859375,19857.19921875,131.7521514892578,0,1,1,1,2
2024-03-20,81.68000030517578,85.94999694824219,1.6990000009536743,31.73040008544922,103.41000366210938,19784.44921875,133.5886993408203,0,1,1,1,2
2024-03-21,81.06999969482422,85.77999877929688,1.6829999685287476,31.76219940185547,104.0,20199.08984375,136.22630310058594,0,1,1,1,2
2024-03-22,80.62999725341797,85.43000030517578,1.659000039100647,31.882999420166016,104.43000030517578,20228.4296875,137.2910919189453,0,1,1,1,2
2024-03-23,80.62999725341797,85.43000030517578,1.659000039100647,31.882999420166016,104.43000030517578,20228.4296875,137.2910919189453,0,1,1,1,2
2024-03-24,80.62999725341797,85.43000030517578,1.659000039100647,31.882999420166016,104.43000030517578,20228.4296875,137.2910919189453,0,1,1,1,2
2024-03-25,81.94999694824219,86.75,1.6150000095367432,31.934999465942383,104.2300033569336,20192.25,136.9882354736328,0,1,1,1,2
2024-03-26,81.62000274658203,86.25,1.5750000476837158,31.733999252319336,104.29000091552734,20126.490234375,135.63040161132812,0,1,1,1,2
2024-03-27,81.3499984741211,86.08999633789062,1.718000054359436,31.885299682617188,104.3499984741211,20200.119140625,133.53009033203125,0,1,1,1,2
2024-03-28,83.16999816894531,87.4800033569336,1.7630000114440918,31.979400634765625,104.55000305175781,20146.55078125,132.90489196777344,0,1,1,1,2
2024-03-29,83.16999816894531,87.4800033569336,1.7630000114440918,32.01810073852539,104.55000305175781,20294.44921875,132.90489196777344,0,1,1,1,2
2024-03-30,83.16999816894531,87.4800033569336,1.7630000114440918,32.01810073852539,104.55000305175781,20294.44921875,132.90489196777344,0,1,1,1,2
2024-03-31,83.16999816894531,87.4800033569336,1.7630000114440918,32.01810073852539,104.55000305175781,20294.44921875,132.90489196777344,0,1,1,1,2
2024-04-01,83.70999908447266,87.41999816894531,1.8370000123977661,31.93400001525879,105.0199966430664,20222.330078125,138.21913146972656,0,1,1,1,2
2024-04-02,85.1500015258789,88.91999816894531,1.8619999885559082,32.01499938964844,104.81999969482422,20466.5703125,136.9784698486328,0,1,1,1,2
2024-04-03,85.43000030517578,89.3499984741211,1.840999960899353,32.03900146484375,104.25,20337.599609375,138.7173309326172,0,1,1,1,2
2024-04-04,86.58999633789062,90.6500015258789,1.7740000486373901,31.968700408935547,104.12000274658203,20337.599609375,136.4314422607422,0,1,1,1,2
2024-04-05,86.91000366210938,91.16999816894531,1.784999966621399,32.04800033569336,104.30000305175781,20337.599609375,138.09213256835938,0,1,1,1,2
2024-04-06,86.91000366210938,91.16999816894531,1.784999966621399,32.04800033569336,104.30000305175781,20337.599609375,138.09213256835938,0,1,1,1,2
2024-04-07,86.91000366210938,91.16999816894531,1.784999966621399,32.04800033569336,104.30000305175781,20337.599609375,138.09213256835938,0,1,1,1,2
2024-04-08,86.43000030517578,90.37999725341797,1.843999981880188,32.11119842529297,104.13999938964844,20417.69921875,139.48907470703125,0,1,1,1,2
2024-04-09,85.2300033569336,89.41999816894531,1.871999979019165,32.07279968261719,104.1500015258789,20796.19921875,142.0387420654297,0,1,1,1,2
2024-04-10,86.20999908447266,90.4800033569336,1.8849999904632568,31.96619987487793,105.25,20763.529296875,142.83978271484375,0,1,1,1,2
2024-04-11,85.0199966430664,89.73999786376953,1.7640000581741333,32.18299865722656,105.27999877929688,20753.220703125,143.79713439941406,0,1,1,1,2
2024-04-12,85.66000366210938,90.44999694824219,1.7699999809265137,32.2244987487793,106.04000091552734,20736.5703125,139.22532653808594,0,1,1,1,2
2024-04-13,85.66000366210938,90.44999694824219,1.7699999809265137,32.2244987487793,106.04000091552734,20736.5703125,139.22532653808594,0,1,1,1,2
2024-04-14,85.66000366210938,90.44999694824219,1.7699999809265137,32.2244987487793,106.04000091552734,20736.5703125,139.22532653808594,0,1,1,1,2
2024-04-15,85.41000366210938,90.0999984741211,1.690999984741211,32.25400161743164,106.20999908447266,20449.76953125,136.90036010742188,0,1,1,1,2
2024-04-16,85.36000061035156,90.0199966430664,1.7319999933242798,32.38880157470703,106.26000213623047,19901.9609375,136.5681915283203,0,1,1,1,2
2024-04-17,82.69000244140625,87.29000091552734,1.7120000123977661,32.49789810180664,105.94999694824219,20213.330078125,135.81600952148438,0,1,1,1,2
2024-04-18,82.7300033569336,87.11000061035156,1.7569999694824219,32.3380012512207,106.1500015258789,20301.19921875,129.2122802734375,0,1,1,1,2
2024-04-19,83.13999938964844,87.29000091552734,1.7519999742507935,32.41590118408203,106.1500015258789,19527.119140625,124.74791717529297,0,1,1,1,2
2024-04-20,83.13999938964844,87.29000091552734,1.7519999742507935,32.41590118408203,106.1500015258789,19527.119140625,124.74791717529297,0,1,1,1,2
2024-04-21,83.13999938964844,87.29000091552734,1.7519999742507935,32.41590118408203,106.1500015258789,19527.119140625,124.74791717529297,0,1,1,1,2
2024-04-22,82.8499984741211,87.0,1.7910000085830688,32.50400161743164,106.08000183105469,19411.220703125,126.75052642822266,0,1,1,1,2
2024-04-23,83.36000061035156,88.41999816894531,1.812000036239624,32.58300018310547,105.69000244140625,19599.279296875,130.345458984375,0,1,1,1,2
2024-04-24,82.80999755859375,88.0199966430664,1.652999997138977,32.503501892089844,105.86000061035156,20131.740234375,129.89608764648438,0,1,1,1,2
2024-04-25,83.56999969482422,89.01000213623047,1.6380000114440918,32.62730026245117,105.5999984741211,19857.419921875,133.42263793945312,0,1,1,1,2
2024-04-26,83.8499984741211,89.5,1.6139999628067017,32.53099822998047,105.94000244140625,20120.509765625,135.10287475585938,0,1,1,1,2
2024-04-27,83.8499984741211,89.5,1.6139999628067017,32.53099822998047,105.94000244140625,20120.509765625,135.10287475585938,0,1,1,1,2
2024-04-28,83.8499984741211,89.5,1.6139999628067017,32.53099822998047,105.94000244140625,20120.509765625,135.10287475585938,0,1,1,1,2
2024-04-29,82.62999725341797,88.4000015258789,2.0299999713897705,32.558998107910156,105.58000183105469,20495.51953125,135.2982635498047,0,1,1,1,2
2024-04-30,81.93000030517578,87.86000061035156,1.9910000562667847,32.433998107910156,106.22000122070312,20396.599609375,134.16506958007812,0,1,1,1,2
2024-05-01,79.0,83.44000244140625,1.9320000410079956,32.613800048828125,105.76000213623047,20396.599609375,131.82054138183594,0,1,1,1,2
2024-05-02,78.94999694824219,83.66999816894531,2.0350000858306885,32.47600173950195,105.30000305175781,20222.439453125,133.0807342529297,0,1,1,1,2
2024-05-03,78.11000061035156,82.95999908447266,2.1419999599456787,32.34600067138672,105.02999877929688,20330.3203125,138.2875213623047,0,1,1,1,2
2024-05-04,78.11000061035156,82.95999908447266,2.1419999599456787,32.34600067138672,105.02999877929688,20330.3203125,138.2875213623047,0,1,1,1,2
2024-05-05,78.11000061035156,82.95999908447266,2.1419999599456787,32.34600067138672,105.02999877929688,20330.3203125,138.2875213623047,0,1,1,1,2
2024-05-06,78.4800033569336,83.33000183105469,2.194999933242798,32.27690124511719,105.05000305175781,20523.310546875,139.52816772460938,0,1,1,1,2
2024-05-07,78.37999725341797,83.16000366210938,2.2070000171661377,32.26300048828125,105.41000366210938,20653.529296875,137.84793090820312,0,1,1,1,2
2024-05-08,78.98999786376953,83.58000183105469,2.187000036239624,32.363800048828125,105.55000305175781,20700.509765625,140.2803497314453,0,1,1,1,2
2024-05-09,79.26000213623047,83.87999725341797,2.3010001182556152,32.33300018310547,105.2300033569336,20560.76953125,139.48907470703125,0,1,1,1,2
2024-05-10,78.26000213623047,82.79000091552734,2.252000093460083,32.33879852294922,105.30999755859375,20708.83984375,145.80950927734375,0,1,1,1,2
2024-05-11,78.26000213623047,82.79000091552734,2.252000093460083,32.33879852294922,105.30999755859375,20708.83984375,145.80950927734375,0,1,1,1,2
2024-05-12,78.26000213623047,82.79000091552734,2.252000093460083,32.33879852294922,105.30999755859375,20708.83984375,145.80950927734375,0,1,1,1,2
2024-05-13,79.12000274658203,83.36000061035156,2.38100004196167,32.42399978637695,105.22000122070312,20857.7109375,143.02540588378906,0,1,1,1,2
2024-05-14,78.0199966430664,82.37999725341797,2.3440001010894775,32.371498107910156,105.01000213623047,20985.849609375,148.4373016357422,0,1,1,1,2
2024-05-15,78.62999725341797,82.75,2.4159998893737793,32.31370162963867,104.3499984741211,21147.2109375,151.9833984375,0,1,1,1,2
2024-05-16,79.2300033569336,83.2699966430664,2.494999885559082,32.03129959106445,104.45999908447266,21304.259765625,148.71087646484375,0,1,1,1,2
2024-05-17,80.05999755859375,83.9800033569336,2.625999927520752,32.12379837036133,104.44999694824219,21258.470703125,148.1735382080078,0,1,1,1,2
2024-05-18,80.05999755859375,83.9800033569336,2.625999927520752,32.12379837036133,104.44999694824219,21258.470703125,148.1735382080078,0,1,1,1,2
2024-05-19,80.05999755859375,83.9800033569336,2.625999927520752,32.12379837036133,104.44999694824219,21258.470703125,148.1735382080078,0,1,1,1,2
2024-05-20,79.80000305175781,83.70999908447266,2.750999927520752,32.16400146484375,104.56999969482422,21271.630859375,150.0003204345703,0,1,1,1,2
2024-05-21,79.26000213623047,82.87999725341797,2.6710000038146973,32.2057991027832,104.66000366210938,21236.75,150.11756896972656,0,1,1,1,2
2024-05-22,77.56999969482422,81.9000015258789,2.8420000076293945,32.234798431396484,104.94000244140625,21551.830078125,152.54022216796875,0,1,1,1,2
2024-05-23,76.87000274658203,81.36000061035156,2.6570000648498535,32.223899841308594,105.11000061035156,21607.4296875,153.45846557617188,0,1,1,1,2
2024-05-24,77.72000122070312,82.12000274658203,2.5199999809265137,32.22079849243164,104.72000122070312,21565.33984375,156.3012237548828,0,1,1,1,2
2024-05-25,77.72000122070312,82.12000274658203,2.5199999809265137,32.22079849243164,104.72000122070312,21565.33984375,156.3012237548828,0,1,1,1,2
2024-05-26,77.72000122070312,82.12000274658203,2.5199999809265137,32.22079849243164,104.72000122070312,21565.33984375,156.3012237548828,0,1,1,1,2
2024-05-27,77.72000122070312,82.12000274658203,2.5199999809265137,32.18899917602539,104.72000122070312,21803.76953125,156.3012237548828,0,1,1,1,2
2024-05-28,79.83000183105469,84.22000122070312,2.5899999141693115,32.06999969482422,104.61000061035156,21858.41015625,155.7248992919922,0,1,1,1,2
2024-05-29,79.2300033569336,83.5999984741211,2.493000030517578,32.17380142211914,105.0999984741211,21662.5,150.7720947265625,0,1,1,1,2
2024-05-30,77.91000366210938,81.86000061035156,2.572000026702881,32.37699890136719,104.72000122070312,21364.48046875,149.42398071289062,0,1,1,1,2
2024-05-31,76.98999786376953,81.62000274658203,2.5869998931884766,32.35639953613281,104.66999816894531,21174.220703125,147.54833984375,0,1,1,1,2
2024-06-01,76.98999786376953,81.62000274658203,2.5869998931884766,32.35639953613281,104.66999816894531,21174.220703125,147.54833984375,0,1,1,1,2
2024-06-02,76.98999786376953,81.62000274658203,2.5869998931884766,32.35639953613281,104.66999816894531,21174.220703125,147.54833984375,0,1,1,1,2
2024-06-03,74.22000122070312,78.36000061035156,2.75600004196167,32.46500015258789,104.13999938964844,21536.759765625,151.3679656982422,0,1,1,1,2
2024-06-04,73.25,77.5199966430664,2.5859999656677246,32.314300537109375,104.11000061035156,21356.619140625,148.94529724121094,0,1,1,1,2
2024-06-05,74.06999969482422,78.41000366210938,2.756999969482422,32.328800201416016,104.2699966430664,21484.880859375,159.1537322998047,0,1,1,1,2
2024-06-06,75.55000305175781,79.87000274658203,2.821000099182129,32.25199890136719,104.0999984741211,21902.69921875,158.32337951660156,0,1,1,1,2
2024-06-07,75.52999877929688,79.62000274658203,2.9179999828338623,32.208900451660156,104.88999938964844,21858.380859375,160.58975219726562,0,1,1,1,2
2024-06-08,75.52999877929688,79.62000274658203,2.9179999828338623,32.208900451660156,104.88999938964844,21858.380859375,160.58975219726562,0,1,1,1,2
2024-06-09,75.52999877929688,79.62000274658203,2.9179999828338623,32.208900451660156,104.88999938964844,21858.380859375,160.58975219726562,0,1,1,1,2
2024-06-10,77.73999786376953,81.62999725341797,2.9059998989105225,32.404998779296875,105.1500015258789,21858.380859375,164.2725830078125,0,1,1,1,2
2024-06-11,77.9000015258789,81.91999816894531,3.128999948501587,32.33399963378906,105.2300033569336,21792.119140625,161.87924194335938,0,1,1,1,2
2024-06-12,78.5,82.5999984741211,3.0450000762939453,32.315799713134766,104.6500015258789,22048.9609375,168.98117065429688,0,1,1,1,2
2024-06-13,78.62000274658203,82.75,2.9590001106262207,32.20100021362305,105.19999694824219,22312.0390625,169.4456787109375,0,1,1,1,2
2024-06-14,78.44999694824219,82.62000274658203,2.88100004196167,32.29899978637695,105.55000305175781,22504.720703125,169.0536651611328,0,1,1,1,2
2024-06-15,78.44999694824219,82.62000274658203,2.88100004196167,32.29899978637695,105.55000305175781,22504.720703125,169.0536651611328,0,1,1,1,2
2024-06-16,78.44999694824219,82.62000274658203,2.88100004196167,32.29899978637695,105.55000305175781,22504.720703125,169.0536651611328,0,1,1,1,2
2024-06-17,80.33000183105469,84.25,2.7880001068115234,32.3489990234375,105.31999969482422,22496.529296875,173.68893432617188,0,1,1,1,2
2024-06-18,81.56999969482422,85.33000183105469,2.9089999198913574,32.30099868774414,105.26000213623047,22757.4296875,176.08982849121094,0,1,1,1,2
2024-06-19,81.56999969482422,85.33000183105469,2.9089999198913574,32.34749984741211,105.26000213623047,23209.5390625,176.08982849121094,0,1,1,1,2
2024-06-20,82.16999816894531,85.70999908447266,2.740999937057495,32.38079833984375,105.58999633789062,23406.099609375,171.86618041992188,0,1,1,1,2
2024-06-21,80.7300033569336,85.23999786376953,2.7049999237060547,32.340999603271484,105.80000305175781,23253.390625,170.47462463378906,0,1,1,1,2
2024-06-22,80.7300033569336,85.23999786376953,2.7049999237060547,32.340999603271484,105.80000305175781,23253.390625,170.47462463378906,0,1,1,1,2
2024-06-23,80.7300033569336,85.23999786376953,2.7049999237060547,32.340999603271484,105.80000305175781,23253.390625,170.47462463378906,0,1,1,1,2
2024-06-24,81.62999725341797,86.01000213623047,2.811000108718872,32.362998962402344,105.47000122070312,22813.69921875,164.44784545898438,0,1,1,1,2
2024-06-25,80.83000183105469,85.01000213623047,2.75600004196167,32.32149887084961,105.61000061035156,22875.970703125,169.1418914794922,0,1,1,1,2
2024-06-26,80.9000015258789,85.25,2.628000020980835,32.4734992980957,106.05000305175781,22986.689453125,168.62249755859375,0,1,1,1,2
2024-06-27,81.73999786376953,86.38999938964844,2.684999942779541,32.582298278808594,105.91000366210938,22905.98046875,168.19131469726562,0,1,1,1,2
2024-06-28,81.54000091552734,86.41000366210938,2.6010000705718994,32.52199935913086,105.87000274658203,23032.25,170.32762145996094,0,1,1,1,2
2024-06-29,81.54000091552734,86.41000366210938,2.6010000705718994,32.52199935913086,105.87000274658203,23032.25,170.32762145996094,0,1,1,1,2
2024-06-30,81.54000091552734,86.41000366210938,2.6010000705718994,32.52199935913086,105.87000274658203,23032.25,170.32762145996094,0,1,1,1,2
2024-07-01,83.37999725341797,86.5999984741211,2.4779999256134033,32.50400161743164,105.9000015258789,23058.5703125,168.87728881835938,0,1,1,1,2
2024-07-02,82.80999755859375,86.23999786376953,2.434999942779541,32.52170181274414,105.72000122070312,22879.369140625,172.17977905273438,0,1,1,1,2
2024-07-03,83.87999725341797,87.33999633789062,2.4179999828338623,32.57279968261719,105.4000015258789,23172.4296875,178.833740234375,0,1,1,1,2
2024-07-04,83.87999725341797,87.33999633789062,2.4179999828338623,32.621498107910156,105.4000015258789,23522.529296875,178.833740234375,0,1,1,1,2
2024-07-05,83.16000366210938,86.54000091552734,2.319000005722046,32.50659942626953,104.87999725341797,23556.58984375,180.30368041992188,0,1,1,1,2
2024-07-06,83.16000366210938,86.54000091552734,2.319000005722046,32.50659942626953,104.87999725341797,23556.58984375,180.30368041992188,0,1,1,1,2
2024-07-07,83.16000366210938,86.54000091552734,2.319000005722046,32.50659942626953,104.87999725341797,23556.58984375,180.30368041992188,0,1,1,1,2
2024-07-08,82.33000183105469,85.75,2.365999937057495,32.393001556396484,105.01000213623047,23878.150390625,182.89077758789062,0,1,1,1,2
2024-07-09,81.41000366210938,84.66000366210938,2.3440001010894775,32.47100067138672,105.12000274658203,23900.080078125,180.82305908203125,0,1,1,1,2
2024-07-10,82.0999984741211,85.08000183105469,2.3289999961853027,32.50749969482422,105.05000305175781,24007.080078125,187.22222900390625,0,1,1,1,2
2024-07-11,82.62000274658203,85.4000015258789,2.2679998874664307,32.58689880371094,104.44000244140625,24390.029296875,180.80348205566406,0,1,1,1,2
2024-07-12,82.20999908447266,85.02999877929688,2.3289999961853027,32.38679885864258,104.08999633789062,23916.9296875,183.5963592529297,0,1,1,1,2
2024-07-13,82.20999908447266,85.02999877929688,2.3289999961853027,32.38679885864258,104.08999633789062,23916.9296875,183.5963592529297,0,1,1,1,2
2024-07-14,82.20999908447266,85.02999877929688,2.3289999961853027,32.38679885864258,104.08999633789062,23916.9296875,183.5963592529297,0,1,1,1,2
2024-07-15,81.91000366210938,84.8499984741211,2.1579999923706055,32.54800033569336,104.19000244140625,23879.359375,181.509033203125,0,1,1,1,2
2024-07-16,80.76000213623047,83.7300033569336,2.187999963760376,32.57400131225586,104.2699966430664,23997.25,182.31259155273438,0,1,1,1,2
2024-07-17,82.8499984741211,85.08000183105469,2.0350000858306885,32.56330108642578,103.75,23769.8203125,167.76992797851562,0,1,1,1,2
2024-07-18,82.81999969482422,85.11000061035156,2.125,32.49079895019531,104.16999816894531,23398.470703125,168.426513671875,0,1,1,1,2
2024-07-19,80.12999725341797,82.62999725341797,2.128000020980835,32.638999938964844,104.4000015258789,22869.259765625,162.44873046875,0,1,1,1,2
2024-07-20,80.12999725341797,82.62999725341797,2.128000020980835,32.638999938964844,104.4000015258789,22869.259765625,162.44873046875,0,1,1,1,2
2024-07-21,80.12999725341797,82.62999725341797,2.128000020980835,32.638999938964844,104.4000015258789,22869.259765625,162.44873046875,0,1,1,1,2
2024-07-22,79.77999877929688,82.4000015258789,2.250999927520752,32.78099822998047,104.30999755859375,22256.990234375,165.95701599121094,0,1,1,1,2
2024-07-23,76.95999908447266,81.01000213623047,2.187000036239624,32.80849838256836,104.44999694824219,22871.83984375,166.41757202148438,0,1,1,1,2
2024-07-24,77.58999633789062,81.70999908447266,2.117000102996826,32.75130081176758,104.38999938964844,22871.83984375,156.59832763671875,0,1,1,1,2
2024-07-25,78.27999877929688,82.37000274658203,2.0409998893737793,32.71480178833008,104.36000061035156,22871.83984375,157.0687255859375,0,1,1,1,2
2024-07-26,77.16000366210938,81.12999725341797,2.00600004196167,32.643001556396484,104.31999969482422,22119.2109375,158.69546508789062,0,1,1,1,2
2024-07-27,77.16000366210938,81.12999725341797,2.00600004196167,32.643001556396484,104.31999969482422,22119.2109375,158.69546508789062,0,1,1,1,2
2024-07-28,77.16000366210938,81.12999725341797,2.00600004196167,32.643001556396484,104.31999969482422,22119.2109375,158.69546508789062,0,1,1,1,2
2024-07-29,75.80999755859375,79.77999877929688,1.906999945640564,32.79800033569336,104.55999755859375,22164.490234375,156.80410766601562,0,1,1,1,2
2024-07-30,74.7300033569336,78.62999725341797,2.125999927520752,32.849300384521484,104.55000305175781,22223.5703125,151.44371032714844,0,1,1,1,2
2024-07-31,77.91000366210938,80.72000122070312,2.0360000133514404,32.76150131225586,104.0999984741211,22199.349609375,162.47811889648438,0,1,1,1,2
2024-08-01,76.30999755859375,79.5199966430664,1.968000054359436,32.57229995727539,104.41999816894531,22642.099609375,155.0107879638672,0,1,1,1,2
2024-08-02,73.5199966430664,76.80999755859375,1.9670000076293945,32.71649932861328,103.20999908447266,21638.08984375,146.85748291015625,0,1,1,1,2
2024-08-03,73.5199966430664,76.80999755859375,1.9670000076293945,32.71649932861328,103.20999908447266,21638.08984375,146.85748291015625,0,1,1,1,2
2024-08-04,73.5199966430664,76.80999755859375,1.9670000076293945,32.71649932861328,103.20999908447266,21638.08984375,146.85748291015625,0,1,1,1,2
2024-08-05,72.94000244140625,76.30000305175781,1.9420000314712524,32.58890151977539,102.69000244140625,19830.880859375,144.9857635498047,0,1,1,1,2
2024-08-06,73.19999694824219,76.4800033569336,2.009999990463257,32.67900085449219,102.97000122070312,20501.01953125,152.2766876220703,0,1,1,1,2
2024-08-07,75.2300033569336,78.33000183105469,2.111999988555908,32.77799987792969,103.19999694824219,21295.279296875,151.9336700439453,0,1,1,1,2
2024-08-08,76.19000244140625,79.16000366210938,2.127000093460083,32.650001525878906,103.20999908447266,20870.099609375,161.253173828125,0,1,1,1,2
2024-08-09,76.83999633789062,79.66000366210938,2.1429998874664307,32.41019821166992,103.13999938964844,21469.0,163.7716827392578,0,1,1,1,2
2024-08-10,76.83999633789062,79.66000366210938,2.1429998874664307,32.41019821166992,103.13999938964844,21469.0,163.7716827392578,0,1,1,1,2
2024-08-11,76.83999633789062,79.66000366210938,2.1429998874664307,32.41019821166992,103.13999938964844,21469.0,163.7716827392578,0,1,1,1,2
2024-08-12,80.05999755859375,82.30000305175781,2.188999891281128,32.435001373291016,103.13999938964844,21773.259765625,164.27146911621094,0,1,1,1,2
2024-08-13,78.3499984741211,80.69000244140625,2.1480000019073486,32.23899841308594,102.55999755859375,21796.5703125,168.8870849609375,0,1,1,1,2
2024-08-14,76.9800033569336,79.76000213623047,2.2190001010894775,32.30500030517578,102.56999969482422,22027.25,166.5645751953125,0,1,1,1,2
2024-08-15,78.16000366210938,81.04000091552734,2.197000026702881,31.9950008392334,102.9800033569336,21895.169921875,170.47462463378906,0,1,1,1,2
2024-08-16,76.6500015258789,79.68000030517578,2.122999906539917,32.442501068115234,102.45999908447266,22349.330078125,171.04299926757812,0,1,1,1,2
2024-08-17,76.6500015258789,79.68000030517578,2.122999906539917,32.442501068115234,102.45999908447266,22349.330078125,171.04299926757812,0,1,1,1,2
2024-08-18,76.6500015258789,79.68000030517578,2.122999906539917,32.442501068115234,102.45999908447266,22349.330078125,171.04299926757812,0,1,1,1,2
2024-08-19,74.37000274658203,77.66000366210938,2.234999895095825,32.135501861572266,101.88999938964844,22409.630859375,171.9347686767578,0,1,1,1,2
2024-08-20,74.04000091552734,77.19999694824219,2.197999954223633,31.910499572753906,101.44000244140625,22429.099609375,168.5930938720703,0,1,1,1,2
2024-08-21,71.93000030517578,76.05000305175781,2.177000045776367,31.895000457763672,101.04000091552734,22237.890625,168.005126953125,0,1,1,1,2
2024-08-22,73.01000213623047,77.22000122070312,2.052999973297119,31.69499969482422,101.51000213623047,22148.830078125,163.1053009033203,0,1,1,1,2
2024-08-23,74.83000183105469,79.0199966430664,2.0220000743865967,32.03499984741211,100.72000122070312,22158.05078125,167.84832763671875,0,1,1,1,2
2024-08-24,74.83000183105469,79.0199966430664,2.0220000743865967,32.03499984741211,100.72000122070312,22158.05078125,167.84832763671875,0,1,1,1,2
2024-08-25,74.83000183105469,79.0199966430664,2.0220000743865967,32.03499984741211,100.72000122070312,22158.05078125,167.84832763671875,0,1,1,1,2
2024-08-26,77.41999816894531,81.43000030517578,1.9559999704360962,31.754499435424805,100.8499984741211,22240.119140625,165.6826171875,0,1,1,1,2
2024-08-27,75.52999877929688,79.55000305175781,1.9040000438690186,31.80900001525879,100.55000305175781,22185.0,167.13294982910156,0,1,1,1,2
2024-08-28,74.5199966430664,78.6500015258789,1.9299999475479126,31.69499969482422,101.08999633789062,22370.66015625,165.8099822998047,0,1,1,1,2
2024-08-29,75.91000366210938,79.94000244140625,2.13700008392334,31.982999801635742,101.33999633789062,22201.849609375,165.76101684570312,0,1,1,1,2
2024-08-30,73.55000305175781,78.80000305175781,2.127000093460083,31.857999801635742,101.69999694824219,22268.08984375,168.25990295410156,0,1,1,1,2
2024-08-31,73.55000305175781,78.80000305175781,2.127000093460083,31.857999801635742,101.69999694824219,22268.08984375,168.25990295410156,0,1,1,1,2
2024-09-01,73.55000305175781,78.80000305175781,2.127000093460083,31.857999801635742,101.69999694824219,22268.08984375,168.25990295410156,0,1,1,1,2
2024-09-02,73.55000305175781,78.80000305175781,2.127000093460083,31.996000289916992,101.69999694824219,22235.099609375,168.25990295410156,0,1,1,1,2
2024-09-03,70.33999633789062,73.75,2.203000068664551,31.930999755859375,101.83000183105469,22092.2109375,157.27452087402344,0,1,1,1,2
2024-09-04,69.19999694824219,72.69999694824219,2.1449999809265137,31.981000900268555,101.36000061035156,21092.75,157.64688110351562,0,1,1,1,2
2024-09-05,69.1500015258789,72.69000244140625,2.253999948501587,31.954999923706055,101.11000061035156,21187.7109375,160.42019653320312,0,1,1,1,2
2024-09-06,67.66999816894531,71.05999755859375,2.2750000953674316,32.00699996948242,101.18000030517578,21435.189453125,153.67803955078125,0,1,1,1,2
2024-09-07,67.66999816894531,71.05999755859375,2.2750000953674316,32.00699996948242,101.18000030517578,21435.189453125,153.67803955078125,0,1,1,1,2
2024-09-08,67.66999816894531,71.05999755859375,2.2750000953674316,32.00699996948242,101.18000030517578,21435.189453125,153.67803955078125,0,1,1,1,2
2024-09-09,68.70999908447266,71.83999633789062,2.1700000762939453,32.025901794433594,101.55000305175781,21144.439453125,159.5186309814453,0,1,1,1,2
2024-09-10,65.75,69.19000244140625,2.2320001125335693,32.108001708984375,101.62999725341797,21064.080078125,159.17562866210938,0,1,1,1,2
2024-09-11,67.30999755859375,70.61000061035156,2.2699999809265137,32.15800094604492,101.68000030517578,21031.0,166.81936645507812,0,1,1,1,2
2024-09-12,68.97000122070312,71.97000122070312,2.3570001125335693,32.106998443603516,101.37000274658203,21653.25,168.61537170410156,0,1,1,1,2
2024-09-13,68.6500015258789,71.61000061035156,2.305000066757202,31.92300033569336,101.11000061035156,21759.650390625,169.66781616210938,0,1,1,1,2
2024-09-14,68.6500015258789,71.61000061035156,2.305000066757202,31.92300033569336,101.11000061035156,21759.650390625,169.66781616210938,0,1,1,1,2
2024-09-15,68.6500015258789,71.61000061035156,2.305000066757202,31.92300033569336,101.11000061035156,21759.650390625,169.66781616210938,0,1,1,1,2
2024-09-16,70.08999633789062,72.75,2.372999906539917,31.937999725341797,100.76000213623047,21850.080078125,166.30397033691406,0,1,1,1,2
2024-09-17,71.19000244140625,73.69999694824219,2.3239998817443848,31.863000869750977,100.88999938964844,21850.080078125,164.6023712158203,0,1,1,1,2
2024-09-18,70.91000366210938,73.6500015258789,2.2839999198913574,31.93950080871582,100.5999984741211,21678.83984375,164.5335235595703,0,1,1,1,2
2024-09-19,71.94999694824219,74.87999725341797,2.3480000495910645,31.77899932861328,100.61000061035156,22042.689453125,173.3267364501953,0,1,1,1,2
2024-09-20,71.91999816894531,74.48999786376953,2.434000015258789,31.76799964904785,100.72000122070312,22159.419921875,171.2218780517578,0,1,1,1,2
2024-09-21,71.91999816894531,74.48999786376953,2.434000015258789,31.76799964904785,100.72000122070312,22159.419921875,171.2218780517578,0,1,1,1,2
2024-09-22,71.91999816894531,74.48999786376953,2.434000015258789,31.76799964904785,100.72000122070312,22159.419921875,171.2218780517578,0,1,1,1,2
2024-09-23,70.37000274658203,73.9000015258789,2.61299991607666,31.98900032043457,100.91999816894531,22285.529296875,171.89071655273438,0,1,1,1,2
2024-09-24,71.55999755859375,75.16999816894531,2.5510001182556152,31.933000564575195,100.37000274658203,22431.779296875,178.98231506347656,0,1,1,1,2
2024-09-25,69.69000244140625,73.45999908447266,2.63700008392334,31.700000762939453,100.91999816894531,22761.599609375,179.35610961914062,0,1,1,1,2
2024-09-26,67.66999816894531,71.5999984741211,2.5850000381469727,31.863000869750977,100.55999755859375,22858.810546875,183.76254272460938,0,1,1,1,2
2024-09-27,68.18000030517578,71.9800033569336,2.9019999504089355,31.459999084472656,100.41999816894531,22822.7890625,175.0480194091797,0,1,1,1,2
2024-09-28,68.18000030517578,71.9800033569336,2.9019999504089355,31.459999084472656,100.41999816894531,22822.7890625,175.0480194091797,0,1,1,1,2
2024-09-29,68.18000030517578,71.9800033569336,2.9019999504089355,31.459999084472656,100.41999816894531,22822.7890625,175.0480194091797,0,1,1,1,2
2024-09-30,68.16999816894531,71.7699966430664,2.9230000972747803,31.575000762939453,100.77999877929688,22224.5390625,170.818603515625,0,1,1,1,2
2024-10-01,69.83000183105469,73.55999755859375,2.8959999084472656,31.579999923706055,101.19000244140625,22390.390625,169.244873046875,0,1,1,1,2
2024-10-02,70.0999984741211,73.9000015258789,2.885999917984009,31.761999130249023,101.68000030517578,22390.390625,172.91363525390625,0,1,1,1,2
2024-10-03,73.70999908447266,77.62000274658203,2.9700000286102295,31.812000274658203,101.98999786376953,22390.390625,176.533203125,0,1,1,1,2
2024-10-04,74.37999725341797,78.05000305175781,2.8540000915527344,32.018001556396484,102.5199966430664,22302.7109375,178.18565368652344,0,1,1,1,2
2024-10-05,74.37999725341797,78.05000305175781,2.8540000915527344,32.018001556396484,102.5199966430664,22302.7109375,178.18565368652344,0,1,1,1,2
2024-10-06,74.37999725341797,78.05000305175781,2.8540000915527344,32.018001556396484,102.5199966430664,22302.7109375,178.18565368652344,0,1,1,1,2
2024-10-07,77.13999938964844,80.93000030517578,2.746000051498413,32.34000015258789,102.54000091552734,22702.560546875,181.4806365966797,0,1,1,1,2
2024-10-08,73.56999969482422,77.18000030517578,2.7330000400543213,32.12179946899414,102.55000305175781,22611.390625,182.99534606933594,0,1,1,1,2
2024-10-09,73.23999786376953,76.58000183105469,2.6600000858306885,32.16999816894531,102.93000030517578,22659.080078125,184.0674591064453,0,1,1,1,2
2024-10-10,75.8499984741211,79.4000015258789,2.674999952316284,32.227500915527344,102.98999786376953,22659.080078125,182.7297821044922,0,1,1,1,2
2024-10-11,75.55999755859375,79.04000091552734,2.631999969482422,32.195499420166016,102.88999938964844,22901.640625,187.67718505859375,0,1,1,1,2
2024-10-12,75.55999755859375,79.04000091552734,2.631999969482422,32.195499420166016,102.88999938964844,22901.640625,187.67718505859375,0,1,1,1,2
2024-10-13,75.55999755859375,79.04000091552734,2.631999969482422,32.195499420166016,102.88999938964844,22901.640625,187.67718505859375,0,1,1,1,2
2024-10-14,73.83000183105469,77.45999908447266,2.49399995803833,32.130001068115234,103.30000305175781,22975.2890625,189.05421447753906,0,1,1,1,2
2024-10-15,70.58000183105469,74.25,2.497999906539917,32.152000427246094,103.26000213623047,23292.0390625,184.0576171875,0,1,1,1,2
2024-10-16,70.38999938964844,74.22000122070312,2.367000102996826,32.17100143432617,103.58999633789062,23010.98046875,184.40185546875,0,1,1,1,2
2024-10-17,70.66999816894531,74.44999694824219,2.3469998836517334,32.1349983215332,103.83000183105469,23053.83984375,202.4604034423828,0,1,1,1,2
2024-10-18,69.22000122070312,73.05999755859375,2.257999897003174,32.06800079345703,103.48999786376953,23487.26953125,197.48348999023438,0,1,1,1,2
2024-10-19,69.22000122070312,73.05999755859375,2.257999897003174,32.06800079345703,103.48999786376953,23487.26953125,197.48348999023438,0,1,1,1,2
2024-10-20,69.22000122070312,73.05999755859375,2.257999897003174,32.06800079345703,103.48999786376953,23487.26953125,197.48348999023438,0,1,1,1,2
2024-10-21,70.55999755859375,74.29000091552734,2.312000036239624,32.04199981689453,104.01000213623047,23542.529296875,198.63427734375,0,1,1,1,2
2024-10-22,72.08999633789062,76.04000091552734,2.311000108718872,32.05099868774414,104.08000183105469,23535.4296875,195.22125244140625,0,1,1,1,2
2024-10-23,70.7699966430664,74.95999908447266,2.3420000076293945,32.013999938964844,104.43000030517578,23334.759765625,197.56219482421875,0,1,1,1,2
2024-10-24,70.19000244140625,74.37999725341797,2.5220000743865967,32.00400161743164,104.05999755859375,23192.51953125,194.68028259277344,0,1,1,1,2
2024-10-25,71.77999877929688,76.05000305175781,2.559999942779541,31.983800888061523,104.26000213623047,23348.44921875,200.0998077392578,0,1,1,1,2
2024-10-26,71.77999877929688,76.05000305175781,2.559999942779541,31.983800888061523,104.26000213623047,23348.44921875,200.0998077392578,0,1,1,1,2
2024-10-27,71.77999877929688,76.05000305175781,2.559999942779541,31.983800888061523,104.26000213623047,23348.44921875,200.0998077392578,0,1,1,1,2
2024-10-28,67.37999725341797,71.41999816894531,2.309000015258789,32.06380081176758,104.31999969482422,23198.0703125,191.483642578125,0,1,1,1,2
2024-10-29,67.20999908447266,71.12000274658203,2.3459999561309814,32.01380157470703,104.27999877929688,22926.58984375,193.70654296875,0,1,1,1,2
2024-10-30,68.61000061035156,72.55000305175781,2.8450000286102295,32.00299835205078,103.98999786376953,22820.4296875,191.28692626953125,0,1,1,1,2
2024-10-31,69.26000213623047,73.16000366210938,2.7070000171661377,31.86549949645996,103.9800033569336,22820.4296875,187.41160583496094,0,1,1,1,2
2024-11-01,69.48999786376953,73.0999984741211,2.6630001068115234,31.86280059814453,104.27999877929688,22780.080078125,189.7820587158203,0,1,1,1,2
2024-11-02,69.48999786376953,73.0999984741211,2.6630001068115234,31.86280059814453,104.27999877929688,22780.080078125,189.7820587158203,0,1,1,1,2
2024-11-03,69.48999786376953,73.0999984741211,2.6630001068115234,31.86280059814453,104.27999877929688,22780.080078125,189.7820587158203,0,1,1,1,2
2024-11-04,71.47000122070312,75.08000183105469,2.7809998989105225,31.922800064086914,103.88999938964844,22965.390625,188.41488647460938,0,1,1,1,2
2024-11-05,71.98999786376953,75.52999877929688,2.6700000762939453,31.91200065612793,103.41999816894531,23106.7890625,192.54592895507812,0,1,1,1,2
2024-11-06,71.69000244140625,74.91999816894531,2.746999979019165,31.82229995727539,105.08999633789062,23217.380859375,190.047607421875,0,1,1,1,2
2024-11-07,72.36000061035156,75.62999725341797,2.693000078201294,32.334598541259766,104.51000213623047,23408.8203125,197.88677978515625,0,1,1,1,2
2024-11-08,70.37999725341797,73.87000274658203,2.6689999103546143,32.034000396728516,105.0,23553.890625,197.89659118652344,0,1,1,1,2
2024-11-09,70.37999725341797,73.87000274658203,2.6689999103546143,32.034000396728516,105.0,23553.890625,197.89659118652344,0,1,1,1,2
2024-11-10,70.37999725341797,73.87000274658203,2.6689999103546143,32.034000396728516,105.0,23553.890625,197.89659118652344,0,1,1,1,2
2024-11-11,68.04000091552734,71.83000183105469,2.9200000762939453,32.23500061035156,105.54000091552734,23529.640625,190.86399841308594,0,1,1,1,2
2024-11-12,68.12000274658203,71.88999938964844,2.9070000648498535,32.37480163574219,106.0199966430664,22981.76953125,188.62144470214844,0,1,1,1,2
2024-11-13,68.43000030517578,72.27999877929688,2.9830000400543213,32.414798736572266,106.4800033569336,22860.23046875,183.59532165527344,0,1,1,1,2
2024-11-14,68.69999694824219,72.55999755859375,2.7850000858306885,32.40800094604492,106.66999816894531,22715.380859375,185.40512084960938,0,1,1,1,2
2024-11-15,67.0199966430664,71.04000091552734,2.822999954223633,32.537200927734375,106.69000244140625,22742.76953125,182.9560089111328,0,1,1,1,2
2024-11-16,67.0199966430664,71.04000091552734,2.822999954223633,32.537200927734375,106.69000244140625,22742.76953125,182.9560089111328,0,1,1,1,2
2024-11-17,67.0199966430664,71.04000091552734,2.822999954223633,32.537200927734375,106.69000244140625,22742.76953125,182.9560089111328,0,1,1,1,2
2024-11-18,69.16000366210938,73.30000305175781,2.9730000495910645,32.46179962158203,106.27999877929688,22546.5390625,184.40185546875,0,1,1,1,2
2024-11-19,69.38999938964844,73.30999755859375,2.997999906539917,32.442298889160156,106.20999908447266,22848.80078125,186.555908203125,0,1,1,1,2
2024-11-20,68.87000274658203,72.80999755859375,3.193000078201294,32.32550048828125,106.68000030517578,22688.359375,185.26742553710938,0,1,1,1,2
2024-11-21,70.0999984741211,74.2300033569336,3.3389999866485596,32.471500396728516,106.97000122070312,22555.66015625,188.10012817382812,0,1,1,1,2
2024-11-22,71.23999786376953,75.16999816894531,3.128999948501587,32.50529861450195,107.48999786376953,22904.3203125,186.9591827392578,0,1,1,1,2
2024-11-23,71.23999786376953,75.16999816894531,3.128999948501587,32.50529861450195,107.48999786376953,22904.3203125,186.9591827392578,0,1,1,1,2
2024-11-24,71.23999786376953,75.16999816894531,3.128999948501587,32.50529861450195,107.48999786376953,22904.3203125,186.9591827392578,0,1,1,1,2
2024-11-25,68.94000244140625,73.01000213623047,3.36899995803833,32.56850051879883,106.81999969482422,22948.369140625,182.04127502441406,0,1,1,1,2
2024-11-26,68.7699966430664,72.80999755859375,3.430999994277954,32.332000732421875,107.01000213623047,22678.759765625,180.82164001464844,0,1,1,1,2
2024-11-27,68.72000122070312,72.83000183105469,3.2039999961853027,32.404998779296875,106.08000183105469,22334.779296875,178.2151336669922,0,1,1,1,2
2024-11-28,68.72000122070312,72.83000183105469,3.2039999961853027,32.414798736572266,106.08000183105469,22298.900390625,178.2151336669922,0,1,1,1,2
2024-11-29,68.0,72.94000244140625,3.36299991607666,32.494300842285156,105.73999786376953,22262.5,181.628173828125,0,1,1,1,2
2024-11-30,68.0,72.94000244140625,3.36299991607666,32.494300842285156,105.73999786376953,22262.5,181.628173828125,0,1,1,1,2
2024-12-01,68.0,72.94000244140625,3.36299991607666,32.494300842285156,105.73999786376953,22262.5,181.628173828125,0,1,1,1,2
2024-12-02,68.0999984741211,71.83000183105469,3.2130000591278076,32.43899917602539,106.44999694824219,22736.9296875,191.20822143554688,0,1,1,1,2
2024-12-03,69.94000244140625,73.62000274658203,3.0420000553131104,32.59149932861328,106.37000274658203,23027.4609375,195.62452697753906,0,1,1,1,2
2024-12-04,68.54000091552734,72.30999755859375,3.0429999828338623,32.4640007019043,106.33999633789062,23255.330078125,197.3949737548828,0,1,1,1,2
2024-12-05,68.30000305175781,72.08999633789062,3.0789999961853027,32.3129997253418,105.70999908447266,23267.939453125,200.94570922851562,0,1,1,1,2
2024-12-06,67.19999694824219,71.12000274658203,3.0759999752044678,32.32279968261719,105.97000122070312,23193.26953125,199.6867218017578,0,1,1,1,2
2024-12-07,67.19999694824219,71.12000274658203,3.0759999752044678,32.32279968261719,105.97000122070312,23193.26953125,199.6867218017578,0,1,1,1,2
2024-12-08,67.19999694824219,71.12000274658203,3.0759999752044678,32.32279968261719,105.97000122070312,23193.26953125,199.6867218017578,0,1,1,1,2
2024-12-09,68.37000274658203,72.13999938964844,3.181999921798706,32.38800048828125,106.1500015258789,23273.25,195.89993286132812,0,1,1,1,2
2024-12-10,68.58999633789062,72.19000244140625,3.1630001068115234,32.37080001831055,106.4000015258789,23125.080078125,188.78866577148438,0,1,1,1,2
2024-12-11,70.29000091552734,73.5199966430664,3.378000020980835,32.523799896240234,106.70999908447266,22903.630859375,191.4049835205078,0,1,1,1,2
2024-12-12,70.0199966430664,73.41000366210938,3.4549999237060547,32.485801696777344,106.95999908447266,23046.80078125,188.91452026367188,0,1,1,1,2
2024-12-13,71.29000091552734,74.48999786376953,3.2799999713897705,32.465999603271484,107.0,23020.48046875,198.3178253173828,0,1,1,1,2
2024-12-14,71.29000091552734,74.48999786376953,3.2799999713897705,32.465999603271484,107.0,23020.48046875,198.3178253173828,0,1,1,1,2
2024-12-15,71.29000091552734,74.48999786376953,3.2799999713897705,32.465999603271484,107.0,23020.48046875,198.3178253173828,0,1,1,1,2
2024-12-16,70.70999908447266,73.91000366210938,3.2139999866485596,32.49829864501953,106.86000061035156,23039.900390625,199.53146362304688,0,1,1,1,2
2024-12-17,70.08000183105469,73.19000244140625,3.308000087738037,32.41699981689453,106.95999908447266,23018.009765625,197.99221801757812,0,1,1,1,2
2024-12-18,70.58000183105469,73.38999938964844,3.374000072479248,32.4297981262207,108.02999877929688,23168.669921875,192.9600067138672,0,1,1,1,2
2024-12-19,69.91000366210938,72.87999725341797,3.5840001106262207,32.678001403808594,108.41000366210938,22932.25,192.05224609375,0,1,1,1,2
2024-12-20,69.45999908447266,72.94000244140625,3.747999906539917,32.630001068115234,107.62000274658203,22510.25,194.58810424804688,0,1,1,1,2
2024-12-21,69.45999908447266,72.94000244140625,3.747999906539917,32.630001068115234,107.62000274658203,22510.25,194.58810424804688,0,1,1,1,2
2024-12-22,69.45999908447266,72.94000244140625,3.747999906539917,32.630001068115234,107.62000274658203,22510.25,194.58810424804688,0,1,1,1,2
2024-12-23,69.23999786376953,72.62999725341797,3.6559998989105225,32.61600112915039,108.04000091552734,23104.5390625,204.60313415527344,0,1,1,1,2
2024-12-24,70.0999984741211,73.58000183105469,3.946000099182129,32.608001708984375,108.26000213623047,23120.240234375,203.58682250976562,0,1,1,1,2
2024-12-25,70.0999984741211,73.58000183105469,3.946000099182129,32.61399841308594,108.26000213623047,23220.130859375,203.58682250976562,0,1,1,1,2
2024-12-26,69.62000274658203,73.26000213623047,3.7149999141693115,32.70790100097656,108.12999725341797,23246.939453125,200.3603057861328,0,1,1,1,2
2024-12-27,70.5999984741211,74.16999816894531,3.5139999389648438,32.721500396728516,108.0,23275.6796875,198.94932556152344,0,1,1,1,2
2024-12-28,70.5999984741211,74.16999816894531,3.5139999389648438,32.721500396728516,108.0,23275.6796875,198.94932556152344,0,1,1,1,2
2024-12-29,70.5999984741211,74.16999816894531,3.5139999389648438,32.721500396728516,108.0,23275.6796875,198.94932556152344,0,1,1,1,2
2024-12-30,70.98999786376953,74.38999938964844,3.936000108718872,32.80849838256836,108.12999725341797,23190.19921875,197.72579956054688,0,1,1,1,2
2024-12-31,70.98999786376953,74.38999938964844,3.936000108718872,32.80849838256836,108.12999725341797,23190.19921875,197.72579956054688,0,1,1,1,2
